{
"type": "FeatureCollection",
"name": "Pachacoto",
"crs": { "type": "name", "properties": { "name": "urn:ogc:def:crs:OGC:1.3:CRS84" } },
"features": [
{ "type": "Feature", "properties": { "cat": 1, "value": 1, "label": null }, "geometry": { "type": "MultiPolygon", "coordinates": [ [ [ [ -77.23349688675988, -9.959096061750296 ], [ -77.233553863933167, -9.959095680739075 ], [ -77.234009681237183, -9.959092632300081 ], [ -77.234066273970441, -9.959035765712338 ], [ -77.234122866684118, -9.958978899119098 ], [ -77.23417945937824, -9.958922032520364 ], [ -77.234236052052793, -9.95886516591613 ], [ -77.234350006259291, -9.958864403649407 ], [ -77.234406598890118, -9.958807537024686 ], [ -77.234463191501376, -9.958750670394469 ], [ -77.234519784093067, -9.95869380375875 ], [ -77.234576376665217, -9.958636937117539 ], [ -77.23463296921777, -9.958580070470829 ], [ -77.234689561750756, -9.958523203818626 ], [ -77.234746154264187, -9.958466337160926 ], [ -77.234802746758049, -9.958409470497729 ], [ -77.234859339232329, -9.958352603829038 ], [ -77.234915931687055, -9.958295737154851 ], [ -77.235029885642888, -9.958294974699427 ], [ -77.235086478053901, -9.958238108004757 ], [ -77.235081863470953, -9.957560282559841 ], [ -77.235138455772486, -9.957503415883671 ], [ -77.235195048054464, -9.957446549202011 ], [ -77.235251640316875, -9.957389682514856 ], [ -77.235308232559717, -9.957332815822204 ], [ -77.235364824783005, -9.957275949124062 ], [ -77.235421416986725, -9.957219082420425 ], [ -77.235478009170876, -9.957162215711296 ], [ -77.235534601335473, -9.957105348996672 ], [ -77.235533832150537, -9.956992378118313 ], [ -77.235590424280588, -9.9569355114022 ], [ -77.235647016391056, -9.956878644680595 ], [ -77.235703608481984, -9.956821777953495 ], [ -77.235760200553329, -9.956764911220903 ], [ -77.235816792605121, -9.95670804448282 ], [ -77.235873384637344, -9.956651177739243 ], [ -77.235871846115245, -9.956425236028075 ], [ -77.235928438097943, -9.956368369287009 ], [ -77.235985030061101, -9.956311502540455 ], [ -77.236041622004663, -9.956254635788408 ], [ -77.236269528315148, -9.956253110380466 ], [ -77.236326120190867, -9.956196243592961 ], [ -77.236382712047018, -9.956139376799971 ], [ -77.236439303883628, -9.956082510001487 ], [ -77.236438534468206, -9.955969539186327 ], [ -77.23649512627027, -9.955912672386358 ], [ -77.236551718052766, -9.955855805580896 ], [ -77.236550179189564, -9.955629863964123 ], [ -77.236606770922549, -9.95557299716118 ], [ -77.236663362635952, -9.955516130352745 ], [ -77.236719954329828, -9.955459263538822 ], [ -77.236776546004123, -9.955402396719411 ], [ -77.236833137658863, -9.95534552989451 ], [ -77.237174995979245, -9.955343241121687 ], [ -77.237231587541984, -9.955286374246363 ], [ -77.237288179085155, -9.955229507365548 ], [ -77.237344770608772, -9.955172640479246 ], [ -77.23740136211282, -9.955115773587458 ], [ -77.237457953597314, -9.955058906690184 ], [ -77.237514545062254, -9.955002039787422 ], [ -77.237742450273529, -9.955000513565205 ], [ -77.237799041670598, -9.954943646627003 ], [ -77.237855633048127, -9.95488677968331 ], [ -77.237969585591699, -9.954886016484073 ], [ -77.238026176925501, -9.95482914951992 ], [ -77.238082768239749, -9.954772282550284 ], [ -77.238139359534443, -9.954715415575162 ], [ -77.238195950809569, -9.954658548594555 ], [ -77.23842385567599, -9.954657021959918 ], [ -77.238480446883258, -9.954600154943876 ], [ -77.238537038070987, -9.954543287922345 ], [ -77.238593629239148, -9.954486420895334 ], [ -77.238650220387726, -9.954429553862839 ], [ -77.238764172710589, -9.954428790427448 ], [ -77.238820763815468, -9.954371923374493 ], [ -77.238877354900794, -9.954315056316055 ], [ -77.238991307166174, -9.954314292811933 ], [ -77.239047898207787, -9.954257425733038 ], [ -77.239104489229859, -9.954200558648663 ], [ -77.239161850439828, -9.954256662175162 ], [ -77.239219211669351, -9.954312765687344 ], [ -77.239276572918442, -9.954368869185211 ], [ -77.239333934187087, -9.954424972668756 ], [ -77.239789743202991, -9.954421917763725 ], [ -77.239846334090529, -9.954365050576014 ], [ -77.239902924958514, -9.954308183382823 ], [ -77.23995951580693, -9.954251316184152 ], [ -77.240016106635792, -9.954194448979999 ], [ -77.240585867215984, -9.954190629176692 ], [ -77.240643228620499, -9.954246732393662 ], [ -77.240700590044582, -9.954302835596316 ], [ -77.241270350544681, -9.954299014585361 ], [ -77.241326941103281, -9.954242147207049 ], [ -77.241383531642313, -9.95418527982326 ], [ -77.241440122161777, -9.954128412433992 ], [ -77.2414967126617, -9.954071545039245 ], [ -77.241724616604159, -9.95407001624365 ], [ -77.241781207036226, -9.954013148813491 ], [ -77.24183779744871, -9.953956281377856 ], [ -77.24217965314854, -9.953953987803809 ], [ -77.242236243469009, -9.953897120317794 ], [ -77.242292833769923, -9.953840252826307 ], [ -77.242406785603166, -9.953839488194131 ], [ -77.242463375860368, -9.953782620682201 ], [ -77.242519966098016, -9.953725753164795 ], [ -77.242747869640283, -9.953724223724249 ], [ -77.24280445981006, -9.953667356171438 ], [ -77.242861049960283, -9.953610488613151 ], [ -77.242917640090951, -9.953553621049391 ], [ -77.242974230202051, -9.953496753480156 ], [ -77.243030820293598, -9.953439885905448 ], [ -77.24308741036559, -9.953383018325265 ], [ -77.243144000418027, -9.953326150739608 ], [ -77.243200590450911, -9.953269283148476 ], [ -77.243257180464241, -9.953212415551871 ], [ -77.243313770458002, -9.953155547949791 ], [ -77.243427721973788, -9.953154783021716 ], [ -77.243484311923851, -9.953097915399205 ], [ -77.243540901854345, -9.953041047771219 ], [ -77.243597491765286, -9.952984180137758 ], [ -77.243654081656672, -9.952927312498824 ], [ -77.243710671528504, -9.952870444854423 ], [ -77.243767261380782, -9.952813577204545 ], [ -77.243823851213506, -9.952756709549197 ], [ -77.243880441026675, -9.952699841888375 ], [ -77.243937030820291, -9.952642974222085 ], [ -77.243993620594352, -9.952586106550319 ], [ -77.244050210348846, -9.952529238873085 ], [ -77.244106800083799, -9.952472371190376 ], [ -77.244163389799198, -9.952415503502197 ], [ -77.244219979495043, -9.952358635808547 ], [ -77.244276569171319, -9.952301768109432 ], [ -77.244333158828056, -9.952244900404841 ], [ -77.244389748465238, -9.952188032694778 ], [ -77.244446338082867, -9.952131164979248 ], [ -77.244502927680927, -9.952074297258248 ], [ -77.244559517259447, -9.952017429531779 ], [ -77.244616106818413, -9.951960561799838 ], [ -77.244672696357824, -9.951903694062427 ], [ -77.244729285877682, -9.951846826319549 ], [ -77.244785875377971, -9.951789958571199 ], [ -77.244842464858735, -9.951733090817381 ], [ -77.24489905431993, -9.951676223058094 ], [ -77.244955643761571, -9.951619355293337 ], [ -77.245012233183672, -9.951562487523114 ], [ -77.245068822586219, -9.951505619747422 ], [ -77.245125411969198, -9.951448751966263 ], [ -77.245182001332637, -9.951391884179634 ], [ -77.245238590676522, -9.951335016387537 ], [ -77.245295180000852, -9.951278148589973 ], [ -77.245292863787469, -9.950939238107757 ], [ -77.245235502470223, -9.950883135726865 ], [ -77.245178141172516, -9.950827033331642 ], [ -77.245174281242569, -9.950262182463129 ], [ -77.24523087043697, -9.950205314711226 ], [ -77.245287459611845, -9.950148446953857 ], [ -77.245344048767151, -9.950091579191023 ], [ -77.245571949346498, -9.950090048378611 ], [ -77.245628538433962, -9.950033180580405 ], [ -77.245685127501858, -9.949976312776732 ], [ -77.245741716550228, -9.949919444967595 ], [ -77.245798305579029, -9.949862577152995 ], [ -77.24591225575827, -9.949861811628837 ], [ -77.245968844743373, -9.949804943793819 ], [ -77.246025433708937, -9.949748075953337 ], [ -77.246082022654946, -9.949691208107389 ], [ -77.246138611581401, -9.949634340255978 ], [ -77.246252561654828, -9.949633574633259 ], [ -77.246309150537584, -9.949576706761436 ], [ -77.246365739400787, -9.949519838884145 ], [ -77.246422328244449, -9.949462971001392 ], [ -77.246478917068558, -9.949406103113176 ], [ -77.246535505873126, -9.949349235219495 ], [ -77.246592094658141, -9.949292367320357 ], [ -77.246706044577422, -9.949291601569181 ], [ -77.246762633318752, -9.949234733649625 ], [ -77.246819222040514, -9.949177865724611 ], [ -77.247047121754832, -9.949176334046191 ], [ -77.247103710408737, -9.949119466085818 ], [ -77.247160299043102, -9.949062598119985 ], [ -77.247216887657913, -9.94900573014869 ], [ -77.247273476253184, -9.948948862171932 ], [ -77.247330064828915, -9.948891994189712 ], [ -77.247329292238248, -9.948779024172108 ], [ -77.247385880779476, -9.948722156188452 ], [ -77.247442469301177, -9.948665288199336 ], [ -77.24749905780331, -9.948608420204756 ], [ -77.247555646285917, -9.948551552204721 ], [ -77.247612234748971, -9.948494684199222 ], [ -77.24766882319247, -9.948437816188264 ], [ -77.247668050521384, -9.94832484619398 ], [ -77.247610689445892, -9.948268744201785 ], [ -77.247553328389955, -9.948212642195264 ], [ -77.247551783172057, -9.947986702184854 ], [ -77.247608371560418, -9.947929834199476 ], [ -77.247664959929239, -9.94787296620864 ], [ -77.247721548278506, -9.947816098212344 ], [ -77.247778136608247, -9.947759230210586 ], [ -77.24783472491842, -9.947702362203369 ], [ -77.247891313209081, -9.947645494190697 ], [ -77.24794790148016, -9.947588626172564 ], [ -77.248004489731727, -9.947531758148971 ], [ -77.24806107796374, -9.947474890119922 ], [ -77.248117666176199, -9.947418022085413 ], [ -77.248174254369118, -9.947361154045449 ], [ -77.248230842542497, -9.947304286000024 ], [ -77.248287430696337, -9.947247417949141 ], [ -77.248401379773739, -9.947246651776247 ], [ -77.24845796788388, -9.947189783704967 ], [ -77.248514555974481, -9.947132915628227 ], [ -77.248571144045528, -9.947076047546037 ], [ -77.248627732097034, -9.947019179458385 ], [ -77.248684320129001, -9.946962311365276 ], [ -77.248740908141414, -9.946905443266715 ], [ -77.248797496134316, -9.946848575162695 ], [ -77.248854084107649, -9.946791707053221 ], [ -77.248910672061442, -9.946734838938285 ], [ -77.248967259995695, -9.946677970817898 ], [ -77.249023847910408, -9.946621102692053 ], [ -77.249023074917787, -9.946508132791099 ], [ -77.24907966279801, -9.946451264663825 ], [ -77.249136250658722, -9.946394396531099 ], [ -77.24919283849988, -9.946337528392915 ], [ -77.24964863320838, -9.946334462512771 ], [ -77.249705220933365, -9.946277594309388 ], [ -77.249761808638823, -9.946220726100551 ], [ -77.249818396324741, -9.94616385788626 ], [ -77.24987498399112, -9.946106989666516 ], [ -77.249931571637958, -9.946050121441319 ], [ -77.249988159265257, -9.94599325321067 ], [ -77.250044746873002, -9.945936384974566 ], [ -77.250042427033634, -9.945597475494138 ], [ -77.250099014577074, -9.945540607264668 ], [ -77.250155602100946, -9.945483739029745 ], [ -77.250154055527801, -9.945257799388138 ], [ -77.250210643002305, -9.945200931155826 ], [ -77.250267230457254, -9.945144062918057 ], [ -77.250323817892692, -9.945087194674839 ], [ -77.250380405308576, -9.945030326426169 ], [ -77.25043699270492, -9.944973458172047 ], [ -77.250493580081724, -9.944916589912475 ], [ -77.250489713362555, -9.944351740914982 ], [ -77.250546300645198, -9.944294872670108 ], [ -77.250602887908315, -9.944238004419784 ], [ -77.250600567898005, -9.943899095035617 ], [ -77.250657155096818, -9.943842226791933 ], [ -77.250713742276091, -9.943785358542801 ], [ -77.250770329435838, -9.943728490288219 ], [ -77.250826916576031, -9.943671622028187 ], [ -77.250883503696699, -9.943614753762706 ], [ -77.250940090797826, -9.943557885491778 ], [ -77.250996677879414, -9.9435010172154 ], [ -77.251053264941476, -9.943444148933573 ], [ -77.251109851983998, -9.943387280646299 ], [ -77.25116643900698, -9.943330412353575 ], [ -77.251223026010422, -9.943273544055407 ], [ -77.251279612994338, -9.943216675751785 ], [ -77.251336199958729, -9.943159807442722 ], [ -77.25139278690358, -9.943102939128208 ], [ -77.251392013376375, -9.942989969388279 ], [ -77.251448600286778, -9.942933101072349 ], [ -77.251505187177628, -9.942876232750972 ], [ -77.251500546029291, -9.942198414342533 ], [ -77.251557132811115, -9.942141546039901 ], [ -77.251613719573399, -9.942084677731826 ], [ -77.251612946051154, -9.941971708002276 ], [ -77.25166953277899, -9.941914839692787 ], [ -77.251783479743054, -9.941914072774916 ], [ -77.251840066427221, -9.941857204445057 ], [ -77.251896653091848, -9.941800336109752 ], [ -77.251953239736935, -9.941743467769001 ], [ -77.252009826362496, -9.941686599422807 ], [ -77.252066412968531, -9.941629731071169 ], [ -77.252122999555027, -9.941572862714082 ], [ -77.252179586121997, -9.941515994351553 ], [ -77.252236172669427, -9.941459125983583 ], [ -77.252292759197346, -9.941402257610166 ], [ -77.2522919854961, -9.941289287929013 ], [ -77.252348571989572, -9.941232419554185 ], [ -77.252405158463503, -9.941175551173915 ], [ -77.252402063631649, -9.940723672473359 ], [ -77.252344703547408, -9.940667571156268 ], [ -77.252287343482692, -9.940611469824853 ], [ -77.25228502260066, -9.940272560761699 ], [ -77.252227662627917, -9.940216459401388 ], [ -77.252170302674699, -9.940160358026748 ], [ -77.252169529114113, -9.940047388327681 ], [ -77.25211216920458, -9.939991286933861 ], [ -77.252054809314558, -9.939935185525709 ], [ -77.25204939498704, -9.939144397541329 ], [ -77.251992035285582, -9.939088296084876 ], [ -77.251934675603621, -9.939032194614096 ], [ -77.251926168819921, -9.937789527593527 ], [ -77.251982754923603, -9.937732659388478 ], [ -77.252039341007745, -9.937675791177991 ], [ -77.252095927072389, -9.937618922962065 ], [ -77.252152513117494, -9.937562054740694 ], [ -77.252209099143073, -9.937505186513883 ], [ -77.252323044537832, -9.937504419748958 ], [ -77.252379630519741, -9.937447551501796 ], [ -77.252378857102684, -9.937334581800819 ], [ -77.252435443050189, -9.93727771355225 ], [ -77.252777278917051, -9.93727541296238 ], [ -77.252833864772597, -9.937218544663637 ], [ -77.252890450608632, -9.937161676359452 ], [ -77.253004395830814, -9.937160909388915 ], [ -77.253060981623179, -9.937104041064384 ], [ -77.253117567396032, -9.937047172734413 ], [ -77.253345457716151, -9.937045638617557 ], [ -77.253402043421175, -9.936988770252329 ], [ -77.253458629106703, -9.936931901881662 ], [ -77.253686519293311, -9.936930367550321 ], [ -77.25374310491101, -9.936873499144401 ], [ -77.253799690509197, -9.936816630733043 ], [ -77.253856276087873, -9.936759762316248 ], [ -77.253912861647009, -9.936702893894021 ], [ -77.253969447186634, -9.936646025466352 ], [ -77.254026032706733, -9.936589157033254 ], [ -77.25408261820732, -9.936532288594714 ], [ -77.254139203688382, -9.936475420150744 ], [ -77.254708928027483, -9.936471583048629 ], [ -77.254765513368298, -9.936414714524689 ], [ -77.254822098689615, -9.93635784599531 ], [ -77.254936043481408, -9.93635707842895 ], [ -77.254992628759055, -9.936300209879235 ], [ -77.255049214017177, -9.936243341324088 ], [ -77.255618937596068, -9.936239502762596 ], [ -77.255675522713943, -9.936182634127492 ], [ -77.255732107812321, -9.936125765486956 ], [ -77.255788692891159, -9.93606889684099 ], [ -77.255845277950485, -9.936012028189591 ], [ -77.255959222541946, -9.936011260301553 ], [ -77.256015807557603, -9.935954391629823 ], [ -77.256072392553733, -9.93589752295266 ], [ -77.256128977530352, -9.935840654270065 ], [ -77.256185562487445, -9.935783785582037 ], [ -77.256242147425041, -9.935726916888582 ], [ -77.256298732343112, -9.935670048189698 ], [ -77.256526621208536, -9.935668512118678 ], [ -77.256583206058792, -9.93561164338456 ], [ -77.256639790889523, -9.935554774645011 ], [ -77.257095568316203, -9.935551701919298 ], [ -77.257152153030844, -9.935494833114721 ], [ -77.257208737725946, -9.935437964304713 ], [ -77.257265322401551, -9.93538109548928 ], [ -77.25732190705763, -9.935324226668421 ], [ -77.257378491694197, -9.935267357842131 ], [ -77.257435076311225, -9.935210489010414 ], [ -77.257491660908755, -9.935153620173272 ], [ -77.25754824548676, -9.935096751330699 ], [ -77.257662189627126, -9.935095982933319 ], [ -77.257718774161475, -9.935039114070422 ], [ -77.257775358676298, -9.934982245202098 ], [ -77.25783194317161, -9.934925376328351 ], [ -77.25788852764741, -9.934868507449176 ], [ -77.25794511210367, -9.934811638564573 ], [ -77.258001696540433, -9.934754769674546 ], [ -77.258115640526654, -9.934754001149081 ], [ -77.258172224919761, -9.934697132238728 ], [ -77.258228809293328, -9.934640263322956 ], [ -77.258285393647398, -9.934583394401756 ], [ -77.258284618431446, -9.934470425143022 ], [ -77.258341202751112, -9.934413556220443 ], [ -77.258397787051251, -9.934356687292437 ], [ -77.258393135771414, -9.933678871771365 ], [ -77.258449719962726, -9.933622002862206 ], [ -77.258506304134514, -9.933565133947624 ], [ -77.258505528923848, -9.933452164699336 ], [ -77.258562113061245, -9.933395295783377 ], [ -77.258618697179116, -9.933338426861996 ], [ -77.25867528127749, -9.933281557935191 ], [ -77.258731865356339, -9.933224689002964 ], [ -77.258788449415675, -9.933167820065313 ], [ -77.258845033455501, -9.93311095112224 ], [ -77.258901617475814, -9.933054082173742 ], [ -77.258958201476602, -9.932997213219824 ], [ -77.258956650844908, -9.932771274785518 ], [ -77.259013234796427, -9.932714405834268 ], [ -77.259069818728435, -9.932657536877604 ], [ -77.259069043396707, -9.932544567667314 ], [ -77.259125627294324, -9.93248769870927 ], [ -77.259182211172416, -9.932430829745805 ], [ -77.259180660477242, -9.932204891338952 ], [ -77.259237244306064, -9.93214802237816 ], [ -77.259293828115375, -9.93209115341195 ], [ -77.259293052751929, -9.931978184215385 ], [ -77.259349636526849, -9.9319213152478 ], [ -77.259406220282258, -9.931864446274792 ], [ -77.259462804018156, -9.931807577296368 ], [ -77.259519387734542, -9.931750708312521 ], [ -77.259518612320832, -9.931637739131329 ], [ -77.259575196002828, -9.93158087014611 ], [ -77.259631779665312, -9.931524001155474 ], [ -77.2596883633083, -9.931467132159415 ], [ -77.259744946931761, -9.93141026315794 ], [ -77.259744171467801, -9.931297293992117 ], [ -77.259800755056887, -9.931240424989269 ], [ -77.25985733862646, -9.931183555981006 ], [ -77.259913922176509, -9.931126686967319 ], [ -77.259970505707059, -9.931069817948218 ], [ -77.260027089218099, -9.931012948923698 ], [ -77.260083672709641, -9.930956079893758 ], [ -77.260082897165688, -9.930843110751406 ], [ -77.260139480622826, -9.930786241720101 ], [ -77.260196064060466, -9.930729372683373 ], [ -77.260252647478609, -9.93067250364123 ], [ -77.260309230877212, -9.930615634593668 ], [ -77.260308455283024, -9.930502665466694 ], [ -77.260365038647265, -9.930445796417768 ], [ -77.260421621991981, -9.93038892736342 ], [ -77.260420846377315, -9.930275958243726 ], [ -77.260477429687668, -9.930219089188016 ], [ -77.260534012978496, -9.930162220126885 ], [ -77.260531686100819, -9.929823312787178 ], [ -77.260588269327542, -9.929766443732781 ], [ -77.260644852534753, -9.929709574672971 ], [ -77.260701435722439, -9.929652705607744 ], [ -77.260758018890641, -9.9295958365371 ], [ -77.260814602039318, -9.929538967461042 ], [ -77.260871185168511, -9.92948209837957 ], [ -77.260927768278179, -9.929425229292685 ], [ -77.261041710189488, -9.92942446018027 ], [ -77.261098293255515, -9.929367591073088 ], [ -77.261154876302029, -9.929310721960492 ], [ -77.261211459329047, -9.929253852842482 ], [ -77.26121068353396, -9.929140883777031 ], [ -77.261267266526616, -9.929084014657656 ], [ -77.261323849499746, -9.929027145532872 ], [ -77.261380432453379, -9.928970276402671 ], [ -77.2614370153875, -9.928913407267057 ], [ -77.261493598302124, -9.928856538126032 ], [ -77.261550181197236, -9.928799668979591 ], [ -77.261606764072852, -9.92874279982774 ], [ -77.261663346928955, -9.928685930670474 ], [ -77.261719929765562, -9.928629061507797 ], [ -77.261776512582657, -9.928572192339706 ], [ -77.261833095380254, -9.928515323166206 ], [ -77.26188967815834, -9.92845845398729 ], [ -77.261946260916929, -9.928401584802964 ], [ -77.26200284365602, -9.928344715613227 ], [ -77.262002067662038, -9.928231746603682 ], [ -77.262058650366754, -9.928174877412584 ], [ -77.262115233051958, -9.928118008216078 ], [ -77.262112905036474, -9.927779101206836 ], [ -77.262169487657587, -9.927722232017077 ], [ -77.262226070259189, -9.927665362821907 ], [ -77.262282652841293, -9.927608493621326 ], [ -77.2623392354039, -9.927551624415335 ], [ -77.262337683321022, -9.927325686437499 ], [ -77.262394265834388, -9.927268817234205 ], [ -77.262450848328271, -9.927211948025503 ], [ -77.262507430802629, -9.92715507881139 ], [ -77.262564013257489, -9.927098209591867 ], [ -77.262563237170511, -9.926985240617933 ], [ -77.262619819591023, -9.926928371397057 ], [ -77.262676401992024, -9.926871502170769 ], [ -77.26267484978645, -9.926645564236658 ], [ -77.26273143213821, -9.926588695013072 ], [ -77.262788014470487, -9.926531825784075 ], [ -77.262844596783268, -9.926474956549672 ], [ -77.26290117907655, -9.926418087309861 ], [ -77.262957761350322, -9.926361218064642 ], [ -77.263014343604596, -9.926304348814012 ], [ -77.263070925839386, -9.926247479557977 ], [ -77.263127508054652, -9.926190610296535 ], [ -77.263184090250434, -9.926133741029689 ], [ -77.263298030845121, -9.926132971402636 ], [ -77.263354612997276, -9.926076102115513 ], [ -77.263411195129905, -9.926019232822981 ], [ -77.263467777243065, -9.925962363525041 ], [ -77.263524359336714, -9.9259054942217 ], [ -77.263580941410851, -9.925848624912952 ], [ -77.263580165074927, -9.925735656010362 ], [ -77.263636747114731, -9.92567878670026 ], [ -77.263750687516321, -9.925678016954267 ], [ -77.263807269512455, -9.925621147623898 ], [ -77.263863851489134, -9.925564278288119 ], [ -77.264091732167898, -9.925562738620668 ], [ -77.264148314076778, -9.925505869249754 ], [ -77.264204895966174, -9.925448999873437 ], [ -77.264432776511271, -9.925447459991862 ], [ -77.264490134952922, -9.925503559413995 ], [ -77.264547493414071, -9.925559658821786 ], [ -77.26477537398145, -9.925558118690354 ], [ -77.264832732491826, -9.925614218036209 ], [ -77.26489009102167, -9.92567031736772 ], [ -77.264947449571039, -9.925726416684897 ], [ -77.265004808139878, -9.925782515987731 ], [ -77.265062166728242, -9.925838615276223 ], [ -77.26511952533609, -9.925894714550378 ], [ -77.265176883963449, -9.925950813810193 ], [ -77.265177660863884, -9.926063782586059 ], [ -77.265235019534884, -9.926119881826654 ], [ -77.265292378225368, -9.926175981052907 ], [ -77.265349736935349, -9.926232080264821 ], [ -77.265407095664841, -9.926288179462393 ], [ -77.265464454413831, -9.926344278645626 ], [ -77.265521813182318, -9.926400377814517 ], [ -77.265579171970302, -9.926456476969065 ], [ -77.265636530777783, -9.926512576109271 ], [ -77.265693889604762, -9.926568675235137 ], [ -77.265751248451252, -9.92662477434666 ], [ -77.26580860731724, -9.926680873443845 ], [ -77.265865966202725, -9.92673697252668 ], [ -77.265923325107707, -9.926793071595176 ], [ -77.265980684032186, -9.92684917064933 ], [ -77.266038042976177, -9.926905269689142 ], [ -77.266095401939651, -9.926961368714608 ], [ -77.266152760922651, -9.927017467725733 ], [ -77.266210119925134, -9.927073566722513 ], [ -77.266267478947128, -9.927129665704953 ], [ -77.26632483798862, -9.927185764673048 ], [ -77.266382197049595, -9.927241863626794 ], [ -77.266439556130095, -9.9272979625662 ], [ -77.266496915230078, -9.927354061491261 ], [ -77.266554274349573, -9.92741016040198 ], [ -77.266611633488566, -9.927466259298354 ], [ -77.26666899264707, -9.927522358180379 ], [ -77.266726351825071, -9.927578457048066 ], [ -77.266783711022555, -9.927634555901403 ], [ -77.266841070239565, -9.927690654740397 ], [ -77.266898429476058, -9.927746753565048 ], [ -77.266955788732076, -9.927802852375349 ], [ -77.267013148007578, -9.927858951171304 ], [ -77.267070507302591, -9.927915049952915 ], [ -77.267127866617102, -9.927971148720179 ], [ -77.267185225951124, -9.9280272474731 ], [ -77.267242585304643, -9.92808334621167 ], [ -77.26729994467766, -9.928139444935894 ], [ -77.267357304070188, -9.928195543645776 ], [ -77.267414663482214, -9.928251642341305 ], [ -77.267472022913736, -9.928307741022492 ], [ -77.267529382364771, -9.928363839689327 ], [ -77.267586741835302, -9.928419938341818 ], [ -77.267644101325345, -9.928476036979962 ], [ -77.267701460834886, -9.928532135603756 ], [ -77.267758820363952, -9.928588234213203 ], [ -77.267816179912501, -9.9286443328083 ], [ -77.267873539480547, -9.928700431389052 ], [ -77.267930899068105, -9.928756529955454 ], [ -77.267988258675175, -9.928812628507506 ], [ -77.268045618301727, -9.928868727045209 ], [ -77.268102977947805, -9.928924825568565 ], [ -77.268160337613395, -9.928980924077576 ], [ -77.268217697298468, -9.92903702257223 ], [ -77.268445579689356, -9.929035479411368 ], [ -77.268502939423655, -9.929091577844046 ], [ -77.268560299177452, -9.929147676262376 ], [ -77.269357887460529, -9.929142273647571 ], [ -77.269414468733999, -9.929085403462938 ], [ -77.269471049987942, -9.929028533272907 ], [ -77.269812873253343, -9.929026217197212 ], [ -77.269869454415328, -9.928969346957199 ], [ -77.269926035557802, -9.92891247671179 ], [ -77.270039976579341, -9.92891170457948 ], [ -77.270096557678158, -9.928854834313814 ], [ -77.270153138757465, -9.928797964042753 ], [ -77.270209719817259, -9.928741093766295 ], [ -77.270266300857543, -9.92868422348444 ], [ -77.270322881878343, -9.928627353197195 ], [ -77.270379462879632, -9.928570482904549 ], [ -77.270436043861423, -9.928513612606512 ], [ -77.270492624823703, -9.928456742303077 ], [ -77.270549205766486, -9.928399871994246 ], [ -77.270548426837706, -9.928286903656167 ], [ -77.270605007746127, -9.928230033346011 ], [ -77.270661588635065, -9.928173163030463 ], [ -77.270657693982358, -9.927608321368451 ], [ -77.270714274777532, -9.927551451067858 ], [ -77.270770855553209, -9.927494580761868 ], [ -77.270770076620906, -9.927381612435145 ], [ -77.27082665736225, -9.927324742127833 ], [ -77.270883238084068, -9.927267871815125 ], [ -77.270939818786402, -9.92721100149703 ], [ -77.270996399469226, -9.927154131173543 ], [ -77.270995620486843, -9.927041162862277 ], [ -77.271052201135333, -9.926984292537464 ], [ -77.271108781764312, -9.926927422207259 ], [ -77.271165362373793, -9.926870551871662 ], [ -77.271221942963777, -9.926813681530673 ], [ -77.271278523534249, -9.926756811184292 ], [ -77.27150640386246, -9.926755266293297 ], [ -77.271562984365133, -9.926698395911817 ], [ -77.271619564848308, -9.926641525524948 ], [ -77.271733504950134, -9.926640752991739 ], [ -77.27179008538964, -9.926583882584628 ], [ -77.271846665809662, -9.926527012172125 ], [ -77.271904025457999, -9.9265831099979 ], [ -77.271961385125849, -9.926639207809323 ], [ -77.272018744813195, -9.926695305606387 ], [ -77.272076104520025, -9.926751403389099 ], [ -77.27264580494473, -9.926747539518185 ], [ -77.27270316474528, -9.926803637167454 ], [ -77.272760524565328, -9.926859734802369 ], [ -77.272988404729361, -9.926858188888049 ], [ -77.273045764598592, -9.926914286460971 ], [ -77.273103124487321, -9.926970384019533 ], [ -77.273217064585054, -9.92696961095673 ], [ -77.273274424508116, -9.927025708477117 ], [ -77.273331784450704, -9.927081805983148 ], [ -77.273389144412775, -9.927137903474822 ], [ -77.273446504394343, -9.927194000952136 ], [ -77.273560444542113, -9.927193227755385 ], [ -77.273617804558029, -9.927249325194522 ], [ -77.273675164593442, -9.927305422619302 ], [ -77.273732524648366, -9.927361520029725 ], [ -77.273789884722788, -9.927417617425787 ], [ -77.273847244816707, -9.927473714807487 ], [ -77.273904604930124, -9.927529812174832 ], [ -77.274246425584607, -9.927527491923771 ], [ -77.274303785762058, -9.927583589205289 ], [ -77.274361145959006, -9.927639686472448 ], [ -77.274418506175451, -9.927695783725248 ], [ -77.274475866411393, -9.927751880963687 ], [ -77.274703746919812, -9.927750333745699 ], [ -77.274761107204952, -9.927806430922132 ], [ -77.274818467509576, -9.927862528084203 ], [ -77.275160288291318, -9.927860206824233 ], [ -77.275217648659961, -9.927916303900467 ], [ -77.275275009048116, -9.927972400962339 ], [ -77.275332369455768, -9.92802849800985 ], [ -77.275389729882932, -9.928084595042996 ], [ -77.275447090329578, -9.928140692061785 ], [ -77.275504450795736, -9.928196789066208 ], [ -77.275561811281392, -9.928252886056267 ], [ -77.275619171786559, -9.928308983031965 ], [ -77.275676532311223, -9.9283650799933 ], [ -77.275733892855399, -9.928421176940271 ], [ -77.275791253419072, -9.928477273872877 ], [ -77.275848614002243, -9.92853337079112 ], [ -77.275905974604939, -9.928589467695 ], [ -77.275963335227104, -9.928645564584517 ], [ -77.276020695868809, -9.928701661459668 ], [ -77.276078056529983, -9.928757758320456 ], [ -77.276135417210682, -9.928813855166878 ], [ -77.276192777910893, -9.928869951998935 ], [ -77.276250138630573, -9.928926048816631 ], [ -77.276307499369793, -9.928982145619957 ], [ -77.276364860128496, -9.92903824240892 ], [ -77.27642222090671, -9.929094339183518 ], [ -77.276479581704436, -9.929150435943747 ], [ -77.276536942521645, -9.929206532689616 ], [ -77.276594303358394, -9.929262629421117 ], [ -77.276651664214612, -9.92931872613825 ], [ -77.276709025090355, -9.929374822841018 ], [ -77.276766385985596, -9.92943091952942 ], [ -77.277336089179215, -9.929427046653348 ], [ -77.277393450168162, -9.929483143208225 ], [ -77.277450811176607, -9.929539239748733 ], [ -77.277508172204548, -9.929595336274872 ], [ -77.277565533251988, -9.929651432786642 ], [ -77.277622894318952, -9.929707529284048 ], [ -77.277680255405414, -9.929763625767086 ], [ -77.277737616511388, -9.929819722235752 ], [ -77.277794977636859, -9.929875818690046 ], [ -77.277852338781841, -9.929931915129979 ], [ -77.277909699946321, -9.929988011555537 ], [ -77.278821225757511, -9.929981811035784 ], [ -77.278878587060191, -9.930037907256295 ], [ -77.278935948382383, -9.930094003462429 ], [ -77.279163829801092, -9.930092452850333 ], [ -77.279221191172454, -9.930148548994422 ], [ -77.279278552563326, -9.930204645124144 ], [ -77.27973431540731, -9.930201543245079 ], [ -77.279790894629912, -9.930144671668078 ], [ -77.279847473833001, -9.930087800085705 ], [ -77.279904835293351, -9.930143896086763 ], [ -77.279962196773226, -9.930199992073454 ], [ -77.280076137442165, -9.930199216429623 ], [ -77.280133498956374, -9.930255312378099 ], [ -77.280190860490109, -9.930311408312201 ], [ -77.280418741859265, -9.930309856813132 ], [ -77.280476103442155, -9.930365952685179 ], [ -77.280533465044542, -9.930422048542855 ], [ -77.280647405744773, -9.930421272687617 ], [ -77.280703984803594, -9.930364400983702 ], [ -77.280760563842904, -9.93030752927441 ], [ -77.280817142862702, -9.930250657559743 ], [ -77.280873721863003, -9.930193785839698 ], [ -77.280930300843778, -9.930136914114277 ], [ -77.28098687980507, -9.930080042383484 ], [ -77.281100820350858, -9.930079266400515 ], [ -77.281157399268452, -9.930022394649503 ], [ -77.281213978166534, -9.929965522893117 ], [ -77.281783680513342, -9.929961642249664 ], [ -77.281840259271021, -9.929904770413707 ], [ -77.281896838009175, -9.929847898572376 ], [ -77.281953416727845, -9.929791026725672 ], [ -77.282009995427003, -9.929734154873593 ], [ -77.282066574106636, -9.929677283016142 ], [ -77.282123152766786, -9.929620411153314 ], [ -77.282179731407425, -9.92956353928512 ], [ -77.282236310028551, -9.929506667411548 ], [ -77.282292888630181, -9.929449795532605 ], [ -77.282349467212299, -9.92939292364829 ], [ -77.282919168116067, -9.929389041295973 ], [ -77.282975746557767, -9.929332169332106 ], [ -77.283032324979956, -9.929275297362871 ], [ -77.283715965465419, -9.929270637085699 ], [ -77.283772543723003, -9.929213765022087 ], [ -77.283829121961077, -9.929156892953106 ], [ -77.283885700179653, -9.929100020878755 ], [ -77.283942278378731, -9.929043148799035 ], [ -77.284056218330122, -9.929042371891466 ], [ -77.284112796485516, -9.928985499791548 ], [ -77.284169374621385, -9.928928627686261 ], [ -77.284283314515051, -9.928927850710355 ], [ -77.28433989260725, -9.928870978584866 ], [ -77.284339108911993, -9.928758011338186 ], [ -77.284395686969859, -9.928701139211428 ], [ -77.284452265008213, -9.928644267079299 ], [ -77.284508843027083, -9.928587394941804 ], [ -77.284622782775628, -9.928586617876912 ], [ -77.2846793607508, -9.928529745719221 ], [ -77.284735938706461, -9.928472873556162 ], [ -77.284792516642611, -9.928416001387735 ], [ -77.284849094559277, -9.928359129213945 ], [ -77.284905672456446, -9.928302257034785 ], [ -77.284962250334104, -9.928245384850262 ], [ -77.285076189928162, -9.928244607657716 ], [ -77.285132767762136, -9.928187735452999 ], [ -77.285189345576597, -9.928130863242913 ], [ -77.285417224639886, -9.928129308682493 ], [ -77.285473802386477, -9.92807243643739 ], [ -77.28553038011357, -9.928015564186918 ], [ -77.285644319582801, -9.928014786819043 ], [ -77.285701681363932, -9.928070881692619 ], [ -77.28575904316456, -9.928126976551814 ], [ -77.286214801066293, -9.928123866502824 ], [ -77.286271378643562, -9.928066994153932 ], [ -77.286327956201347, -9.928010121799675 ], [ -77.286555834999206, -9.928008566483838 ], [ -77.28661241248912, -9.927951694094569 ], [ -77.286668989959509, -9.927894821699939 ], [ -77.287010807940888, -9.927892488347192 ], [ -77.287067385319219, -9.927835615902724 ], [ -77.287123962678038, -9.927778743452897 ], [ -77.287180540017374, -9.92772187099771 ], [ -77.287237117337199, -9.927664998537155 ], [ -77.287293694637526, -9.927608126071245 ], [ -77.287350271918342, -9.927551253599972 ], [ -77.287578150235447, -9.92754969766024 ], [ -77.287634727448392, -9.927492825153964 ], [ -77.287691304641839, -9.927435952642325 ], [ -77.287805243737949, -9.927435174584812 ], [ -77.287861820887713, -9.927378302052992 ], [ -77.287918398017965, -9.927321429515816 ], [ -77.287974975128719, -9.927264556973279 ], [ -77.288031552219962, -9.927207684425383 ], [ -77.288088129291722, -9.92715081187213 ], [ -77.288144706343985, -9.927093939313513 ], [ -77.288201283376736, -9.927037066749547 ], [ -77.28825786038999, -9.926980194180217 ], [ -77.288485738167026, -9.92697863771205 ], [ -77.288542315112409, -9.926921765107721 ], [ -77.28859889203828, -9.926864892498035 ], [ -77.288655468944654, -9.926808019882998 ], [ -77.288654683936059, -9.926695052964352 ], [ -77.288711260808128, -9.926638180348061 ], [ -77.2887678376607, -9.926581307726408 ], [ -77.288764697601607, -9.926129440076471 ], [ -77.288821274375451, -9.926072567465878 ], [ -77.289277028456439, -9.926069453890525 ], [ -77.289333605114038, -9.926012581215314 ], [ -77.289390181752125, -9.925955708534751 ], [ -77.28944675837073, -9.925898835848832 ], [ -77.289503334969837, -9.925841963157556 ], [ -77.289617273369856, -9.925841184607794 ], [ -77.289673849925265, -9.925784311896351 ], [ -77.28973042646119, -9.925727439179555 ], [ -77.289787002977619, -9.925670566457406 ], [ -77.289843579474535, -9.925613693729899 ], [ -77.289900155951969, -9.925556820997038 ], [ -77.289956732409905, -9.925499948258826 ], [ -77.29001330884833, -9.925443075515265 ], [ -77.290011738129849, -9.925217141874235 ], [ -77.290068314519189, -9.925160269133531 ], [ -77.290182252638331, -9.925159490444669 ], [ -77.290238828983973, -9.925102617683798 ], [ -77.290295405310133, -9.925045744917577 ], [ -77.290409343371508, -9.92504496616043 ], [ -77.290465919653968, -9.924988093374044 ], [ -77.290522495916946, -9.924931220582309 ], [ -77.290579072160426, -9.92487434778522 ], [ -77.290635648384409, -9.924817474982785 ], [ -77.290692224588909, -9.924760602174993 ], [ -77.290748800773898, -9.924703729361847 ], [ -77.290862738680744, -9.924702950477178 ], [ -77.290919314822048, -9.924646077643873 ], [ -77.290918529211908, -9.924533110890319 ], [ -77.290975105318935, -9.924476238055776 ], [ -77.291031681406452, -9.924419365215881 ], [ -77.291030895776117, -9.924306398469724 ], [ -77.291087471829357, -9.924249525628587 ], [ -77.291144047863099, -9.924192652782104 ], [ -77.291200623877344, -9.924135779930269 ], [ -77.291257199872078, -9.924078907073088 ], [ -77.291313775847343, -9.924022034210552 ], [ -77.291427713473311, -9.924021255186831 ], [ -77.291484289404877, -9.923964382304142 ], [ -77.291540865316961, -9.923907509416102 ], [ -77.291654802885148, -9.923906730324109 ], [ -77.291711378753547, -9.923849857415918 ], [ -77.291767954602449, -9.923792984502375 ], [ -77.291824530431867, -9.923736111583484 ], [ -77.291881106241789, -9.923679238659251 ], [ -77.291995043703807, -9.923678459469375 ], [ -77.292051619470058, -9.923621586524986 ], [ -77.292108195216798, -9.923564713575248 ], [ -77.292164770944055, -9.923507840620164 ], [ -77.292221346651829, -9.923450967659731 ], [ -77.292335284007692, -9.923450188371985 ], [ -77.292391859671767, -9.923393315391399 ], [ -77.292448435316359, -9.923336442405471 ], [ -77.292505010941454, -9.923279569414197 ], [ -77.292561586547066, -9.923222696417575 ], [ -77.292618162133181, -9.923165823415607 ], [ -77.292674737699798, -9.923108950408295 ], [ -77.292788674901146, -9.923108170993073 ], [ -77.292845250424079, -9.923051297965612 ], [ -77.29290182592753, -9.922994424932803 ], [ -77.292958401411482, -9.922937551894655 ], [ -77.293014976875952, -9.922880678851161 ], [ -77.293071552320939, -9.92282380580232 ], [ -77.293128127746428, -9.922766932748132 ], [ -77.293583875877204, -9.922763814345471 ], [ -77.293641237581852, -9.922819907776372 ], [ -77.293698599305998, -9.922876001192876 ], [ -77.294154347404643, -9.922872881981002 ], [ -77.294211709207431, -9.922928975287707 ], [ -77.294269071029717, -9.922985068580022 ], [ -77.29575025169548, -9.92297492625031 ], [ -77.29580761372948, -9.923031019218138 ], [ -77.29586497578299, -9.923087112171567 ], [ -77.295921550652707, -9.923030238744513 ], [ -77.295920763458838, -9.922917272377605 ], [ -77.295977338294293, -9.92286039894933 ], [ -77.296091275144917, -9.922859618431319 ], [ -77.296147849936659, -9.922802744982913 ], [ -77.296204424708918, -9.922745871529163 ], [ -77.296260999461694, -9.922688998070081 ], [ -77.296317574194987, -9.922632124605657 ], [ -77.296374148908782, -9.922575251135896 ], [ -77.296430723603081, -9.922518377660799 ], [ -77.296487298277896, -9.922461504180362 ], [ -77.296486510936205, -9.922348537854647 ], [ -77.296543085576744, -9.922291664372993 ], [ -77.2966570221854, -9.922290883707035 ], [ -77.296713596782254, -9.922234010205251 ], [ -77.296712809381432, -9.922121043896015 ], [ -77.29676938394401, -9.922064170393014 ], [ -77.296825958487119, -9.922007296884678 ], [ -77.296825171066132, -9.921894330582861 ], [ -77.296881745574964, -9.921837457073307 ], [ -77.296995681999476, -9.921836676327652 ], [ -77.29705225646461, -9.921779802797975 ], [ -77.297108830910275, -9.921722929262957 ], [ -77.297165405336429, -9.921666055722609 ], [ -77.297221979743114, -9.921609182176924 ], [ -77.297278554130301, -9.921552308625904 ], [ -77.297335128498005, -9.921495435069549 ], [ -77.297391702846213, -9.921438561507859 ], [ -77.297448277174951, -9.921381687940835 ], [ -77.297504851484192, -9.921324814368477 ], [ -77.297504063885853, -9.921211848116112 ], [ -77.297560638160832, -9.921154974542544 ], [ -77.297617212416313, -9.921098100963638 ], [ -77.297673786652311, -9.9210412273794 ], [ -77.297730360868826, -9.92098435378983 ], [ -77.297786935065858, -9.920927480194923 ], [ -77.297843509243407, -9.920870606594685 ], [ -77.297900083401444, -9.920813732989114 ], [ -77.297956657540027, -9.92075685937821 ], [ -77.298013231659112, -9.920699985761976 ], [ -77.298069805758701, -9.920643112140406 ], [ -77.298069018022034, -9.920530145928442 ], [ -77.298125592087359, -9.920473272305665 ], [ -77.298182166133202, -9.920416398677556 ], [ -77.298238740159576, -9.920359525044114 ], [ -77.298295314166452, -9.92030265140534 ], [ -77.29829452638009, -9.920189685209051 ], [ -77.298351100352718, -9.92013281156907 ], [ -77.298407674305849, -9.920075937923755 ], [ -77.298464248239497, -9.920019064273109 ], [ -77.298520822153662, -9.919962190617138 ], [ -77.298520034317633, -9.919849224436518 ], [ -77.298576608197536, -9.919792350779336 ], [ -77.298633182057969, -9.919735477116824 ], [ -77.298689755898906, -9.919678603448983 ], [ -77.298746329720359, -9.919621729775811 ], [ -77.298802903522343, -9.919564856097308 ], [ -77.298859477304831, -9.919507982413476 ], [ -77.29885632570037, -9.919056117781771 ], [ -77.298912899404286, -9.918999244109107 ], [ -77.298969473088732, -9.918942370431115 ], [ -77.298967109395704, -9.918603471973462 ], [ -77.299023683016344, -9.918546598302514 ], [ -77.299137618131752, -9.918545817085633 ], [ -77.299194191708736, -9.918488943394577 ], [ -77.299250765266208, -9.918432069698191 ], [ -77.299307338804226, -9.918375195996481 ], [ -77.299363912322761, -9.918318322289439 ], [ -77.299477847331971, -9.918317540974803 ], [ -77.299534420806822, -9.918260667247653 ], [ -77.299590994262189, -9.918203793515181 ], [ -77.299818864155569, -9.918202230710889 ], [ -77.299876225705319, -9.918258323027612 ], [ -77.299933587274552, -9.918314415329927 ], [ -77.300845066707183, -9.918308162185834 ], [ -77.300901639891705, -9.918251288281343 ], [ -77.300958213056731, -9.918194414371527 ], [ -77.301014786202288, -9.918137540456392 ], [ -77.301071359328361, -9.91808066653593 ], [ -77.301127932434952, -9.918023792610143 ], [ -77.301184505522059, -9.917966918679037 ], [ -77.301241078589683, -9.917910044742602 ], [ -77.301297651637853, -9.917853170800848 ], [ -77.301354224666511, -9.917796296853767 ], [ -77.3014107976757, -9.917739422901368 ], [ -77.301467370665421, -9.917682548943642 ], [ -77.301523943635644, -9.917625674980595 ], [ -77.301580516586412, -9.917568801012226 ], [ -77.301637089517669, -9.917511927038536 ], [ -77.301693662429471, -9.917455053059523 ], [ -77.301750235321791, -9.917398179075185 ], [ -77.301806808194627, -9.917341305085527 ], [ -77.30186338104798, -9.917284431090549 ], [ -77.301919953881864, -9.91722755709025 ], [ -77.301976526696251, -9.917170683084628 ], [ -77.302033099491183, -9.917113809073683 ], [ -77.302089672266632, -9.917056935057419 ], [ -77.302146245022598, -9.917000061035836 ], [ -77.302202817759081, -9.916943187008933 ], [ -77.302259390476095, -9.916886312976708 ], [ -77.302315963173626, -9.916829438939159 ], [ -77.302372535851674, -9.916772564896295 ], [ -77.302429108510253, -9.916715690848106 ], [ -77.302485681149349, -9.916658816794605 ], [ -77.302542253768976, -9.916601942735779 ], [ -77.30259882636912, -9.916545068671633 ], [ -77.302655398949781, -9.916488194602172 ], [ -77.302711971510988, -9.916431320527391 ], [ -77.302768544052697, -9.916374446447287 ], [ -77.302825116574923, -9.916317572361868 ], [ -77.30282432756016, -9.916204606499903 ], [ -77.302880900048166, -9.916147732413298 ], [ -77.302937472516689, -9.916090858321374 ], [ -77.302994044965729, -9.916033984224132 ], [ -77.303050617395314, -9.915977110121572 ], [ -77.303107189805417, -9.915920236013694 ], [ -77.303163762196036, -9.915863361900499 ], [ -77.303220334567186, -9.915806487781984 ], [ -77.303276906918867, -9.915749613658154 ], [ -77.303333479251052, -9.915692739529005 ], [ -77.303390051563767, -9.91563586539454 ], [ -77.303446623857027, -9.91557899125476 ], [ -77.303503196130791, -9.915522117109663 ], [ -77.303559768385099, -9.915465242959248 ], [ -77.303901569415572, -9.915462895292963 ], [ -77.303958141577809, -9.915406021092936 ], [ -77.304014713720576, -9.915349146887591 ], [ -77.304071285843861, -9.915292272676934 ], [ -77.304127857947663, -9.915235398460963 ], [ -77.304184430032009, -9.915178524239675 ], [ -77.304241002096859, -9.91512165001307 ], [ -77.304297574142254, -9.915064775781156 ], [ -77.304354146168166, -9.915007901543927 ], [ -77.304410718174594, -9.914951027301381 ], [ -77.304409928727836, -9.914838061556802 ], [ -77.304466500700045, -9.91478118731308 ], [ -77.304523072652785, -9.914724313064044 ], [ -77.304579644586056, -9.914667438809692 ], [ -77.304693577914691, -9.914666656008945 ], [ -77.304750149804292, -9.914609781734519 ], [ -77.304806721674424, -9.91455290745478 ], [ -77.304863293525074, -9.914496033169724 ], [ -77.304919865356254, -9.914439158879361 ], [ -77.304976437167966, -9.914382284583683 ], [ -77.305033008960194, -9.914325410282691 ], [ -77.305146942134215, -9.914324627354761 ], [ -77.305203513882788, -9.914267753033698 ], [ -77.305260085611877, -9.914210878707323 ], [ -77.305316657321498, -9.914154004375636 ], [ -77.30531586762929, -9.914041038698059 ], [ -77.305372439304691, -9.9139841643652 ], [ -77.305600305352925, -9.9139825982936 ], [ -77.305656876960455, -9.913925723925912 ], [ -77.305713448548516, -9.913868849552909 ], [ -77.30582738151007, -9.913868066429673 ], [ -77.305883953054462, -9.913811192036604 ], [ -77.305883163195901, -9.913698226402046 ], [ -77.305939734706087, -9.913641352007806 ], [ -77.306167600426136, -9.913639785604651 ], [ -77.306224171868465, -9.913582911175588 ], [ -77.306280743291296, -9.913526036741212 ], [ -77.306394676088772, -9.9135252534522 ], [ -77.306451247467947, -9.913468378997761 ], [ -77.306449667427543, -9.913242447813888 ], [ -77.306506238757777, -9.913185573362414 ], [ -77.306562810068513, -9.913128698905638 ], [ -77.306562020033027, -9.91301573332075 ], [ -77.306618591309572, -9.912958858862803 ], [ -77.306675162566634, -9.912901984399548 ], [ -77.30667358246501, -9.912676053243866 ], [ -77.306730153673143, -9.912619178783583 ], [ -77.30678672486178, -9.912562304317994 ], [ -77.306784354691828, -9.91222340760315 ], [ -77.306840925816786, -9.912166533144676 ], [ -77.306897496922261, -9.912109658680896 ], [ -77.306896706855042, -9.911996693115919 ], [ -77.306953277926326, -9.91193981865097 ], [ -77.30700984897814, -9.911882944180716 ], [ -77.307066420010472, -9.911826069705155 ], [ -77.307122991023363, -9.911769195224291 ], [ -77.307179562016771, -9.911712320738122 ], [ -77.307407426204961, -9.911710753794985 ], [ -77.307463997130512, -9.911653879274006 ], [ -77.307520568036594, -9.911597004747724 ], [ -77.307577138923222, -9.911540130216135 ], [ -77.307633709790366, -9.911483255679245 ], [ -77.307690280638056, -9.91142638113705 ], [ -77.307746851466291, -9.91136950658955 ], [ -77.307803422275043, -9.911312632036745 ], [ -77.307796309803109, -9.910295942526117 ], [ -77.307852880459777, -9.910239068005291 ], [ -77.30790945109699, -9.910182193479159 ], [ -77.307907870592771, -9.909956262484336 ], [ -77.307964441181056, -9.909899387961186 ], [ -77.308021011749858, -9.909842513432736 ], [ -77.308020221482479, -9.909729547942378 ], [ -77.30807679201709, -9.90967267341277 ], [ -77.308133362532246, -9.909615798877857 ], [ -77.308189933027947, -9.909558924337645 ], [ -77.308246503504165, -9.909502049792133 ], [ -77.308245713187304, -9.909389084317523 ], [ -77.308302283629345, -9.90933220977085 ], [ -77.308358854051917, -9.909275335218879 ], [ -77.308415424455021, -9.909218460661608 ], [ -77.308471994838669, -9.909161586099032 ], [ -77.308528565202863, -9.909104711531159 ], [ -77.308585135547588, -9.909047836957985 ], [ -77.308641705872844, -9.90899096237951 ], [ -77.309439222965167, -9.90898547542033 ], [ -77.309495793101632, -9.908928600733363 ], [ -77.309552363218614, -9.908871726041097 ], [ -77.309780225063037, -9.90887015793216 ], [ -77.30983679511219, -9.908813283205117 ], [ -77.30989336514186, -9.908756408472774 ], [ -77.310349088523552, -9.908753271673858 ], [ -77.310405658436991, -9.908696396877259 ], [ -77.310462228330977, -9.908639522075367 ], [ -77.310690089868217, -9.908637953385394 ], [ -77.31074665969436, -9.908581078548728 ], [ -77.310803229501033, -9.908524203706767 ], [ -77.310917160207055, -9.908523419274417 ], [ -77.310973729970073, -9.908466544412423 ], [ -77.311030299713636, -9.908409669545136 ], [ -77.311713883460541, -9.908404961963754 ], [ -77.311771244477683, -9.908461052202227 ], [ -77.311828605514279, -9.908517142426287 ], [ -77.311942536135049, -9.908516357646606 ], [ -77.3119991056803, -9.908459482651987 ], [ -77.312055675206096, -9.908402607652073 ], [ -77.312112244712424, -9.908345732646866 ], [ -77.312168814199282, -9.90828885763637 ], [ -77.313308118917831, -9.908281007127634 ], [ -77.313364688143253, -9.908224131964513 ], [ -77.313421257349219, -9.908167256796103 ], [ -77.313477826535717, -9.908110381622402 ], [ -77.313534395702746, -9.908053506443411 ], [ -77.313648326025671, -9.908052721121358 ], [ -77.313704895149058, -9.907995845922349 ], [ -77.313761464252977, -9.907938970718051 ], [ -77.313818033337441, -9.907882095508464 ], [ -77.31387460240245, -9.907825220293589 ], [ -77.313931171448004, -9.907768345073423 ], [ -77.31398774047409, -9.907711469847971 ], [ -77.314044309480721, -9.907654594617233 ], [ -77.314043517330489, -9.907541629594514 ], [ -77.314100086302943, -9.907484754362637 ], [ -77.314156655255957, -9.907427879125477 ], [ -77.314154278773856, -9.907088984077323 ], [ -77.314210847663261, -9.907032108847337 ], [ -77.314267416533198, -9.906975233612064 ], [ -77.31432398538368, -9.906918358371508 ], [ -77.314380554214708, -9.906861483125665 ], [ -77.314437123026281, -9.906804607874534 ], [ -77.31534856131249, -9.906798322551534 ], [ -77.315405129910999, -9.906741447177309 ], [ -77.315461698490054, -9.906684571797802 ], [ -77.315575628184732, -9.90668378592934 ], [ -77.315632196720131, -9.906626910529827 ], [ -77.315688765236075, -9.90657003512503 ], [ -77.315745333732565, -9.906513159714944 ], [ -77.3158019022096, -9.906456284299582 ], [ -77.31585847066718, -9.906399408878928 ], [ -77.315852922187119, -9.905608654662336 ], [ -77.315909490522287, -9.90555177926551 ], [ -77.315966058837986, -9.905494903863401 ], [ -77.315965266206533, -9.905381938980346 ], [ -77.316021834488083, -9.905325063577116 ], [ -77.316078402750165, -9.905268188168602 ], [ -77.316076817456889, -9.905042258416666 ], [ -77.316133385670113, -9.904985383011185 ], [ -77.316189953863883, -9.904928507600427 ], [ -77.316246522038213, -9.904871632184388 ], [ -77.316303090193074, -9.904814756763068 ], [ -77.316359658328494, -9.904757881336467 ], [ -77.31641622644446, -9.904701005904586 ], [ -77.316472794540971, -9.90464413046743 ], [ -77.316529362618027, -9.904587255024987 ], [ -77.316527777127433, -9.904361325336307 ], [ -77.316584345155633, -9.904304449896905 ], [ -77.316640913164377, -9.904247574452224 ], [ -77.316697481153682, -9.904190699002264 ], [ -77.316754049123531, -9.904133823547026 ], [ -77.316810617073926, -9.904076948086509 ], [ -77.316867185004867, -9.90402007262071 ], [ -77.316923752916352, -9.903963197149636 ], [ -77.31703768155387, -9.903962410998968 ], [ -77.317094249421729, -9.903905535507898 ], [ -77.317150817270118, -9.903848660011553 ], [ -77.317720460073289, -9.90384472853245 ], [ -77.317777027781247, -9.903787852957247 ], [ -77.317833595469736, -9.903730977376773 ], [ -77.317890163138799, -9.903674101791019 ], [ -77.317946730788393, -9.903617226199989 ], [ -77.318003298418546, -9.903560350603685 ], [ -77.318002505248259, -9.903447385871218 ], [ -77.318059072844264, -9.903390510273798 ], [ -77.318115640420814, -9.903333634671105 ], [ -77.318172207977923, -9.903276759063139 ], [ -77.318228775515578, -9.903219883449896 ], [ -77.318285343033793, -9.903163007831377 ], [ -77.318341910532538, -9.903106132207585 ], [ -77.318340324044101, -9.902880202790129 ], [ -77.318396891494018, -9.902823327169388 ], [ -77.318453458924481, -9.902766451543371 ], [ -77.318510026335503, -9.90270957591208 ], [ -77.31856659372707, -9.902652700275517 ], [ -77.318565800438307, -9.902539735582211 ], [ -77.318622367795726, -9.902482859944536 ], [ -77.318678935133718, -9.902425984301589 ], [ -77.31867814182506, -9.902313019615788 ], [ -77.31873470912889, -9.902256143971728 ], [ -77.318791276413279, -9.902199268322398 ], [ -77.318847843678228, -9.902142392667796 ], [ -77.318904410923722, -9.902085517007921 ], [ -77.318960978149775, -9.902028641342772 ], [ -77.319017545356388, -9.901971765672348 ], [ -77.319016751969073, -9.901858801010709 ], [ -77.319073319141523, -9.90180192533918 ], [ -77.319129886294547, -9.901745049662381 ], [ -77.319128299489634, -9.901519120353296 ], [ -77.319184866593815, -9.901462244679553 ], [ -77.31924143367857, -9.901405369000539 ], [ -77.319240640260972, -9.901292404353091 ], [ -77.319297207311593, -9.901235528672972 ], [ -77.319353774342744, -9.901178652987577 ], [ -77.319352980905265, -9.901065688347643 ], [ -77.319409547902296, -9.901008812661145 ], [ -77.319466114879873, -9.900951936969376 ], [ -77.319522681838023, -9.900895061272339 ], [ -77.319579248776705, -9.900838185570031 ], [ -77.319635815695946, -9.900781309862454 ], [ -77.319692382595761, -9.900724434149604 ], [ -77.319748949476121, -9.900667558431484 ], [ -77.319805516337041, -9.900610682708098 ], [ -77.319862083178521, -9.900553806979445 ], [ -77.319976010402186, -9.900553020100444 ], [ -77.320032577200024, -9.900496144351813 ], [ -77.320089143978407, -9.900439268597918 ], [ -77.320430925447226, -9.900436907641337 ], [ -77.320487492133594, -9.900380031838067 ], [ -77.320544058800508, -9.900323156029526 ], [ -77.320600625447966, -9.900266280215716 ], [ -77.320657192075998, -9.900209404396641 ], [ -77.320771119116458, -9.900208617275192 ], [ -77.320827685700849, -9.900151741436149 ], [ -77.320884252265799, -9.900094865591836 ], [ -77.320940818811295, -9.900037989742261 ], [ -77.320997385337364, -9.899981113887417 ], [ -77.321053951843979, -9.899924238027307 ], [ -77.321110518331167, -9.899867362161929 ], [ -77.321167878753954, -9.899923450793795 ], [ -77.321225239196181, -9.899979539411236 ], [ -77.321281805654394, -9.899922663521728 ], [ -77.32133837209318, -9.899865787626949 ], [ -77.321452298959926, -9.899865000301626 ], [ -77.321508865355071, -9.899808124386883 ], [ -77.321565431730775, -9.899751248466879 ], [ -77.321621998087025, -9.89969437254161 ], [ -77.321678564423848, -9.899637496611076 ], [ -77.321735130741217, -9.899580620675277 ], [ -77.32179169703916, -9.899523744734216 ], [ -77.321848263317662, -9.899466868787888 ], [ -77.32190482957671, -9.899409992836297 ], [ -77.321961395816317, -9.899353116879443 ], [ -77.322017962036497, -9.899296240917325 ], [ -77.322074528237223, -9.899239364949942 ], [ -77.322131094418523, -9.899182488977297 ], [ -77.322187660580383, -9.899125612999388 ], [ -77.322186866341994, -9.899012648573574 ], [ -77.322243432469719, -9.898955772594572 ], [ -77.322299998578004, -9.89889889661031 ], [ -77.322356564666862, -9.898842020620782 ], [ -77.322584417519693, -9.898840445402481 ], [ -77.322640983540722, -9.898783569378299 ], [ -77.322697549542283, -9.898726693348861 ], [ -77.323039328604949, -9.898724330144091 ], [ -77.323095894514495, -9.898667454065311 ], [ -77.3231524604046, -9.898610577981268 ], [ -77.323266386691387, -9.898609790139851 ], [ -77.32332295253785, -9.898552914035854 ], [ -77.323379518364888, -9.898496037926595 ], [ -77.323493444593737, -9.898495250017247 ], [ -77.323550010377133, -9.898438373888034 ], [ -77.323606576141074, -9.898381497753567 ], [ -77.324176206900589, -9.898377557481632 ], [ -77.324232772524098, -9.898320681268446 ], [ -77.324289338128168, -9.898263805050004 ], [ -77.324403264203099, -9.898263016850585 ], [ -77.324459829763541, -9.898206140612192 ], [ -77.324516395304514, -9.898149264368543 ], [ -77.324858173326959, -9.898146899450849 ], [ -77.324914738775917, -9.898090023157877 ], [ -77.32497130420542, -9.898033146859646 ], [ -77.325085230145447, -9.898032358447271 ], [ -77.325141795531323, -9.897975482129096 ], [ -77.325198360897758, -9.897918605805666 ], [ -77.325426212652417, -9.897917028806518 ], [ -77.325482777950995, -9.897860152448455 ], [ -77.325539343230162, -9.897803276085142 ], [ -77.325595908489888, -9.897746399716571 ], [ -77.325652473730173, -9.897689523342745 ], [ -77.325994251000253, -9.89768715737867 ], [ -77.326050816148495, -9.89763028095553 ], [ -77.326107381277282, -9.89757340452714 ], [ -77.326163946386657, -9.897516528093494 ], [ -77.326220511476592, -9.897459651654593 ], [ -77.326277076547086, -9.897402775210439 ], [ -77.32633364159814, -9.897345898761035 ], [ -77.326390206629767, -9.897289022306376 ], [ -77.326446771641955, -9.897232145846464 ], [ -77.326503336634701, -9.897175269381298 ], [ -77.326559901608022, -9.897118392910883 ], [ -77.326616466561887, -9.897061516435215 ], [ -77.326673031496341, -9.897004639954295 ], [ -77.326786956943536, -9.897003851046296 ], [ -77.326843521834334, -9.89694697454544 ], [ -77.326900086705706, -9.89689009803933 ], [ -77.326956651557637, -9.896833221527974 ], [ -77.326955855877031, -9.896720257470914 ], [ -77.327012420694857, -9.896663380958481 ], [ -77.327068985493256, -9.896606504440799 ], [ -77.327125550272228, -9.896549627917866 ], [ -77.327182115031746, -9.896492751389683 ], [ -77.327238679771838, -9.896435874856254 ], [ -77.327295244492504, -9.896378998317569 ], [ -77.327351809193729, -9.896322121773634 ], [ -77.327408373875514, -9.89626524522445 ], [ -77.327464938537872, -9.896208368670015 ], [ -77.327521503180805, -9.896151492110334 ], [ -77.327578067804282, -9.896094615545405 ], [ -77.327634632408348, -9.896037738975222 ], [ -77.327691196992959, -9.895980862399789 ], [ -77.327747761558157, -9.89592398581911 ], [ -77.327804326103916, -9.895867109233185 ], [ -77.327860890630248, -9.895810232642006 ], [ -77.327917455137126, -9.895753356045581 ], [ -77.328145304957062, -9.895751777545112 ], [ -77.328202665418445, -9.895807864877526 ], [ -77.32826002589924, -9.895863952195509 ], [ -77.328373950824229, -9.895863162839738 ], [ -77.328430515229542, -9.895806286175173 ], [ -77.328487079615414, -9.895749409505358 ], [ -77.32854364398186, -9.895692532830299 ], [ -77.328600208328865, -9.895635656149993 ], [ -77.328656772656444, -9.89557877946444 ], [ -77.328713336964583, -9.895521902773638 ], [ -77.328769901253295, -9.895465026077593 ], [ -77.328826465522567, -9.895408149376298 ], [ -77.328883029772427, -9.895351272669762 ], [ -77.328939594002847, -9.895294395957979 ], [ -77.328996158213826, -9.895237519240947 ], [ -77.329052722405379, -9.895180642518671 ], [ -77.329622345434927, -9.895176694281203 ], [ -77.32967890948602, -9.89511981748031 ], [ -77.329735473517687, -9.895062940674176 ], [ -77.329849398046562, -9.895062150881722 ], [ -77.329905962034587, -9.895005274055672 ], [ -77.329962526003186, -9.894948397224377 ], [ -77.330304299387265, -9.894946027527769 ], [ -77.33036086326382, -9.894889150647215 ], [ -77.330417427120949, -9.89483227376142 ], [ -77.330473990958637, -9.894775396870381 ], [ -77.3305305547769, -9.894718519974097 ], [ -77.330872327784562, -9.894716149754613 ], [ -77.33092889151078, -9.894659272809081 ], [ -77.330985455217558, -9.894602395858305 ], [ -77.331099379485934, -9.894601605678732 ], [ -77.331155943149085, -9.894544728708048 ], [ -77.331212506792795, -9.894487851732123 ], [ -77.331269070417093, -9.894430974750954 ], [ -77.331325634021951, -9.894374097764551 ], [ -77.331439558183945, -9.894373307487768 ], [ -77.331496121745175, -9.894316430481455 ], [ -77.331552685286965, -9.894259553469901 ], [ -77.331780533485457, -9.894257972742064 ], [ -77.331837096959404, -9.894201095695937 ], [ -77.331893660413925, -9.894144218644568 ], [ -77.33223543249477, -9.894141847175817 ], [ -77.332291995857247, -9.894084970075212 ], [ -77.332348559200284, -9.894028092969368 ], [ -77.332462483159702, -9.894027302373386 ], [ -77.332519046459112, -9.893970425247641 ], [ -77.332575609739095, -9.893913548116657 ], [ -77.332632172999624, -9.893856670980437 ], [ -77.33268873624074, -9.893799793838978 ], [ -77.332745299462431, -9.893742916692284 ], [ -77.332744502057565, -9.89362995308182 ], [ -77.332801065245164, -9.89357307593408 ], [ -77.33285762841335, -9.893516198781102 ], [ -77.332914191562111, -9.893459321622888 ], [ -77.332970754691445, -9.893402444459442 ], [ -77.333027317801339, -9.893345567290758 ], [ -77.333083880891806, -9.893288690116835 ], [ -77.333140443962847, -9.89323181293768 ], [ -77.333197007014462, -9.89317493575329 ], [ -77.333253570046651, -9.893118058563662 ], [ -77.333310133059427, -9.893061181368802 ], [ -77.333366696052764, -9.893004304168706 ], [ -77.333423259026674, -9.892947426963373 ], [ -77.333479821981157, -9.89289054975281 ], [ -77.333536384916215, -9.892833672537009 ], [ -77.333592947831832, -9.892776795315973 ], [ -77.333649510728037, -9.892719918089705 ], [ -77.333706073604816, -9.892663040858203 ], [ -77.333762636462154, -9.892606163621467 ], [ -77.333819199300095, -9.8925492863795 ], [ -77.334502739136767, -9.892544539938358 ], [ -77.334559301810003, -9.8924876626032 ], [ -77.334615864463842, -9.892430785262812 ], [ -77.334843710902703, -9.892429202748925 ], [ -77.334900273488685, -9.892372325373991 ], [ -77.334956836055241, -9.892315447993823 ], [ -77.335013398602371, -9.892258570608428 ], [ -77.335069961130074, -9.892201693217801 ], [ -77.335126523638351, -9.892144815821942 ], [ -77.335183086127202, -9.892087938420852 ], [ -77.335239648596641, -9.892031061014537 ], [ -77.335296211046639, -9.891974183602988 ], [ -77.335352773477226, -9.89191730618621 ], [ -77.3353487828456, -9.891352489118912 ], [ -77.33540534518356, -9.891295611717887 ], [ -77.335461907502093, -9.891238734311631 ], [ -77.335518469801201, -9.891181856900147 ], [ -77.335575032080897, -9.891124979483433 ], [ -77.335631594341166, -9.891068102061491 ], [ -77.335688156582009, -9.891011224634321 ], [ -77.33568256948486, -9.890220480881876 ], [ -77.335739131603844, -9.890163603478856 ], [ -77.335795693703375, -9.890106726070609 ], [ -77.335793299288923, -9.889767835903857 ], [ -77.335849861325144, -9.889710958502974 ], [ -77.335906423341953, -9.889654081096865 ], [ -77.335905625193675, -9.8895411177147 ], [ -77.33596218717642, -9.889484240307562 ], [ -77.33601874913974, -9.889427362895194 ], [ -77.336017950971765, -9.889314399520606 ], [ -77.336074512901035, -9.889257522107211 ], [ -77.336131074810893, -9.889200644688591 ], [ -77.336187636701339, -9.889143767264747 ], [ -77.336301558665099, -9.889142975754982 ], [ -77.336358120511903, -9.889086098311267 ], [ -77.336414682339296, -9.889029220862323 ], [ -77.336756448027899, -9.889026846014072 ], [ -77.336813009763247, -9.888969968515966 ], [ -77.336869571479198, -9.888913091012631 ], [ -77.336983493307841, -9.888912299290231 ], [ -77.337040054980164, -9.888855421767028 ], [ -77.337096616633062, -9.888798544238602 ], [ -77.337153178266547, -9.888741666704956 ], [ -77.337209739880592, -9.888684789166081 ], [ -77.337323661602838, -9.888683997346586 ], [ -77.337380223173284, -9.888627119787849 ], [ -77.337436784724304, -9.888570242223889 ], [ -77.337493346255897, -9.888513364654703 ], [ -77.337549907768093, -9.888456487080296 ], [ -77.337891672586878, -9.888454111215019 ], [ -77.337949032758615, -9.888510196815888 ], [ -77.338006392949765, -9.88856628240231 ], [ -77.338120314566126, -9.888565490322465 ], [ -77.338176875952499, -9.888508612665419 ], [ -77.338233437319431, -9.888451735003153 ], [ -77.338347358877797, -9.88845094285551 ], [ -77.338403920201131, -9.888394065173379 ], [ -77.338460481505024, -9.88833718748603 ], [ -77.33851784172569, -9.888393272972587 ], [ -77.338575201965782, -9.888449358444701 ], [ -77.338632562225285, -9.888505443902368 ], [ -77.338689922504201, -9.888561529345585 ], [ -77.33874728280253, -9.888617614774361 ], [ -77.338804643120298, -9.888673700188692 ], [ -77.338918564708422, -9.888672907830047 ], [ -77.338975925060211, -9.888728993206064 ], [ -77.339033285431427, -9.888785078567631 ], [ -77.339147207039218, -9.888784286122739 ], [ -77.339204567444483, -9.888840371445992 ], [ -77.33926192786916, -9.888896456754798 ], [ -77.339489771114486, -9.888894871654001 ], [ -77.339547131587835, -9.88895095690062 ], [ -77.339604492080596, -9.889007042132791 ], [ -77.339661852592769, -9.889063127350513 ], [ -77.339719213124383, -9.889119212553785 ], [ -77.339833134791164, -9.889118419850139 ], [ -77.339890495356812, -9.889174505015093 ], [ -77.339947855941872, -9.889230590165598 ], [ -77.340061777628321, -9.889229797375696 ], [ -77.340119138247445, -9.889285882487879 ], [ -77.340176498885967, -9.889341967585619 ], [ -77.340233859543901, -9.889398052668902 ], [ -77.34029122022126, -9.889454137737738 ], [ -77.340348580918061, -9.889510222792126 ], [ -77.340405941634259, -9.889566307832061 ], [ -77.341545158848703, -9.889558376382423 ], [ -77.341602519730557, -9.889614461169165 ], [ -77.341659880631838, -9.889670545941454 ], [ -77.341773802329769, -9.889669752536911 ], [ -77.341831163265084, -9.889725837270873 ], [ -77.341888524219826, -9.889781921990382 ], [ -77.342799897691705, -9.889775572985513 ], [ -77.342857258782843, -9.889831657499546 ], [ -77.342914619893378, -9.889887741999123 ], [ -77.343028541563413, -9.889886948152439 ], [ -77.343085902707998, -9.889943032613685 ], [ -77.343143263872008, -9.889999117060473 ], [ -77.343200625055417, -9.890055201492807 ], [ -77.343257986258266, -9.890111285910683 ], [ -77.343315347480541, -9.890167370314103 ], [ -77.343372708722228, -9.890223454703067 ], [ -77.343430069983327, -9.890279539077573 ], [ -77.343487431263853, -9.890335623437624 ], [ -77.343829196567214, -9.890333241093366 ], [ -77.34388655791102, -9.890389325367316 ], [ -77.343943919274238, -9.890445409626809 ], [ -77.344057841052063, -9.89044461538726 ], [ -77.344115202449331, -9.89050069960841 ], [ -77.34417256386601, -9.890556783815105 ], [ -77.345767468156041, -9.890545659748405 ], [ -77.345824028183031, -9.8904887810349 ], [ -77.34588058819061, -9.890431902316188 ], [ -77.346108431409945, -9.890430312489 ], [ -77.346165793070298, -9.890486396280242 ], [ -77.346223154750092, -9.890542480057016 ], [ -77.346792762776346, -9.890538504576144 ], [ -77.34685012454861, -9.890594588219022 ], [ -77.346907486340299, -9.890650671847434 ], [ -77.347704937377742, -9.890645104222061 ], [ -77.347761497007468, -9.890588225255634 ], [ -77.347818056617768, -9.890531346284002 ], [ -77.348501585412492, -9.890526572355983 ], [ -77.348558144857961, -9.890469693291388 ], [ -77.348614704284032, -9.890412814221591 ], [ -77.348671263690662, -9.890355935146593 ], [ -77.34872782307788, -9.890299056066395 ], [ -77.349183508360866, -9.890295872443374 ], [ -77.349240067631726, -9.890238993299475 ], [ -77.349296626883174, -9.890182114150374 ], [ -77.349980154228064, -9.890177337384896 ], [ -77.350036713314694, -9.890120458142855 ], [ -77.350093272381898, -9.890063578895619 ], [ -77.350321114656225, -9.890061986273851 ], [ -77.350377673655544, -9.890005106992174 ], [ -77.350434232635436, -9.889948227705297 ], [ -77.351231679952917, -9.889942652111205 ], [ -77.351288238743749, -9.889885772716786 ], [ -77.351344797515154, -9.889828893317178 ], [ -77.351401356267132, -9.889772013912371 ], [ -77.351457914999699, -9.889715134502367 ], [ -77.351514473712854, -9.88965825508717 ], [ -77.351512866764963, -9.889432330857014 ], [ -77.351569425429489, -9.889375451445074 ], [ -77.351625984074602, -9.889318572027943 ], [ -77.351625180585899, -9.889205609920086 ], [ -77.351681739196991, -9.889148730501987 ], [ -77.351738297788671, -9.889091851078691 ], [ -77.351794856360911, -9.889034971650203 ], [ -77.351852218460863, -9.889091054307459 ], [ -77.351909580580198, -9.889147136950246 ], [ -77.351966139123405, -9.889090257497719 ], [ -77.352022697647186, -9.889033378039997 ], [ -77.352079256151555, -9.888976498577083 ], [ -77.352135814636497, -9.888919619108973 ], [ -77.352192373102028, -9.88886273963567 ], [ -77.352248931548132, -9.888805860157172 ], [ -77.352305489974839, -9.888748980673485 ], [ -77.352362048382119, -9.888692101184601 ], [ -77.352418606769973, -9.888635221690526 ], [ -77.352475165138415, -9.888578342191259 ], [ -77.352531723487445, -9.8885214626868 ], [ -77.352588281817063, -9.888464583177146 ], [ -77.352644840127255, -9.888407703662304 ], [ -77.352701398418034, -9.888350824142266 ], [ -77.352757956689388, -9.88829394461704 ], [ -77.352814514941343, -9.888237065086622 ], [ -77.352871073173873, -9.888180185551011 ], [ -77.352870269354398, -9.888067223537012 ], [ -77.352926827552906, -9.888010344000442 ], [ -77.352983385732003, -9.887953464458679 ], [ -77.352982581892974, -9.887840502452322 ], [ -77.353039140038078, -9.887783622909597 ], [ -77.353095698163742, -9.887726743361684 ], [ -77.35309409045621, -9.887500819363426 ], [ -77.353150648533287, -9.887443939818784 ], [ -77.353207206590966, -9.887387060268953 ], [ -77.353206402722478, -9.887274098277052 ], [ -77.353262960746122, -9.887217218726263 ], [ -77.353319518750368, -9.887160339170283 ], [ -77.35331871486234, -9.887047377186025 ], [ -77.353375272832565, -9.886990497629084 ], [ -77.353431830783393, -9.886933618066955 ], [ -77.353488388714794, -9.886876738499637 ], [ -77.354057987446211, -9.886872752179141 ], [ -77.354115349377551, -9.886928834454505 ], [ -77.354172711328332, -9.88698491671539 ], [ -77.354400550811732, -9.8869833218221 ], [ -77.354457108544437, -9.8869264421285 ], [ -77.354513666257731, -9.886869562429714 ], [ -77.354570223951598, -9.886812682725738 ], [ -77.354626781626067, -9.88675580301658 ], [ -77.35468333928111, -9.886698923302232 ], [ -77.35473989691674, -9.8866420435827 ], [ -77.354853816498562, -9.886641245990667 ], [ -77.354910374090551, -9.88658436625134 ], [ -77.354966931663128, -9.88652748650683 ], [ -77.355194770700862, -9.886525891148839 ], [ -77.355251328205554, -9.886469011369934 ], [ -77.355307885690834, -9.886412131585843 ], [ -77.355535724593025, -9.886410536015433 ], [ -77.35559228201042, -9.886353656196947 ], [ -77.355648839408389, -9.886296776373285 ], [ -77.355705396786973, -9.886239896544437 ], [ -77.355761954146118, -9.886183016710405 ], [ -77.355818511485865, -9.886126136871187 ], [ -77.355875068806199, -9.886069257026785 ], [ -77.35598898809738, -9.886068459096213 ], [ -77.356045545374073, -9.886011579232029 ], [ -77.35610210263134, -9.88595469936266 ], [ -77.356158659869209, -9.885897819488111 ], [ -77.356215217087652, -9.885840939608375 ], [ -77.356271774286697, -9.885784059723461 ], [ -77.356328331466315, -9.885727179833363 ], [ -77.35638488862655, -9.885670299938084 ], [ -77.356441445767345, -9.885613420037624 ], [ -77.356783203001299, -9.885611025664497 ], [ -77.356839760049979, -9.885554145715055 ], [ -77.356896317079261, -9.88549726576043 ], [ -77.357351993062082, -9.885494072607191 ], [ -77.357409355125569, -9.885550154250254 ], [ -77.357466717208467, -9.885606235878845 ], [ -77.357524079310778, -9.885662317492949 ], [ -77.357581441432487, -9.885718399092577 ], [ -77.357638803573607, -9.885774480677725 ], [ -77.35769616573414, -9.885830562248396 ], [ -77.357753527914099, -9.885886643804582 ], [ -77.357810890113456, -9.885942725346293 ], [ -77.357868252332224, -9.885998806873518 ], [ -77.357925614570405, -9.886054888386266 ], [ -77.357982976827998, -9.88611096988453 ], [ -77.358040339105003, -9.88616705136832 ], [ -77.358154258251531, -9.886166252696979 ], [ -77.358211620562528, -9.886222334142383 ], [ -77.358268982892938, -9.886278415573305 ], [ -77.358326345242759, -9.886334496989745 ], [ -77.358383707611978, -9.886390578391703 ], [ -77.358839384334772, -9.886387382938942 ], [ -77.358896746781724, -9.886443464230814 ], [ -77.358954109248103, -9.886499545508199 ], [ -77.359011471733879, -9.8865556267711 ], [ -77.359068834239082, -9.886611708019521 ], [ -77.359125390934167, -9.886554827739955 ], [ -77.359181947609827, -9.886497947455211 ], [ -77.359238504266074, -9.88644106716529 ], [ -77.359237698417047, -9.886328105659452 ], [ -77.359294255039302, -9.886271225368597 ], [ -77.359350811642159, -9.886214345072569 ], [ -77.35940736822559, -9.886157464771363 ], [ -77.35997696328171, -9.886153468719785 ], [ -77.360034325825964, -9.886209549782752 ], [ -77.36009168838963, -9.886265630831231 ], [ -77.360149050972709, -9.886321711865227 ], [ -77.360152275669179, -9.886773557585775 ], [ -77.360209638368659, -9.886829638585022 ], [ -77.36026700108755, -9.886885719569783 ], [ -77.360324363825839, -9.886941800540058 ], [ -77.360438283050826, -9.886941001033572 ], [ -77.360495645823107, -9.886997081965454 ], [ -77.360553008614815, -9.887053162882848 ], [ -77.360666927859285, -9.887052363290049 ], [ -77.360724290684971, -9.887108444169051 ], [ -77.360781653530083, -9.887164525033565 ], [ -77.360839016394593, -9.88722060588359 ], [ -77.360896379278543, -9.88727668671913 ], [ -77.360953742181891, -9.887332767540176 ], [ -77.361011105104652, -9.887388848346736 ], [ -77.361067661489557, -9.88733196778934 ], [ -77.36112421785505, -9.887275087226765 ], [ -77.36135205639286, -9.887273487580392 ], [ -77.36140941935453, -9.887329568305807 ], [ -77.361466782335597, -9.887385649016734 ], [ -77.361694620893019, -9.887384049120717 ], [ -77.361751983922645, -9.887440129769335 ], [ -77.361809346971683, -9.887496210403466 ], [ -77.361866710040147, -9.887552291023106 ], [ -77.361924073128023, -9.887608371628254 ], [ -77.361981436235311, -9.887664452218912 ], [ -77.362038799362011, -9.887720532795083 ], [ -77.362152718713659, -9.887719732645856 ], [ -77.362210081874352, -9.887775813183623 ], [ -77.362267445054457, -9.887831893706901 ], [ -77.362495283787013, -9.887830293197288 ], [ -77.36255264701569, -9.887886373658247 ], [ -77.362610010263779, -9.887942454104719 ], [ -77.36317960707153, -9.887938451917726 ], [ -77.363236163068493, -9.88788157106182 ], [ -77.363292719046044, -9.887824690200747 ], [ -77.363349275004197, -9.887767809334502 ], [ -77.363405830942924, -9.887710928463086 ], [ -77.363462386862238, -9.887654047586501 ], [ -77.363460772087905, -9.887428125281406 ], [ -77.363517327958675, -9.887371244408152 ], [ -77.36357388381002, -9.887314363529731 ], [ -77.36357307640823, -9.887201402384454 ], [ -77.363629632225596, -9.88714452150511 ], [ -77.363743551247566, -9.887143720863451 ], [ -77.363800107021262, -9.887086839964351 ], [ -77.363856662775532, -9.887029959060087 ], [ -77.36391321851039, -9.886973078150652 ], [ -77.363969774225851, -9.886916197236049 ], [ -77.364197612046695, -9.886914595720517 ], [ -77.364254167694227, -9.886857714771573 ], [ -77.364310723322333, -9.886800833817457 ], [ -77.364367278931041, -9.886743952858181 ], [ -77.364423834520323, -9.886687071893734 ], [ -77.364480390090208, -9.886630190924119 ], [ -77.36453694564068, -9.886573309949338 ], [ -77.364764783131704, -9.886571708104769 ], [ -77.364821338614249, -9.886514827095651 ], [ -77.364877894077381, -9.88645794608137 ], [ -77.364934449521101, -9.886401065061918 ], [ -77.364991004945409, -9.886344184037304 ], [ -77.365047560350305, -9.886287303007522 ], [ -77.365104115735789, -9.886230421972577 ], [ -77.365160671101862, -9.886173540932468 ], [ -77.365217226448522, -9.886116659887191 ], [ -77.365331144985447, -9.886115858790486 ], [ -77.365387700288451, -9.88605897772546 ], [ -77.365444255572044, -9.886002096655274 ], [ -77.365558174050761, -9.886001295490903 ], [ -77.365614729290684, -9.885944414400967 ], [ -77.365613921306334, -9.885831453413727 ], [ -77.365556558120886, -9.885775373507089 ], [ -77.36549919495485, -9.885719293585954 ], [ -77.365498387028694, -9.885606332587738 ], [ -77.365554942229764, -9.885549451519987 ], [ -77.365611497411436, -9.88549257044707 ], [ -77.365610689465854, -9.885379609456544 ], [ -77.365667244613533, -9.88532272838272 ], [ -77.365723799741815, -9.885265847303733 ], [ -77.365780354850685, -9.885208966219583 ], [ -77.366008191196812, -9.885207363752025 ], [ -77.366064746237768, -9.885150482633556 ], [ -77.366121301259298, -9.88509360150992 ], [ -77.366235219369315, -9.88509280018924 ], [ -77.366291774347189, -9.885035919045864 ], [ -77.366290158077462, -9.884809997169407 ], [ -77.366346713006806, -9.884753116029385 ], [ -77.366403267916738, -9.884696234884197 ], [ -77.366401651627541, -9.884470313021479 ], [ -77.366458206488957, -9.884413431879647 ], [ -77.366514761330961, -9.884356550732651 ], [ -77.366571316153554, -9.8842996695805 ], [ -77.366627870956748, -9.884242788423187 ], [ -77.36668442574053, -9.884185907260713 ], [ -77.3667409805049, -9.884129026093076 ], [ -77.366797535249873, -9.884072144920282 ], [ -77.366854089975433, -9.884015263742329 ], [ -77.366910644681596, -9.883958382559218 ], [ -77.366967199368332, -9.883901501370946 ], [ -77.367023754035685, -9.883844620177515 ], [ -77.367080308683626, -9.883787738978924 ], [ -77.367077883798459, -9.883448856331944 ], [ -77.367020520933082, -9.883392776629529 ], [ -77.366963158087117, -9.883336696912618 ], [ -77.367019712681667, -9.883279815740478 ], [ -77.367076267256834, -9.883222934563175 ], [ -77.36707545900056, -9.883109973677563 ], [ -77.367132013541749, -9.883053092499358 ], [ -77.36718856806354, -9.882996211316 ], [ -77.367187759787868, -9.882883250438079 ], [ -77.367244314275695, -9.882826369253824 ], [ -77.367300868744124, -9.882769488064406 ], [ -77.367300060449026, -9.882656527194175 ], [ -77.367356614883505, -9.882599646003863 ], [ -77.367413169298572, -9.882542764808392 ], [ -77.367412360984062, -9.882429803945861 ], [ -77.36746891536518, -9.882372922749493 ], [ -77.367525469726871, -9.882316041547968 ], [ -77.367582024069179, -9.882259160341285 ], [ -77.367638578392089, -9.882202279129448 ], [ -77.367637770029077, -9.882089318283128 ], [ -77.367694324318023, -9.882032437070391 ], [ -77.367750878587557, -9.881975555852501 ], [ -77.367749261832429, -9.881749634174433 ], [ -77.367805816053462, -9.881692752959907 ], [ -77.367862370255096, -9.881635871740222 ], [ -77.367918924437333, -9.881578990515385 ], [ -77.367975478600172, -9.881522109285394 ], [ -77.368032032743599, -9.881465228050246 ], [ -77.368088586867628, -9.881408346809943 ], [ -77.36808535312457, -9.880956503546178 ], [ -77.36814190717098, -9.880899622317761 ], [ -77.368255823670509, -9.880898820649859 ], [ -77.368312377673291, -9.880841939401723 ], [ -77.368368931656676, -9.880785058148431 ], [ -77.368425485620648, -9.88072817688999 ], [ -77.368482039565237, -9.880671295626394 ], [ -77.368538593490413, -9.880614414357643 ], [ -77.368595147396192, -9.880557533083742 ], [ -77.370189975333275, -9.880546304469693 ], [ -77.370247337999686, -9.880602383629636 ], [ -77.370304700685494, -9.880658462775076 ], [ -77.370874281775869, -9.880654450489089 ], [ -77.370930835191729, -9.880597568914501 ], [ -77.370987388588176, -9.88054068733477 ], [ -77.37104394196524, -9.880483805749888 ], [ -77.371100495322892, -9.88042692415986 ], [ -77.371157048661161, -9.880370042564685 ], [ -77.371213601980017, -9.880313160964361 ], [ -77.371270155279475, -9.880256279358891 ], [ -77.371326708559536, -9.880199397748271 ], [ -77.371383261820213, -9.88014251613251 ], [ -77.371439815061478, -9.880085634511598 ], [ -77.37155373100785, -9.880084831793374 ], [ -77.37161028420546, -9.880027950152758 ], [ -77.371666837383685, -9.879971068506997 ], [ -77.371723390542499, -9.879914186856091 ], [ -77.371779943681915, -9.879857305200039 ], [ -77.372007775351463, -9.879855699531706 ], [ -77.372064328422979, -9.879798817841392 ], [ -77.372061089792012, -9.879346975840512 ], [ -77.37211764278598, -9.879290094162123 ], [ -77.372174195760536, -9.879233212478592 ], [ -77.372230748715708, -9.879176330789919 ], [ -77.372287301651482, -9.879119449096098 ], [ -77.372286491959883, -9.879006488610896 ], [ -77.372343044861722, -9.878949606916199 ], [ -77.372399597744163, -9.87889272521636 ], [ -77.372456150607221, -9.878835843511379 ], [ -77.372570066039401, -9.87883504054985 ], [ -77.372626618858789, -9.87877815882517 ], [ -77.372683171658807, -9.878721277095348 ], [ -77.372739724439398, -9.878664395360385 ], [ -77.372796277200621, -9.878607513620278 ], [ -77.372852829942445, -9.878550631875028 ], [ -77.372909382664858, -9.87849375012464 ], [ -77.372965935367873, -9.878436868369107 ], [ -77.373022488051518, -9.878379986608435 ], [ -77.373079040715751, -9.878323104842618 ], [ -77.373135593360587, -9.878266223071661 ], [ -77.373192145986039, -9.878209341295564 ], [ -77.373248698592107, -9.878152459514324 ], [ -77.373362613723501, -9.878151656339693 ], [ -77.373419166285913, -9.878094774538761 ], [ -77.373418356293897, -9.877981814139762 ], [ -77.373474908822388, -9.877924932337962 ], [ -77.373531461331467, -9.877868050531019 ], [ -77.373588013821163, -9.877811168718937 ], [ -77.37364456629146, -9.877754286901718 ], [ -77.373701118742375, -9.877697405079356 ], [ -77.373757671173891, -9.877640523251856 ], [ -77.37381422358601, -9.877583641419218 ], [ -77.37387077597873, -9.877526759581439 ], [ -77.373927328352067, -9.87746987773852 ], [ -77.374041243192409, -9.877469074389285 ], [ -77.37409779552209, -9.877412192526682 ], [ -77.374154347832388, -9.877355310658938 ], [ -77.374268262614478, -9.877354507242146 ], [ -77.374324814881135, -9.877297625354716 ], [ -77.374381367128393, -9.877240743462151 ], [ -77.374437919356254, -9.877183861564443 ], [ -77.374437109092966, -9.877070901243155 ], [ -77.37449366128692, -9.877014019344582 ], [ -77.374550213461475, -9.876957137440876 ], [ -77.374548592905995, -9.876731216812914 ], [ -77.374605145032092, -9.876674334912616 ], [ -77.374661697138819, -9.87661745300718 ], [ -77.37466007656414, -9.876391532393024 ], [ -77.374716628622409, -9.876334650490996 ], [ -77.374944457381531, -9.87633304340296 ], [ -77.3750010093719, -9.876276161466706 ], [ -77.375057561342885, -9.876219279525316 ], [ -77.375114113294458, -9.876162397578794 ], [ -77.375113302886064, -9.876049437306314 ], [ -77.375169854803744, -9.875992555358929 ], [ -77.375511597462037, -9.875990144292023 ], [ -77.37556814928756, -9.875933262295876 ], [ -77.375624701093699, -9.875876380294594 ], [ -77.37568125288044, -9.875819498288179 ], [ -77.375737804647784, -9.87576261627663 ], [ -77.375851718750738, -9.875761812452582 ], [ -77.37590827047444, -9.875704930421355 ], [ -77.375964822178773, -9.875648048384997 ], [ -77.376021373863708, -9.875591166343504 ], [ -77.376077925529259, -9.875534284296883 ], [ -77.376134477175398, -9.87547740224513 ], [ -77.376191028802168, -9.875420520188241 ], [ -77.376418856687806, -9.875418912250289 ], [ -77.376475408246677, -9.875362030159188 ], [ -77.376531959786149, -9.875305148062957 ], [ -77.376588511306238, -9.875248265961595 ], [ -77.376645062806944, -9.875191383855096 ], [ -77.376701614288265, -9.875134501743473 ], [ -77.376758165750189, -9.875077619626717 ], [ -77.37681471719273, -9.875020737504826 ], [ -77.376813906300015, -9.874907777364713 ], [ -77.376870457708648, -9.874850895241973 ], [ -77.376927009097898, -9.874794013114101 ], [ -77.376925387283592, -9.874568092848516 ], [ -77.376981938624411, -9.874511210724069 ], [ -77.377038489945846, -9.874454328594494 ], [ -77.377095041247898, -9.874397446459787 ], [ -77.377151592530566, -9.874340564319953 ], [ -77.377208143793837, -9.874283682174987 ], [ -77.377264695037738, -9.874226800024891 ], [ -77.377321246262255, -9.874169917869667 ], [ -77.377378608485799, -9.874225995808297 ], [ -77.377435970728726, -9.874282073732422 ], [ -77.377549884181562, -9.874281269453464 ], [ -77.377606435352703, -9.874224387259764 ], [ -77.377662986504447, -9.874167505060939 ], [ -77.378118640024326, -9.874164287444346 ], [ -77.378175191059668, -9.874107405182254 ], [ -77.378231742075599, -9.874050522915029 ], [ -77.378288293072174, -9.873993640642681 ], [ -77.378344844049352, -9.873936758365209 ], [ -77.378401395007145, -9.873879876082608 ], [ -77.378457945945556, -9.873822993794883 ], [ -77.378571859155642, -9.873822189207415 ], [ -77.378628410050396, -9.873765306900026 ], [ -77.378684960925781, -9.873708424587516 ], [ -77.378912787219676, -9.873706815239112 ], [ -77.378970149549389, -9.873762892863345 ], [ -77.379027511898499, -9.873818970473073 ], [ -77.379084062696236, -9.87376208810756 ], [ -77.37914061347459, -9.873705205736922 ], [ -77.379368439690523, -9.873703596080942 ], [ -77.379425802078288, -9.873759673609516 ], [ -77.379483164485436, -9.873815751123574 ], [ -77.379539715186141, -9.873758868699939 ], [ -77.379596265867463, -9.873701986271181 ], [ -77.379652816529401, -9.873645103837298 ], [ -77.379709367171955, -9.87358822139829 ], [ -77.379765917795112, -9.873531338954161 ], [ -77.379822468398899, -9.873474456504905 ], [ -77.380278120247667, -9.873471236191554 ], [ -77.380334670735039, -9.873414353679062 ], [ -77.380391221203013, -9.873357471161452 ], [ -77.380447771651603, -9.873300588638717 ], [ -77.380504322080824, -9.873243706110861 ], [ -77.380560872490648, -9.87318682357788 ], [ -77.380617422881102, -9.873129941039783 ], [ -77.380673973252158, -9.873073058496562 ], [ -77.380673161206914, -9.872960098661514 ], [ -77.380729711544078, -9.872903216117454 ], [ -77.380786261861857, -9.872846333568278 ], [ -77.380785449797344, -9.872733373740971 ], [ -77.380842000081245, -9.872676491190958 ], [ -77.380898550345776, -9.872619608635826 ], [ -77.380955100590896, -9.872562726075572 ], [ -77.381069013160072, -9.872561920745582 ], [ -77.381125563361579, -9.872505038165686 ], [ -77.381182113543687, -9.872448155580669 ], [ -77.381296026054585, -9.87244735018319 ], [ -77.381352576193066, -9.87239046757853 ], [ -77.38135176397374, -9.872277507794896 ], [ -77.381408314078328, -9.872220625189403 ], [ -77.381464864163533, -9.87216374257879 ], [ -77.381521414229368, -9.872106859963058 ], [ -77.381577964275806, -9.872049977342208 ], [ -77.38163451430286, -9.871993094716238 ], [ -77.381691064310544, -9.871936212085155 ], [ -77.38174761429886, -9.87187932944895 ], [ -77.381804164267763, -9.871822446807627 ], [ -77.381860714217311, -9.871765564161189 ], [ -77.381917264147461, -9.871708681509633 ], [ -77.381973814058256, -9.871651798852959 ], [ -77.382201638391038, -9.87165018761293 ], [ -77.382258188233919, -9.871593304922099 ], [ -77.382314738057417, -9.871536422226152 ], [ -77.382371287861545, -9.871479539525087 ], [ -77.38242783764629, -9.871422656818906 ], [ -77.382484387411651, -9.871365774107609 ], [ -77.382540937157628, -9.871308891391196 ], [ -77.382654849163828, -9.871308085626405 ], [ -77.382712211462817, -9.871364162568629 ], [ -77.382769573781161, -9.871420239496342 ], [ -77.382826123473748, -9.871363356741485 ], [ -77.382882673146952, -9.871306473981514 ], [ -77.382940035474917, -9.871362550875906 ], [ -77.38299739782228, -9.871418627755778 ], [ -77.383054760189012, -9.871474704621138 ], [ -77.383112122575128, -9.871530781471982 ], [ -77.383339946635189, -9.871529169481994 ], [ -77.383396496220968, -9.871472286650258 ], [ -77.383453045787363, -9.871415403813408 ], [ -77.384136517442087, -9.871410566746741 ], [ -77.384193066843523, -9.871353683817674 ], [ -77.384249616225603, -9.871296800883496 ], [ -77.384306165588285, -9.871239917944207 ], [ -77.384362714931598, -9.871183034999804 ], [ -77.384419264255527, -9.871126152050291 ], [ -77.384475813560087, -9.871069269095665 ], [ -77.384532362845249, -9.871012386135929 ], [ -77.384588912111042, -9.87095550317108 ], [ -77.384645461357465, -9.870898620201119 ], [ -77.38470201058449, -9.870841737226051 ], [ -77.384758559792161, -9.870784854245869 ], [ -77.384815108980433, -9.870727971260576 ], [ -77.384871658149336, -9.870671088270173 ], [ -77.38492820729887, -9.870614205274661 ], [ -77.38498475642902, -9.87055732227404 ], [ -77.384982316548061, -9.870218443783697 ], [ -77.385038865615357, -9.870161560790844 ], [ -77.385095414663283, -9.870104677792881 ], [ -77.385093788066854, -9.869878758812384 ], [ -77.385150337066406, -9.869821875817896 ], [ -77.385378159612188, -9.86982026272643 ], [ -77.385434708543855, -9.869763379697815 ], [ -77.385491257456138, -9.869706496664092 ], [ -77.385605168665847, -9.869705690031688 ], [ -77.385661717534489, -9.869648806978347 ], [ -77.38566090407673, -9.869535847532267 ], [ -77.385717452911507, -9.869478964478111 ], [ -77.385774001726887, -9.869422081418847 ], [ -77.385830550522911, -9.869365198354478 ], [ -77.38588709929958, -9.869308315285 ], [ -77.385943648056852, -9.869251432210415 ], [ -77.386000196794754, -9.869194549130725 ], [ -77.385999383259815, -9.869081589709593 ], [ -77.386055931963867, -9.869024706629089 ], [ -77.386112480648521, -9.868967823543478 ], [ -77.386169029313805, -9.868910940452764 ], [ -77.386225577959721, -9.868854057356943 ], [ -77.386282126586266, -9.868797174256013 ], [ -77.386396037417569, -9.868796367429908 ], [ -77.386452586000473, -9.868739484309369 ], [ -77.386509134564008, -9.868682601183727 ], [ -77.386565683108159, -9.868625718052975 ], [ -77.386622231632956, -9.868568834917122 ], [ -77.386678780138368, -9.86851195177616 ], [ -77.386735328624397, -9.868455068630098 ], [ -77.386791877091056, -9.868398185478931 ], [ -77.386791063353314, -9.868285226117939 ], [ -77.386847611786123, -9.868228342965962 ], [ -77.386904160199563, -9.868171459808883 ], [ -77.38696070859362, -9.868114576646699 ], [ -77.387017256968321, -9.868057693479413 ], [ -77.387073805323638, -9.86800081030702 ], [ -77.387130353659572, -9.867943927129527 ], [ -77.38718690197615, -9.867887043946929 ], [ -77.387243450273331, -9.867830160759231 ], [ -77.387299998551171, -9.867773277566426 ], [ -77.387527819330586, -9.867771663353629 ], [ -77.387584367540512, -9.867714780126718 ], [ -77.387640915731069, -9.867657896894706 ], [ -77.387697463902256, -9.867601013657591 ], [ -77.387754012054074, -9.867544130415377 ], [ -77.387810560186509, -9.867487247168061 ], [ -77.387867108299602, -9.867430363915643 ], [ -77.387923656393298, -9.867373480658124 ], [ -77.387980204467624, -9.867316597395504 ], [ -77.388036752522595, -9.867259714127783 ], [ -77.388093300558197, -9.867202830854962 ], [ -77.388149848574415, -9.86714594757704 ], [ -77.388206396571249, -9.867089064294017 ], [ -77.388320306655146, -9.867088256955974 ], [ -77.388376854608381, -9.867031373653354 ], [ -77.388433402542219, -9.866974490345632 ], [ -77.388889042585845, -9.86697126049328 ], [ -77.388945590403281, -9.866914377122464 ], [ -77.389002138201334, -9.866857493746553 ], [ -77.389058685980032, -9.866800610365543 ], [ -77.389115233739346, -9.866743726979434 ], [ -77.389171781479291, -9.866686843588228 ], [ -77.389228329199867, -9.866629960191924 ], [ -77.389284876901087, -9.866573076790521 ], [ -77.389341424582923, -9.866516193384021 ], [ -77.389569244157826, -9.866514577995385 ], [ -77.389625791771778, -9.866457694554796 ], [ -77.389682339366345, -9.866400811109111 ], [ -77.389738886941572, -9.866343927658329 ], [ -77.389795434497401, -9.866287044202453 ], [ -77.389851982033875, -9.866230160741479 ], [ -77.389908529550979, -9.866173277275408 ], [ -77.390364168001, -9.866170045689261 ], [ -77.390420715401689, -9.866113162160122 ], [ -77.390477262782994, -9.866056278625885 ], [ -77.390533810144944, -9.865999395086554 ], [ -77.390590357487511, -9.865942511542132 ], [ -77.390646904810723, -9.865885627992617 ], [ -77.390703452114565, -9.865828744438002 ], [ -77.390817361556998, -9.865827936358471 ], [ -77.390873908817213, -9.865771052784273 ], [ -77.390930456058058, -9.865714169204979 ], [ -77.39104436544217, -9.865713361058051 ], [ -77.391100912639388, -9.865656477459178 ], [ -77.391157459817236, -9.865599593855206 ], [ -77.391214006975702, -9.865542710246144 ], [ -77.391270554114811, -9.865485826631991 ], [ -77.391384463392086, -9.865485018388691 ], [ -77.391441010487569, -9.86542813475495 ], [ -77.391497557563682, -9.865371251116123 ], [ -77.391554104620411, -9.865314367472202 ], [ -77.391552474429091, -9.865088449496648 ], [ -77.391609021437532, -9.865031565856246 ], [ -77.391665568426603, -9.864974682210754 ], [ -77.391663123126278, -9.864635805267095 ], [ -77.391605761114548, -9.864579729912501 ], [ -77.391548399122186, -9.86452365454338 ], [ -77.391604946058308, -9.864466770924508 ], [ -77.391661492975047, -9.864409887300546 ], [ -77.391659047821648, -9.864071010344562 ], [ -77.391601685931249, -9.864014934964327 ], [ -77.391544324060206, -9.86395885956957 ], [ -77.391600870923966, -9.863901975972228 ], [ -77.391657417768386, -9.863845092369797 ], [ -77.391656602756441, -9.86373213338118 ], [ -77.391713149567025, -9.863675249777966 ], [ -77.391769696358239, -9.863618366169662 ], [ -77.391826243130083, -9.863561482556266 ], [ -77.391882789882587, -9.863504598937784 ], [ -77.391881974822567, -9.863391639965569 ], [ -77.391824613048811, -9.863335564602409 ], [ -77.391767251294397, -9.863279489224723 ], [ -77.39182379802287, -9.863222605624248 ], [ -77.391880344731945, -9.863165722018683 ], [ -77.391936891421693, -9.86310883840803 ], [ -77.391993438092072, -9.863051954792285 ], [ -77.392049984743082, -9.862995071171454 ], [ -77.392106531374722, -9.862938187545536 ], [ -77.392163077987021, -9.862881303914529 ], [ -77.392219624579937, -9.862824420278431 ], [ -77.392276171153512, -9.862767536637246 ], [ -77.392332717707717, -9.862710652990977 ], [ -77.392389264242553, -9.862653769339618 ], [ -77.392503172453658, -9.862652960948115 ], [ -77.392559718944881, -9.862596077277187 ], [ -77.392616265416748, -9.862539193601171 ], [ -77.393527530364551, -9.862532724854997 ], [ -77.393584076622972, -9.86247584105805 ], [ -77.393640622862009, -9.862418957256018 ], [ -77.39369716908169, -9.862362073448901 ], [ -77.393753715282017, -9.862305189636702 ], [ -77.393810261462988, -9.862248305819413 ], [ -77.39386680762459, -9.862191421997046 ], [ -77.393923353766837, -9.862134538169594 ], [ -77.393922538127441, -9.862021579357418 ], [ -77.39397908423588, -9.86196469552919 ], [ -77.39403563032495, -9.861907811695881 ], [ -77.394033999017751, -9.86168189408631 ], [ -77.394090545058532, -9.861625010256537 ], [ -77.394147091079986, -9.861568126421682 ], [ -77.394146275412183, -9.861455167624287 ], [ -77.394202821399801, -9.861398283788658 ], [ -77.394259367368065, -9.861341399947948 ], [ -77.394258551681162, -9.861228441158355 ], [ -77.394315097615618, -9.861171557316872 ], [ -77.394371643530718, -9.861114673470311 ], [ -77.394370012128491, -9.860888755905899 ], [ -77.394426557995331, -9.860831872062878 ], [ -77.394483103842802, -9.860774988214777 ], [ -77.394539649670918, -9.860718104361592 ], [ -77.394596195479679, -9.860661220503324 ], [ -77.394652741269084, -9.860604336639978 ], [ -77.394709287039134, -9.860547452771549 ], [ -77.394708471266014, -9.860434494013983 ], [ -77.394765017002243, -9.860377610144788 ], [ -77.39482156271913, -9.86032072627051 ], [ -77.394819115371931, -9.859981850018752 ], [ -77.394875661026106, -9.859924966152334 ], [ -77.394932206660926, -9.859868082280835 ], [ -77.394930575087358, -9.859642164792806 ], [ -77.394987120673932, -9.859585280924851 ], [ -77.395043666241136, -9.859528397051818 ], [ -77.395042034649009, -9.859302479577755 ], [ -77.395098580167954, -9.859245595708266 ], [ -77.395155125667557, -9.859188711833703 ], [ -77.395211671147806, -9.859131827954062 ], [ -77.395268216608699, -9.859074944069338 ], [ -77.395324762050237, -9.85901806017954 ], [ -77.39538130747242, -9.858961176284661 ], [ -77.395380491604385, -9.858848217572277 ], [ -77.395437036992774, -9.858791333676635 ], [ -77.395493582361794, -9.858734449775914 ], [ -77.395550127711473, -9.858677565870117 ], [ -77.395664034293048, -9.858676756734109 ], [ -77.395720579599114, -9.858619872808767 ], [ -77.395777124885825, -9.858562988878351 ], [ -77.395833670153195, -9.858506104942856 ], [ -77.395890215401195, -9.858449221002285 ], [ -77.395946760629869, -9.858392337056635 ], [ -77.396003305839159, -9.858335453105914 ], [ -77.396059851029122, -9.858278569150112 ], [ -77.396116396199716, -9.858221685189239 ], [ -77.396172941350969, -9.858164801223285 ], [ -77.396229486482866, -9.85810791725226 ], [ -77.396286031595423, -9.858051033276162 ], [ -77.39634257668861, -9.857994149294983 ], [ -77.396399121762471, -9.857937265308731 ], [ -77.396455666816948, -9.857880381317402 ], [ -77.396512211852098, -9.857823497321004 ], [ -77.396568756867893, -9.85776661331953 ], [ -77.396625301864333, -9.85770972931298 ], [ -77.396681846841417, -9.857652845301356 ], [ -77.39679575297653, -9.857652035866581 ], [ -77.396852297910002, -9.857595151835421 ], [ -77.396908842824132, -9.857538267799187 ], [ -77.397022748900909, -9.857537458297104 ], [ -77.397080110102237, -9.857593532821801 ], [ -77.397137471322935, -9.857649607331972 ], [ -77.397365283504783, -9.857647988116994 ], [ -77.397422644773698, -9.8577040625648 ], [ -77.397480006061983, -9.857760136998078 ], [ -77.397593912167054, -9.85775932728518 ], [ -77.397651273489117, -9.857815401680005 ], [ -77.397708634830536, -9.857871476060305 ], [ -77.397822540954678, -9.857870666261187 ], [ -77.397879902329876, -9.857926740603036 ], [ -77.39793726372443, -9.857982814930356 ], [ -77.398165076001021, -9.85798119512129 ], [ -77.398221620686698, -9.857924310903631 ], [ -77.39827816535302, -9.857867426680896 ], [ -77.398392071428049, -9.857866616689869 ], [ -77.398448616050771, -9.857809732447606 ], [ -77.398505160654139, -9.857752848200269 ], [ -77.398562522091723, -9.857808922403734 ], [ -77.398619883548662, -9.857864996592671 ], [ -77.399189413678215, -9.857860945677997 ], [ -77.39924595813109, -9.857804061334514 ], [ -77.399302502564623, -9.857747176985962 ], [ -77.399530314450615, -9.857745556293589 ], [ -77.399586858816249, -9.857688671911049 ], [ -77.399643403162543, -9.857631787523443 ], [ -77.399699947489495, -9.85757490313077 ], [ -77.399756491797078, -9.857518018733028 ], [ -77.399813036085334, -9.857461134330219 ], [ -77.39981058436544, -9.857122259265031 ], [ -77.399867128591026, -9.857065374870121 ], [ -77.399923672797271, -9.857008490470143 ], [ -77.399922855548098, -9.856895532122083 ], [ -77.39997939972055, -9.856838647721363 ], [ -77.400093305299905, -9.856837837239809 ], [ -77.400149849428743, -9.856780952819564 ], [ -77.400206393538241, -9.856724068394255 ], [ -77.400434204570388, -9.856722447258203 ], [ -77.400490748612015, -9.856665562798922 ], [ -77.400547292634286, -9.856608678334572 ], [ -77.400603836637217, -9.856551793865155 ], [ -77.400660380620778, -9.856494909390674 ], [ -77.40077428602504, -9.856494098707268 ], [ -77.400830829965017, -9.856437214213271 ], [ -77.400887373885624, -9.856380329714206 ], [ -77.401001279231537, -9.85637951896352 ], [ -77.401057823108545, -9.85632263444494 ], [ -77.401114366966198, -9.856265749921297 ], [ -77.401228272253746, -9.856264939103328 ], [ -77.4012848160678, -9.85620805456017 ], [ -77.401341359862499, -9.856151170011946 ], [ -77.401455265091684, -9.856150359126701 ], [ -77.40151180884277, -9.856093474558964 ], [ -77.401568352574515, -9.856036589986168 ], [ -77.401796162906308, -9.856034968042749 ], [ -77.401852706570168, -9.855978083435987 ], [ -77.401909250214686, -9.855921198824159 ], [ -77.401965793839864, -9.855864314207272 ], [ -77.402022337445686, -9.855807429585328 ], [ -77.402078881032168, -9.855750544958319 ], [ -77.402135424599294, -9.855693660326249 ], [ -77.402704949528655, -9.855689604362693 ], [ -77.402762311063483, -9.855745677773621 ], [ -77.402819672617639, -9.855801751170015 ], [ -77.402877034191164, -9.855857824551869 ], [ -77.402934395784015, -9.855913897919189 ], [ -77.403276110796668, -9.855911463593481 ], [ -77.403332654130637, -9.855854578803212 ], [ -77.403389197445264, -9.85579769400789 ], [ -77.403503102381251, -9.855796882460345 ], [ -77.403559645652265, -9.855739997645516 ], [ -77.403616188903939, -9.855683112825627 ], [ -77.403730093781547, -9.85568230121082 ], [ -77.403787455446192, -9.855738374406414 ], [ -77.403844817130192, -9.855794447587478 ], [ -77.404072626913575, -9.855792824147033 ], [ -77.404129170063243, -9.855735939259974 ], [ -77.40418571319357, -9.85567905436786 ], [ -77.404299618021952, -9.85567824256119 ], [ -77.404356161108666, -9.855621357649571 ], [ -77.404412704176025, -9.855564472732899 ], [ -77.404469247224043, -9.85550758781117 ], [ -77.404468428554992, -9.855394629831434 ], [ -77.404524971569231, -9.855337744908978 ], [ -77.404581514564128, -9.855280859981466 ], [ -77.4046380575397, -9.855223975048897 ], [ -77.404694600495901, -9.85516709011128 ], [ -77.404751143432776, -9.855110205168598 ], [ -77.404807686350296, -9.855053320220865 ], [ -77.404864229248489, -9.854996435268081 ], [ -77.404920772127312, -9.854939550310233 ], [ -77.404977314986795, -9.854882665347336 ], [ -77.405033857826936, -9.854825780379384 ], [ -77.405032220229984, -9.854599864504078 ], [ -77.405088763021951, -9.854542979539737 ], [ -77.405145305794562, -9.854486094570339 ], [ -77.405201848547847, -9.854429209595889 ], [ -77.405315752862023, -9.854428397548224 ], [ -77.405372295571681, -9.85437151255428 ], [ -77.405428838261997, -9.854314627555283 ], [ -77.405542742517781, -9.854313815440372 ], [ -77.405599285164485, -9.854256930421885 ], [ -77.405655827791847, -9.854200045398342 ], [ -77.405712370399883, -9.854143160369745 ], [ -77.405768912988549, -9.854086275336096 ], [ -77.405825455557888, -9.854029390297393 ], [ -77.405822998571708, -9.853690516665191 ], [ -77.405765637084343, -9.853634443807515 ], [ -77.40570827561632, -9.853578370935297 ], [ -77.405650914167637, -9.853522298048533 ], [ -77.40559355273831, -9.853466225147235 ], [ -77.405589458443728, -9.852901435640694 ], [ -77.405646000898102, -9.852844550669152 ], [ -77.405702543333149, -9.85278766569256 ], [ -77.405759085748841, -9.852730780710916 ], [ -77.405815628145191, -9.852673895724221 ], [ -77.40587217052223, -9.852617010732473 ], [ -77.405928712879913, -9.852560125735678 ], [ -77.405985255218255, -9.852503240733828 ], [ -77.406099158805844, -9.852502428578932 ], [ -77.406155701100573, -9.8524455435576 ], [ -77.40621224337599, -9.852388658531217 ], [ -77.406268785632037, -9.852331773499785 ], [ -77.406267966619865, -9.852218815648841 ], [ -77.406324508842175, -9.852161930616695 ], [ -77.406552315716326, -9.852160306095332 ], [ -77.406608857870765, -9.85210342102927 ], [ -77.406665400005863, -9.852046535958161 ], [ -77.406721942121621, -9.851989650882002 ], [ -77.406778484218037, -9.851932765800795 ], [ -77.406835026295113, -9.851875880714539 ], [ -77.406891568352876, -9.851818995623233 ], [ -77.406948110391284, -9.851762110526881 ], [ -77.406946472011242, -9.851536194929871 ], [ -77.407003014001489, -9.851479309837147 ], [ -77.40705955597241, -9.851422424739368 ], [ -77.407116097923989, -9.85136553963655 ], [ -77.407172639856228, -9.851308654528681 ], [ -77.407229181769139, -9.851251769415766 ], [ -77.407285723662696, -9.851194884297804 ], [ -77.40734226553694, -9.851137999174798 ], [ -77.407398807391829, -9.851081114046744 ], [ -77.407455349227391, -9.851024228913644 ], [ -77.407511891043612, -9.850967343775498 ], [ -77.407511071724301, -9.850854386019128 ], [ -77.407567613506785, -9.850797500880269 ], [ -77.407624155269929, -9.850740615736369 ], [ -77.407623335931675, -9.850627657987852 ], [ -77.407679877661081, -9.850570772843245 ], [ -77.407736419371147, -9.850513887693591 ], [ -77.407792961061872, -9.850457002538892 ], [ -77.407849502733271, -9.85040011737915 ], [ -77.407848683347254, -9.850287159647159 ], [ -77.407905224984916, -9.850230274486711 ], [ -77.407961766603236, -9.850173389321219 ], [ -77.407956850321369, -9.849495642964083 ], [ -77.407899489458075, -9.849439570370146 ], [ -77.407842128614107, -9.849383497761666 ], [ -77.407841309316836, -9.849270540022284 ], [ -77.407783948516467, -9.849214467394107 ], [ -77.407726587735439, -9.849158394751388 ], [ -77.407669226973724, -9.849102322094128 ], [ -77.407611866231349, -9.849046249422328 ], [ -77.407607770378135, -9.848481460609916 ], [ -77.407664311833884, -9.848424575547718 ], [ -77.407720853270305, -9.848367690480481 ], [ -77.407720034100436, -9.848254732724207 ], [ -77.407776575503121, -9.848197847656266 ], [ -77.407833116886465, -9.848140962583276 ], [ -77.407889658250497, -9.84808407750525 ], [ -77.407946199595173, -9.848027192422178 ], [ -77.408002740920537, -9.847970307334069 ], [ -77.408059282226574, -9.847913422240913 ], [ -77.408001921688538, -9.847857349598664 ], [ -77.407774118009485, -9.847858974395534 ], [ -77.40771675751958, -9.847802901690905 ], [ -77.407659397049002, -9.847746828971742 ], [ -77.407602036597751, -9.847690756238036 ], [ -77.407544676165841, -9.847634683489794 ], [ -77.407487315753244, -9.847578610727012 ], [ -77.407486496729717, -9.847465652945999 ], [ -77.407429136360719, -9.847409580163523 ], [ -77.407371776011047, -9.847353507366504 ], [ -77.407314415680702, -9.847297434554955 ], [ -77.407257055369698, -9.847241361728861 ], [ -77.407199695078006, -9.847185288888236 ], [ -77.407142334805641, -9.847129216033071 ], [ -77.407084974552617, -9.847073143163366 ], [ -77.406515466239725, -9.847077203002087 ], [ -77.406458106078034, -9.847021129998272 ], [ -77.40640074593567, -9.846965056979922 ], [ -77.405147827096997, -9.846973984725269 ], [ -77.405090467132368, -9.846917911429339 ], [ -77.40503310718708, -9.846861838118874 ], [ -77.404349696581932, -9.846866705556002 ], [ -77.404292336742387, -9.846810632087536 ], [ -77.404234976922183, -9.846754558604546 ], [ -77.404177617121292, -9.846698485107019 ], [ -77.404120257339727, -9.846642411594964 ], [ -77.404006355595357, -9.846643222604666 ], [ -77.403948995847529, -9.846587149054173 ], [ -77.403891636119027, -9.846531075489148 ], [ -77.403834276409853, -9.846475001909591 ], [ -77.403776916720005, -9.846418928315508 ], [ -77.403321309874585, -9.846422171588413 ], [ -77.403263950261689, -9.846366097884168 ], [ -77.403206590668105, -9.846310024165396 ], [ -77.402864885517147, -9.846312456074108 ], [ -77.40280752598612, -9.846256382269084 ], [ -77.402750166474405, -9.846200308449532 ], [ -77.402180657836752, -9.846204360624963 ], [ -77.402123298416399, -9.846148286671356 ], [ -77.402065939015387, -9.846092212703226 ], [ -77.40195203728716, -9.846093022975499 ], [ -77.401894677919884, -9.846036948968935 ], [ -77.40183731857195, -9.845980874947848 ], [ -77.401153908168922, -9.845985735489611 ], [ -77.401096548926745, -9.84592966131058 ], [ -77.401039189703894, -9.845873587117028 ], [ -77.400811386215196, -9.845875206895334 ], [ -77.400754027040506, -9.845819132639454 ], [ -77.400696667885128, -9.84576305836905 ], [ -77.400639308749092, -9.845706984084121 ], [ -77.400581949632368, -9.84565090978467 ], [ -77.400354146219627, -9.845652529218434 ], [ -77.400296787151049, -9.845596454856661 ], [ -77.400239428101798, -9.845540380480367 ], [ -77.399897722995433, -9.845542809200115 ], [ -77.399840364008725, -9.845486734737602 ], [ -77.399783005041371, -9.845430660260563 ], [ -77.399726462301359, -9.845487544210284 ], [ -77.399669919542035, -9.845544428154952 ], [ -77.399442116049329, -9.845546046956461 ], [ -77.399385573222204, -9.845602930867198 ], [ -77.399329030375753, -9.845659814772883 ], [ -77.399101226746794, -9.845661433363318 ], [ -77.399043867836752, -9.845605358738657 ], [ -77.398986508946038, -9.845549284099478 ], [ -77.398530901685561, -9.845552520629173 ], [ -77.398474358664515, -9.845609404424431 ], [ -77.398417815624157, -9.84566628821463 ], [ -77.398303913736015, -9.845667097222352 ], [ -77.398246554926857, -9.845611022430411 ], [ -77.398189196137054, -9.845554947623951 ], [ -77.398131837366563, -9.845498872802974 ], [ -77.398074478615399, -9.845442797967479 ], [ -77.398017119883562, -9.845386723117464 ], [ -77.397959761171052, -9.845330648252935 ], [ -77.397902402477854, -9.84527457337389 ], [ -77.397845043803997, -9.845218498480325 ], [ -77.397787685149453, -9.845162423572244 ], [ -77.397730326514235, -9.845106348649644 ], [ -77.397616424760415, -9.845107157380079 ], [ -77.397559066158948, -9.84505108241907 ], [ -77.397558250724529, -9.844938123794753 ], [ -77.397500892166619, -9.844882048814092 ], [ -77.397443533628035, -9.844825973818912 ], [ -77.397386175108764, -9.844769898809218 ], [ -77.39727227344143, -9.844770707396291 ], [ -77.397214914955896, -9.84471463234819 ], [ -77.397157556489688, -9.844658557285573 ], [ -77.397100198042807, -9.84460248220844 ], [ -77.397042839615239, -9.844546407116793 ], [ -77.396928937995767, -9.844547215569968 ], [ -77.39687157960195, -9.844491140439917 ], [ -77.396870764448522, -9.844378181754765 ], [ -77.396813406098246, -9.844322106605061 ], [ -77.396756047767312, -9.84426603144084 ], [ -77.39669868945569, -9.844209956262107 ], [ -77.39664133116338, -9.844153881068861 ], [ -77.396639701079792, -9.843927963655005 ], [ -77.396582342855282, -9.843871888436972 ], [ -77.396524984650085, -9.843815813204428 ], [ -77.396467626464215, -9.843759737957367 ], [ -77.396410268297672, -9.843703662695798 ], [ -77.396409453367511, -9.843590703967093 ], [ -77.396352095244524, -9.843534628685871 ], [ -77.396294737140835, -9.84347855339014 ], [ -77.396237379056473, -9.843422478079894 ], [ -77.396180020991437, -9.843366402755143 ], [ -77.396122662945729, -9.843310327415871 ], [ -77.396065304919333, -9.843254252062092 ], [ -77.396062045878281, -9.842802417015809 ], [ -77.396004687968116, -9.842746341626977 ], [ -77.395947330077277, -9.842690266223634 ], [ -77.395946515389994, -9.842577307449744 ], [ -77.395889157542697, -9.842521232026757 ], [ -77.395831799714699, -9.842465156589258 ], [ -77.395774441906042, -9.842409081137248 ], [ -77.395717084116697, -9.842353005670729 ], [ -77.395659726346665, -9.842296930189699 ], [ -77.395431924408072, -9.842298545759881 ], [ -77.395374566686201, -9.842242470216574 ], [ -77.395317208983627, -9.842186394658755 ], [ -77.395259851300381, -9.842130319086433 ], [ -77.395202493636461, -9.842074243499601 ], [ -77.395088592710124, -9.842075051131673 ], [ -77.395031235079927, -9.842018975506448 ], [ -77.394973877469042, -9.841962899866717 ], [ -77.394916519877498, -9.841906824212476 ], [ -77.394859162305252, -9.841850748543726 ], [ -77.394801804752333, -9.841794672860471 ], [ -77.394744447218741, -9.841738597162708 ], [ -77.394516645509597, -9.841740212025314 ], [ -77.394459288024123, -9.841684136265279 ], [ -77.394401930558004, -9.84162806049074 ], [ -77.394344573111184, -9.841571984701691 ], [ -77.394287215683676, -9.84151590889814 ], [ -77.394229858275494, -9.84145983308008 ], [ -77.394172500886626, -9.841403757247516 ], [ -77.394115143517084, -9.841347681400444 ], [ -77.394057786166854, -9.841291605538869 ], [ -77.394000428835923, -9.841235529662786 ], [ -77.393943071524333, -9.841179453772199 ], [ -77.393715270064277, -9.841181068003934 ], [ -77.393657912800819, -9.841124992051082 ], [ -77.393600555556688, -9.841068916083728 ], [ -77.393543198331869, -9.841012840101872 ], [ -77.393485841126378, -9.840956764105508 ], [ -77.393428483940184, -9.84090068809464 ], [ -77.393427670259783, -9.840787729099834 ], [ -77.393370313117131, -9.840731653069334 ], [ -77.393312955993792, -9.840675577024331 ], [ -77.39325559888978, -9.840619500964822 ], [ -77.393198241805067, -9.840563424890812 ], [ -77.39314088473968, -9.840507348802298 ], [ -77.393083527693605, -9.840451272699283 ], [ -77.393026170666843, -9.840395196581763 ], [ -77.392968813659394, -9.840339120449743 ], [ -77.392911456671271, -9.840283044303218 ], [ -77.392854099702461, -9.840226968142192 ], [ -77.392796742752964, -9.840170891966665 ], [ -77.392739385822765, -9.840114815776632 ], [ -77.392682028911906, -9.840058739572106 ], [ -77.392624672020347, -9.84000266335307 ], [ -77.392567315148099, -9.839946587119535 ], [ -77.392509958295179, -9.839890510871502 ], [ -77.392452601461557, -9.839834434608965 ], [ -77.392395244647261, -9.839778358331928 ], [ -77.392337887852278, -9.839722282040389 ], [ -77.391768385953711, -9.839726314036962 ], [ -77.391711842253102, -9.839783196756123 ], [ -77.391655298533166, -9.839840079470216 ], [ -77.391598754793932, -9.839896962179241 ], [ -77.391542211035386, -9.839953844883198 ], [ -77.391484854312196, -9.839897768420306 ], [ -77.391427497608348, -9.839841691942917 ], [ -77.391313597131244, -9.839842498121801 ], [ -77.391256240461104, -9.839786421606041 ], [ -77.39119888381029, -9.839730345075781 ], [ -77.391084983352243, -9.839731151168609 ], [ -77.391027626735138, -9.839675074599983 ], [ -77.391026813973724, -9.839562115398014 ], [ -77.390969457400161, -9.839506038809764 ], [ -77.390855556999767, -9.839506844807111 ], [ -77.390799013134313, -9.839563727402147 ], [ -77.39074246924956, -9.83962060999211 ], [ -77.39068592534548, -9.839677492577007 ], [ -77.39068755066593, -9.839903411035067 ], [ -77.390631006713704, -9.839960293623504 ], [ -77.390517106129423, -9.839961099543643 ], [ -77.390460562133669, -9.840017982112572 ], [ -77.390404018118602, -9.840074864676431 ], [ -77.390347474084223, -9.840131747235223 ], [ -77.390290930030517, -9.840188629788946 ], [ -77.39017702933964, -9.840189435613006 ], [ -77.39012048524242, -9.840246318147214 ], [ -77.390063941125874, -9.840303200676356 ], [ -77.390007396990029, -9.840360083200428 ], [ -77.389950852834858, -9.840416965719429 ], [ -77.389836952037356, -9.840417771447402 ], [ -77.389780407838643, -9.840474653946893 ], [ -77.389723863620645, -9.840531536441308 ], [ -77.389609962764936, -9.84053234210208 ], [ -77.389553418503397, -9.840589224576984 ], [ -77.389554230850734, -9.840702183894138 ], [ -77.389497686555472, -9.840759066368275 ], [ -77.389441142240884, -9.840815948837337 ], [ -77.389441954569151, -9.840928908162279 ], [ -77.389385410220825, -9.840985790630574 ], [ -77.389328865853173, -9.841042673093797 ], [ -77.389331302810149, -9.841381551089512 ], [ -77.389274758379912, -9.841438433560571 ], [ -77.389218213930363, -9.841495316026554 ], [ -77.389161669461487, -9.841552198487468 ], [ -77.389105124973298, -9.841609080943305 ], [ -77.389048580465797, -9.841665963394075 ], [ -77.388992035938969, -9.841722845839769 ], [ -77.388993660452755, -9.841948764551102 ], [ -77.388937115877766, -9.842005647000326 ], [ -77.388880571283451, -9.842062529444474 ], [ -77.388824026669823, -9.842119411883552 ], [ -77.388767482036855, -9.842176294317555 ], [ -77.38876991870778, -9.842515172430025 ], [ -77.388713374012227, -9.842572054871857 ], [ -77.388656829297346, -9.842628937308612 ], [ -77.388600284563154, -9.842685819740293 ], [ -77.388543739809634, -9.8427427021669 ], [ -77.388487195036802, -9.842799584588434 ], [ -77.388430650244644, -9.842856467004887 ], [ -77.388374105433158, -9.842913349416268 ], [ -77.38831756060236, -9.842970231822575 ], [ -77.388374917575362, -9.84302630881556 ], [ -77.388432274567677, -9.843082385794043 ], [ -77.388433086743845, -9.843195345187393 ], [ -77.388376541889073, -9.843252227611671 ], [ -77.388319997014989, -9.84330911003088 ], [ -77.3883208091721, -9.843422069432012 ], [ -77.388264264264251, -9.843478951850441 ], [ -77.388150362276789, -9.843479757258041 ], [ -77.388093817325412, -9.843536639656943 ], [ -77.388037272354723, -9.843593522050766 ], [ -77.387923370309053, -9.843594327391138 ], [ -77.387866825294822, -9.843651209765426 ], [ -77.387867637326693, -9.843764169201775 ], [ -77.38781109227871, -9.84382105157529 ], [ -77.387697190136208, -9.843821856857843 ], [ -77.387640645044684, -9.843878739211824 ], [ -77.387641457018802, -9.843991698665366 ], [ -77.387584911893541, -9.844048581018571 ], [ -77.387528366748938, -9.844105463366692 ], [ -77.387471821585009, -9.844162345709739 ], [ -77.387415276401754, -9.844219228047708 ], [ -77.387416088327925, -9.844332187517626 ], [ -77.387359543110932, -9.844389069854813 ], [ -77.387302997874599, -9.844445952186922 ], [ -77.387246452618939, -9.844502834513952 ], [ -77.387189907343966, -9.844559716835901 ], [ -77.387192343007911, -9.84489859529231 ], [ -77.387135797670311, -9.844955477622074 ], [ -77.387079252313356, -9.845012359946759 ], [ -77.38708006419202, -9.845125319439184 ], [ -77.387023518801328, -9.845182201763084 ], [ -77.386966973391296, -9.845239084081904 ], [ -77.386910427961951, -9.845295966395645 ], [ -77.386853882513279, -9.845352848704303 ], [ -77.38679733704528, -9.845409731007882 ], [ -77.386683434273706, -9.845410536077283 ], [ -77.38662688876218, -9.845467418361322 ], [ -77.386570343231313, -9.845524300640276 ], [ -77.386342537562001, -9.845525910606241 ], [ -77.386285991963391, -9.845582792851195 ], [ -77.386229446345453, -9.845639675091064 ], [ -77.386172900708189, -9.845696557325848 ], [ -77.38617452397412, -9.845922476450662 ], [ -77.386117978288652, -9.845979358688957 ], [ -77.386061432583844, -9.846036240922169 ], [ -77.386004886859723, -9.846093123150299 ], [ -77.385948341116261, -9.846150005373346 ], [ -77.385891795353473, -9.846206887591309 ], [ -77.385835249571358, -9.846263769804187 ], [ -77.38577870376993, -9.846320652011979 ], [ -77.385664800601191, -9.846321456811662 ], [ -77.385608254756207, -9.846378338999907 ], [ -77.385609066249643, -9.846491298604855 ], [ -77.385552520370879, -9.846548180792313 ], [ -77.385495974472803, -9.846605062974685 ], [ -77.385439428555401, -9.846661945151972 ], [ -77.385382882618657, -9.846718827324175 ], [ -77.385384505519298, -9.846944746565969 ], [ -77.385327959534351, -9.847001628741674 ], [ -77.385271413530063, -9.847058510912293 ], [ -77.385214867506448, -9.847115393077823 ], [ -77.385158321463507, -9.847172275238274 ], [ -77.385101775401225, -9.847229157393633 ], [ -77.38504522931963, -9.84728603954391 ], [ -77.384988683218694, -9.847342921689096 ], [ -77.384932137098446, -9.847399803829198 ], [ -77.384875590958856, -9.847456685964215 ], [ -77.384819044799926, -9.847513568094138 ], [ -77.384762498621669, -9.84757045021898 ], [ -77.384705952424099, -9.847627332338732 ], [ -77.384649406207188, -9.847684214453396 ], [ -77.384535502476865, -9.847685018982572 ], [ -77.384478956216398, -9.847741901077679 ], [ -77.384422409936619, -9.847798783167702 ], [ -77.38408069854178, -9.847801196438358 ], [ -77.384023341100615, -9.84774511875308 ], [ -77.38402253004098, -9.847632159025459 ], [ -77.383965172643357, -9.847576081320581 ], [ -77.383907815265061, -9.847520003601208 ], [ -77.383850457906107, -9.847463925867341 ], [ -77.383793100566479, -9.847407848118984 ], [ -77.383735743246177, -9.847351770356134 ], [ -77.383507935851526, -9.847353378706247 ], [ -77.383450578579442, -9.847297300881161 ], [ -77.383393221326713, -9.847241223041589 ], [ -77.383051510248222, -9.847243635135973 ], [ -77.382994153058149, -9.847187557210296 ], [ -77.382936795887431, -9.84713147927013 ], [ -77.382708988510757, -9.847133087045863 ], [ -77.382651631388271, -9.84707700904347 ], [ -77.382594274285097, -9.847020931026584 ], [ -77.38253691720125, -9.84696485299521 ], [ -77.38247956013673, -9.846908774949346 ], [ -77.382365656491572, -9.846909578684228 ], [ -77.382308299460846, -9.846853500600011 ], [ -77.382250942449431, -9.846797422501302 ], [ -77.382193585457344, -9.846741344388109 ], [ -77.382136228484612, -9.846685266260426 ], [ -77.382078871531192, -9.846629188118253 ], [ -77.382021514597085, -9.846573109961595 ], [ -77.381964157682333, -9.84651703179045 ], [ -77.381906800786908, -9.846460953604819 ], [ -77.38185025412858, -9.846517835319917 ], [ -77.38179370745091, -9.846574717029927 ], [ -77.381565900265741, -9.846576323944904 ], [ -77.381509353520343, -9.846633205620874 ], [ -77.381452806755618, -9.846690087291757 ], [ -77.381338903099987, -9.84669089066279 ], [ -77.381282356291734, -9.846747772314103 ], [ -77.381225809464155, -9.846804653960321 ], [ -77.381169262617249, -9.846861535601446 ], [ -77.381112715751001, -9.846918417237481 ], [ -77.381056168865427, -9.846975298868418 ], [ -77.381057788867054, -9.847201218821347 ], [ -77.381001241933248, -9.847258100455763 ], [ -77.380887338045326, -9.847258903720398 ], [ -77.380830791067979, -9.847315785335244 ], [ -77.380831601015842, -9.84742874532844 ], [ -77.380775054004715, -9.847485626942477 ], [ -77.380661150019961, -9.847486430149209 ], [ -77.380604602965306, -9.847543311743674 ], [ -77.380548055891296, -9.847600193333045 ], [ -77.380434151848391, -9.847600996472481 ], [ -77.380377604730853, -9.847657878042277 ], [ -77.380321057594003, -9.847714759606978 ], [ -77.380093249382114, -9.847716365712911 ], [ -77.380036702177506, -9.847773247243563 ], [ -77.379980154953572, -9.847830128769115 ], [ -77.37992360771031, -9.847887010289568 ], [ -77.379924417397632, -9.847999970353779 ], [ -77.379867870120577, -9.84805685187342 ], [ -77.379811322824196, -9.848113733387963 ], [ -77.379812132492347, -9.848226693459923 ], [ -77.379755585162172, -9.848283574973651 ], [ -77.37952777646619, -9.848285180790016 ], [ -77.379471229068272, -9.848342062269685 ], [ -77.379414681651014, -9.848398943744257 ], [ -77.379358134214428, -9.84845582521373 ], [ -77.379301586758515, -9.848512706678106 ], [ -77.379245039283276, -9.84856958813738 ], [ -77.379188491788696, -9.84862646959156 ], [ -77.379131944274789, -9.848683351040636 ], [ -77.379075396741541, -9.848740232484612 ], [ -77.379018849188952, -9.848797113923489 ], [ -77.378962301617051, -9.848853995357267 ], [ -77.378905754025809, -9.848910876785942 ], [ -77.378849206415225, -9.848967758209518 ], [ -77.378792658785315, -9.849024639627993 ], [ -77.378793468183417, -9.84913759977786 ], [ -77.378736920519714, -9.849194481195516 ], [ -77.378680372836669, -9.849251362608072 ], [ -77.378623825134284, -9.849308244015525 ], [ -77.378567277412571, -9.849365125417878 ], [ -77.378510729671547, -9.84942200681513 ], [ -77.378454181911152, -9.849478888207281 ], [ -77.378454991232218, -9.849591848382012 ], [ -77.378398443438044, -9.849648729773341 ], [ -77.378284538514009, -9.849649532353117 ], [ -77.378227990676294, -9.84970641372486 ], [ -77.378171442819223, -9.849763295091499 ], [ -77.37811489494284, -9.849820176453036 ], [ -77.378115704177119, -9.849933136653451 ], [ -77.378059156266929, -9.849990018014166 ], [ -77.377945251197659, -9.849990820507028 ], [ -77.377888703243926, -9.850047701848153 ], [ -77.377832155270866, -9.850104583184173 ], [ -77.3774904398594, -9.850106990345724 ], [ -77.377433891794382, -9.850163871633178 ], [ -77.377377343710023, -9.850220752915526 ], [ -77.377263438504983, -9.850221555197026 ], [ -77.377206890377096, -9.850278436459785 ], [ -77.377150342229854, -9.850335317717438 ], [ -77.377093794063285, -9.850392198969981 ], [ -77.377037245877389, -9.850449080217421 ], [ -77.376980697672138, -9.850505961459756 ], [ -77.376981506578119, -9.850618921749032 ], [ -77.376924958339075, -9.850675802990539 ], [ -77.376868410080689, -9.850732684226941 ], [ -77.376811861802963, -9.850789565458239 ], [ -77.376755313505896, -9.850846446684427 ], [ -77.376698765189502, -9.850903327905511 ], [ -77.376642216853767, -9.850960209121483 ], [ -77.376585668498706, -9.851017090332352 ], [ -77.376471762954807, -9.851017892410997 ], [ -77.376415214556189, -9.851074773602267 ], [ -77.376358666138231, -9.851131654788428 ], [ -77.376302117700945, -9.851188535969481 ], [ -77.376245569244318, -9.851245417145428 ], [ -77.376189020768351, -9.851302298316268 ], [ -77.376132472273042, -9.851359179481999 ], [ -77.376075923758393, -9.851416060642624 ], [ -77.376019375224416, -9.851472941798134 ], [ -77.375962826671099, -9.851529822948541 ], [ -77.375906278098427, -9.851586704093839 ], [ -77.375849729506427, -9.851643585234026 ], [ -77.375793180895087, -9.851700466369106 ], [ -77.375736632264406, -9.851757347499072 ], [ -77.375680083614398, -9.851814228623931 ], [ -77.375623534945021, -9.851871109743682 ], [ -77.375624343503674, -9.851984070135593 ], [ -77.375567794800503, -9.85204095125451 ], [ -77.375511246077977, -9.852097832368317 ], [ -77.375512054617403, -9.852210792767965 ], [ -77.375455505861069, -9.852267673880931 ], [ -77.375398957085395, -9.852324554988792 ], [ -77.375401382675165, -9.852663436208459 ], [ -77.375344833836735, -9.852720317324032 ], [ -77.375288284978936, -9.852777198434497 ], [ -77.375289902029508, -9.853003119260606 ], [ -77.375233353123434, -9.853060000374505 ], [ -77.37517680419802, -9.853116881483293 ], [ -77.375177612708939, -9.853229841903669 ], [ -77.375121063749688, -9.853286723011616 ], [ -77.375064514771097, -9.853343604114455 ], [ -77.375007965773179, -9.85340048521218 ], [ -77.374894059280763, -9.85340128695055 ], [ -77.374837510239274, -9.853458168028663 ], [ -77.374780961178459, -9.853515049101663 ], [ -77.374667054627906, -9.853515850772665 ], [ -77.374610505523535, -9.853572731826052 ], [ -77.374612122246063, -9.853798652753099 ], [ -77.374555573093375, -9.853855533809917 ], [ -77.374441666407321, -9.853856335432285 ], [ -77.374385117211091, -9.853913216469488 ], [ -77.374328567995533, -9.853970097501579 ], [ -77.374272018760607, -9.854026978528555 ], [ -77.374215469506339, -9.854083859550416 ], [ -77.373873749099332, -9.854086264013278 ], [ -77.373817199753105, -9.854143144986518 ], [ -77.373760650387553, -9.854200025954638 ], [ -77.373532836637438, -9.85420162868002 ], [ -77.373476287204113, -9.85425850961402 ], [ -77.373419737751462, -9.854315390542904 ], [ -77.373078016908153, -9.854317794256175 ], [ -77.373021467363529, -9.854374675136429 ], [ -77.372964917799564, -9.854431556011564 ], [ -77.372851010783933, -9.854432357143569 ], [ -77.372794461176426, -9.854489237999081 ], [ -77.372737911549564, -9.854546118849475 ], [ -77.372681361903346, -9.85460299969475 ], [ -77.372624812237788, -9.854659880534905 ], [ -77.372568262552889, -9.854716761369945 ], [ -77.372511712848635, -9.854773642199866 ], [ -77.372397805678077, -9.854774443206463 ], [ -77.37234125593028, -9.854831324016756 ], [ -77.372284706163143, -9.854888204821929 ], [ -77.372056891696062, -9.854889806661976 ], [ -77.372000341861167, -9.854946687433014 ], [ -77.371943792006917, -9.855003568198933 ], [ -77.371887242133326, -9.855060448959732 ], [ -77.371830692240394, -9.85511732971541 ], [ -77.371716784895469, -9.855118130519839 ], [ -77.371660234958981, -9.855175011255888 ], [ -77.371603685003151, -9.855231891986817 ], [ -77.37148977760009, -9.855232692723852 ], [ -77.371433227600704, -9.855289573435147 ], [ -77.371376677581978, -9.855346454141323 ], [ -77.371262770120808, -9.855347254810962 ], [ -77.371206220058525, -9.855404135497505 ], [ -77.371149669976901, -9.855461016178928 ], [ -77.37080794738992, -9.855463417870535 ], [ -77.370751397216338, -9.855520298503299 ], [ -77.370694847023401, -9.855577179130934 ], [ -77.370638296811123, -9.855634059753454 ], [ -77.370581746579489, -9.855690940370847 ], [ -77.370525196328515, -9.855747820983117 ], [ -77.3704686460582, -9.855804701590262 ], [ -77.370354738364568, -9.855805501990307 ], [ -77.370298188050697, -9.855862382577815 ], [ -77.37024163771747, -9.8559192631602 ], [ -77.370013822204271, -9.8559208637871 ], [ -77.36995646483895, -9.855864783504144 ], [ -77.369899107492969, -9.855808703206716 ], [ -77.36984175016633, -9.855752622894812 ], [ -77.369784392859046, -9.855696542568436 ], [ -77.369556577422983, -9.855698142850935 ], [ -77.369499220164045, -9.855642062462364 ], [ -77.369441862924447, -9.855585982059319 ], [ -77.36938450570419, -9.855529901641804 ], [ -77.369327148503288, -9.855473821209815 ], [ -77.369213240828685, -9.855474621198056 ], [ -77.36915588366162, -9.855418540727738 ], [ -77.369098526513909, -9.855362460242947 ], [ -77.369041169385554, -9.855306379743684 ], [ -77.368983812276525, -9.855250299229951 ], [ -77.368926455186852, -9.855194218701749 ], [ -77.368869098116534, -9.855138138159075 ], [ -77.368811741065556, -9.855082057601932 ], [ -77.36875438403392, -9.855025977030314 ], [ -77.368697027021639, -9.85496989644423 ], [ -77.368692994861775, -9.854405091729189 ], [ -77.368635637989811, -9.854349011103229 ], [ -77.368578281137204, -9.854292930462794 ], [ -77.368520924303951, -9.854236849807895 ], [ -77.368463567490025, -9.854180769138528 ], [ -77.36840621069544, -9.854124688454691 ], [ -77.36834885392021, -9.854068607756382 ], [ -77.368344016519515, -9.853390841888368 ], [ -77.36828665990879, -9.85333476114511 ], [ -77.36822930331742, -9.853278680387383 ], [ -77.368227691024885, -9.8530527584045 ], [ -77.368170334501229, -9.852996677622144 ], [ -77.36811297799693, -9.852940596825324 ], [ -77.368055621511957, -9.85288451601404 ], [ -77.367998265046324, -9.852828435188286 ], [ -77.367940908600048, -9.852772354348065 ], [ -77.367883552173112, -9.852716273493378 ], [ -77.367826195765502, -9.852660192624223 ], [ -77.367768839377248, -9.852604111740606 ], [ -77.367768033439049, -9.852491150707296 ], [ -77.367710677094337, -9.852435069804134 ], [ -77.367653320768952, -9.852378988886503 ], [ -77.367652514888846, -9.852266027842216 ], [ -77.367595158606989, -9.852209946905042 ], [ -77.367537802344472, -9.852153865953401 ], [ -77.367480446101297, -9.852097784987299 ], [ -77.367423089877477, -9.85204170400673 ], [ -77.367365733672983, -9.851985623011704 ], [ -77.367308377487831, -9.851929542002207 ], [ -77.367251021322019, -9.851873460978243 ], [ -77.367193665175549, -9.851817379939821 ], [ -77.367136309048419, -9.851761298886935 ], [ -77.367078952940631, -9.851705217819584 ], [ -77.367021596852183, -9.851649136737768 ], [ -77.366964240783062, -9.851593055641491 ], [ -77.366906884733297, -9.851536974530747 ], [ -77.366849528702872, -9.851480893405546 ], [ -77.366792172691774, -9.851424812265877 ], [ -77.366734816700031, -9.851368731111748 ], [ -77.366734011216622, -9.851255769985384 ], [ -77.366676655268378, -9.851199688811718 ], [ -77.36661929933949, -9.851143607623586 ], [ -77.366561943429943, -9.851087526420994 ], [ -77.366504587539737, -9.851031445203937 ], [ -77.366447231668857, -9.85097536397242 ], [ -77.366389875817319, -9.850919282726444 ], [ -77.366389070488722, -9.850806321568799 ], [ -77.366331714680712, -9.850750240303283 ], [ -77.366274358892028, -9.850694159023305 ], [ -77.366217003122699, -9.85063807772887 ], [ -77.366159647372697, -9.850581996419972 ], [ -77.366102291642036, -9.850525915096613 ], [ -77.366044935930717, -9.850469833758792 ], [ -77.365987580238723, -9.850413752406519 ], [ -77.365930224566071, -9.850357671039776 ], [ -77.365872868912746, -9.85030158965858 ], [ -77.365645056531051, -9.85030318643563 ], [ -77.365587700926056, -9.850247104992283 ], [ -77.365530345340403, -9.850191023534482 ], [ -77.36547379473518, -9.850247903299435 ], [ -77.365417244110603, -9.850304783059258 ], [ -77.365075525407264, -9.850307177707043 ], [ -77.365018974690813, -9.850364057418199 ], [ -77.364962423955021, -9.850420937124229 ], [ -77.364278985996677, -9.85042572521003 ], [ -77.364221630541451, -9.850369643485655 ], [ -77.364164275105551, -9.850313561746827 ], [ -77.364050368774258, -9.850314359579199 ], [ -77.363993013372195, -9.850258277802071 ], [ -77.363935657989458, -9.850202196010491 ], [ -77.363821751677492, -9.850202993756826 ], [ -77.363764396328577, -9.850146911926949 ], [ -77.363707040999032, -9.850090830082618 ], [ -77.36290969674711, -9.850096412899305 ], [ -77.362852341538357, -9.850040330873648 ], [ -77.362794986348959, -9.84998424883354 ], [ -77.362737631178888, -9.849928166778978 ], [ -77.362680276028158, -9.849872084709963 ], [ -77.362622920896769, -9.849816002626493 ], [ -77.362565565784706, -9.849759920528575 ], [ -77.362508210691999, -9.849703838416197 ], [ -77.362450855618604, -9.849647756289372 ], [ -77.362336949374168, -9.849648553490503 ], [ -77.362279594334623, -9.849592471325391 ], [ -77.362222239314406, -9.849536389145824 ], [ -77.361652708092151, -9.849540374337831 ], [ -77.361596156751887, -9.849597253583747 ], [ -77.361539605392295, -9.849654132824528 ], [ -77.36142569907048, -9.849654929718836 ], [ -77.361368344146925, -9.849598847363042 ], [ -77.36131098924271, -9.849542764992803 ], [ -77.361197082940222, -9.849543561801088 ], [ -77.361139728069844, -9.849487479392565 ], [ -77.361082373218792, -9.849431396969592 ], [ -77.361025018387082, -9.849375314532169 ], [ -77.360967663574712, -9.849319232080298 ], [ -77.36051203850009, -9.849322418548597 ], [ -77.360454683765056, -9.849266335986949 ], [ -77.360397329049349, -9.849210253410853 ], [ -77.360339974352996, -9.849154170820309 ], [ -77.360282619675957, -9.849098088215317 ], [ -77.360225265018258, -9.84904200559588 ], [ -77.3601679103799, -9.848985922961994 ], [ -77.359826191733461, -9.848988311981575 ], [ -77.359769640079008, -9.849045190973939 ], [ -77.359713088405229, -9.849102069961166 ], [ -77.359257463214689, -9.849105254667524 ], [ -77.359200108687517, -9.849049171833618 ], [ -77.359142754179686, -9.848993088985271 ], [ -77.358801035272336, -9.848995476969383 ], [ -77.3587444834004, -9.849052355831045 ], [ -77.358687931509124, -9.849109234687567 ], [ -77.358631379598492, -9.849166113538946 ], [ -77.358574827668548, -9.849222992385187 ], [ -77.358460921250128, -9.849223788245094 ], [ -77.35840436927667, -9.849280667071671 ], [ -77.358347817283885, -9.849337545893105 ], [ -77.35829126527176, -9.849394424709397 ], [ -77.358234713240307, -9.849451303520548 ], [ -77.358120806715547, -9.849452099284003 ], [ -77.35806425464061, -9.849508978075487 ], [ -77.358007702546303, -9.849565856861826 ], [ -77.357950348082042, -9.849509773786062 ], [ -77.357892993637094, -9.849453690695853 ], [ -77.357779087083387, -9.849454486344252 ], [ -77.357721732672303, -9.849398403215774 ], [ -77.357664378280546, -9.849342320072859 ], [ -77.35760702390813, -9.849286236915495 ], [ -77.357549669555041, -9.849230153743688 ], [ -77.357094043475755, -9.84923333557254 ], [ -77.357037491212353, -9.849290214224803 ], [ -77.35698093892961, -9.849347092871925 ], [ -77.356924386627526, -9.849403971513899 ], [ -77.356867834306101, -9.849460850150729 ], [ -77.356753927665494, -9.849461645453951 ], [ -77.356697375300584, -9.84951852407111 ], [ -77.356698979160726, -9.849744447988781 ], [ -77.356642426747456, -9.849801326609271 ], [ -77.356585874314845, -9.849858205224615 ], [ -77.356529321862894, -9.849915083834814 ], [ -77.356472769391615, -9.849971962439867 ], [ -77.356416216900996, -9.850028841039773 ], [ -77.356302310028425, -9.850029636236057 ], [ -77.356245757494307, -9.850086514816288 ], [ -77.356189204940847, -9.850143393391372 ], [ -77.355847484120275, -9.850145778662904 ], [ -77.35579012981087, -9.850089695159747 ], [ -77.355732775520821, -9.850033611642147 ], [ -77.355504961650254, -9.850035201536093 ], [ -77.355447607408564, -9.849979117956407 ], [ -77.355390253186215, -9.849923034362286 ], [ -77.355048532395074, -9.849925418772607 ], [ -77.354991979609707, -9.849982297188754 ], [ -77.354935426805, -9.850039175599749 ], [ -77.354878873980937, -9.850096054005597 ], [ -77.354822321137561, -9.850152932406296 ], [ -77.354708414091263, -9.850153727074895 ], [ -77.354651861204374, -9.85021060545591 ], [ -77.354595308298144, -9.850267483831773 ], [ -77.354538755372587, -9.850324362202491 ], [ -77.354482202427704, -9.85038124056806 ], [ -77.354368295275123, -9.850382035140163 ], [ -77.354311742286725, -9.850438913486045 ], [ -77.354255189279002, -9.850495791826773 ], [ -77.35414128206844, -9.850496586331451 ], [ -77.354083927904313, -9.85044050248611 ], [ -77.354026573759512, -9.850384418626334 ], [ -77.353798759367578, -9.85038600742533 ], [ -77.353742206258389, -9.850442885698532 ], [ -77.353685653129858, -9.850499763966583 ], [ -77.353571745871108, -9.850500558279474 ], [ -77.353515192699106, -9.850557436527833 ], [ -77.353458639507735, -9.850614314771043 ], [ -77.353402086297038, -9.850671193009102 ], [ -77.353345533067014, -9.850728071242006 ], [ -77.352775996145553, -9.85073204194034 ], [ -77.352718642107334, -9.850675957819256 ], [ -77.352661288088441, -9.850619873683739 ], [ -77.35254738070428, -9.85062066766069 ], [ -77.352490026719266, -9.850564583486923 ], [ -77.352432672753565, -9.850508499298719 ], [ -77.352375318807219, -9.850452415096081 ], [ -77.3523179648802, -9.850396330879011 ], [ -77.352260610972536, -9.850340246647507 ], [ -77.352203257084199, -9.850284162401572 ], [ -77.352145903215202, -9.850228078141205 ], [ -77.352088549365547, -9.850171993866399 ], [ -77.352031195535218, -9.850115909577163 ], [ -77.351973841724231, -9.850059825273496 ], [ -77.351916487932584, -9.850003740955398 ], [ -77.351859134160264, -9.849947656622868 ], [ -77.351745226940736, -9.849948450275656 ], [ -77.35168787320228, -9.849892365904877 ], [ -77.351630519483166, -9.849836281519666 ], [ -77.351402705073284, -9.849837868614912 ], [ -77.351345351402543, -9.849781784167639 ], [ -77.351287997751143, -9.849725699705937 ], [ -77.351230644119084, -9.849669615229804 ], [ -77.351229043990784, -9.849443690419124 ], [ -77.351171690426355, -9.849387605918469 ], [ -77.351114336881267, -9.849331521403382 ], [ -77.351056983355519, -9.849275436873866 ], [ -77.350999629849099, -9.84921935232992 ], [ -77.350942276362019, -9.849163267771546 ], [ -77.350884922894267, -9.849107183198738 ], [ -77.350827569445855, -9.849051098611504 ], [ -77.350770216016784, -9.848995014009844 ], [ -77.350712862607054, -9.848938929393753 ], [ -77.350655509216651, -9.848882844763233 ], [ -77.350598155845574, -9.848826760118286 ], [ -77.350484248906838, -9.848827553256447 ], [ -77.350426895569626, -9.848771468573259 ], [ -77.350369542251741, -9.848715383875643 ], [ -77.350255635332431, -9.84871617692783 ], [ -77.350198282048396, -9.848660092191976 ], [ -77.350140928783716, -9.848604007441697 ], [ -77.350027021883818, -9.848604800407914 ], [ -77.349969668652989, -9.848548715619396 ], [ -77.349912315441486, -9.84849263081645 ], [ -77.349854962249339, -9.84843654599908 ], [ -77.349797609076504, -9.848380461167281 ], [ -77.349683702225065, -9.848381253999912 ], [ -77.34962634908608, -9.848325169129879 ], [ -77.34956899596645, -9.84826908424542 ], [ -77.349455089134437, -9.848269876992084 ], [ -77.349397736048658, -9.848213792069393 ], [ -77.34934038298222, -9.848157707132275 ], [ -77.349226476169619, -9.848158499792973 ], [ -77.349169123137031, -9.848102414817623 ], [ -77.34911177012377, -9.84804632982785 ], [ -77.348997863330609, -9.848047122402583 ], [ -77.348940510351198, -9.84799103737458 ], [ -77.348883157391128, -9.847934952332148 ], [ -77.348769250617394, -9.847935744820921 ], [ -77.348712696765062, -9.847992622361394 ], [ -77.34865614289339, -9.848049499896705 ], [ -77.348598789957563, -9.847993414797278 ], [ -77.34854143704105, -9.847937329683431 ], [ -77.34831362342625, -9.847938914392545 ], [ -77.348257069477341, -9.847995791874846 ], [ -77.348200515509106, -9.848052669351992 ], [ -77.348143961521529, -9.84810954682397 ], [ -77.348087407514626, -9.848166424290792 ], [ -77.348030853488382, -9.848223301752451 ], [ -77.347974299442811, -9.848280179208951 ], [ -77.347860392476136, -9.848280971418728 ], [ -77.34780383838708, -9.848337848855522 ], [ -77.347747284278682, -9.848394726287152 ], [ -77.347690730150973, -9.848451603713626 ], [ -77.347634176003922, -9.848508481134935 ], [ -77.34757762183753, -9.848565358551085 ], [ -77.347521067651812, -9.848622235962068 ], [ -77.347464513446752, -9.84867911336789 ], [ -77.347407959222366, -9.848735990768551 ], [ -77.347351404978639, -9.84879286816405 ], [ -77.347294850715585, -9.848849745554386 ], [ -77.34723829643319, -9.848906622939561 ], [ -77.347181742131454, -9.848963500319567 ], [ -77.347125187810377, -9.849020377694414 ], [ -77.347068633469974, -9.849077255064095 ], [ -77.347012079110243, -9.849134132428615 ], [ -77.346955524731172, -9.849191009787971 ], [ -77.346898970332759, -9.849247887142159 ], [ -77.34684241591502, -9.849304764491189 ], [ -77.34678586147794, -9.849361641835053 ], [ -77.346729307021519, -9.849418519173749 ], [ -77.346672752545771, -9.84947539650728 ], [ -77.346676745204007, -9.85004021038093 ], [ -77.346620190636258, -9.850097087730392 ], [ -77.346563636049183, -9.850153965074696 ], [ -77.346564434580586, -9.850266927855408 ], [ -77.346507879959631, -9.850323805198759 ], [ -77.346451325319336, -9.850380682536947 ], [ -77.3463947706597, -9.850437559869965 ], [ -77.346338215980722, -9.85049443719782 ], [ -77.346281661282418, -9.850551314520505 ], [ -77.346225106564773, -9.850608191838027 ], [ -77.346168551827787, -9.850665069150379 ], [ -77.346111997071446, -9.850721946457567 ], [ -77.346055442295793, -9.850778823759587 ], [ -77.345998887500784, -9.850835701056438 ], [ -77.345942332686448, -9.850892578348123 ], [ -77.345885777852757, -9.850949455634639 ], [ -77.34582922299974, -9.851006332915988 ], [ -77.345772668127381, -9.851063210192171 ], [ -77.345716113235682, -9.851120087463181 ], [ -77.345659558324627, -9.851176964729028 ], [ -77.34560300339426, -9.851233841989707 ], [ -77.345546448444523, -9.851290719245211 ], [ -77.34548989347546, -9.85134759649555 ], [ -77.345433338487069, -9.85140447374072 ], [ -77.34537678347931, -9.851461350980721 ], [ -77.345148966928491, -9.851462934115903 ], [ -77.345092411853116, -9.851519811321625 ], [ -77.345035856758415, -9.851576688522172 ], [ -77.344921948420307, -9.85157748000311 ], [ -77.344865393282106, -9.851634357183936 ], [ -77.344808838124578, -9.851691234359585 ], [ -77.34469492972859, -9.851692025773046 ], [ -77.344638374527563, -9.851748902928971 ], [ -77.344581819307209, -9.851805780079726 ], [ -77.344126185434078, -9.851808945233472 ], [ -77.344069630097792, -9.851865822320825 ], [ -77.344013074742193, -9.851922699403 ], [ -77.343956519367239, -9.851979576480005 ], [ -77.343899963972945, -9.852036453551836 ], [ -77.343843408559309, -9.852093330618496 ], [ -77.343786853126318, -9.852150207679982 ], [ -77.343559035842461, -9.852151789851963 ], [ -77.343502480341854, -9.85220866687915 ], [ -77.343445924821907, -9.852265543901169 ], [ -77.343389369282619, -9.852322420918014 ], [ -77.34333281372399, -9.852379297929685 ], [ -77.343218904971081, -9.852380088899883 ], [ -77.343162349368981, -9.852436965891819 ], [ -77.343105793747526, -9.852493842878578 ], [ -77.34304923810673, -9.852550719860162 ], [ -77.342992682446578, -9.852607596836574 ], [ -77.342878773587515, -9.852608387710157 ], [ -77.342822217883878, -9.852665264666829 ], [ -77.342765662160915, -9.852722141618324 ], [ -77.34270910641861, -9.852779018564645 ], [ -77.34270990385572, -9.85289198164099 ], [ -77.342653348079509, -9.852948858586347 ], [ -77.34259679228397, -9.853005735526526 ], [ -77.342540236469063, -9.853062612461528 ], [ -77.342426327416888, -9.853063403218608 ], [ -77.342369771558509, -9.853120280133869 ], [ -77.342371366267756, -9.853346206336271 ], [ -77.342314810360932, -9.853403083254777 ], [ -77.342258254434782, -9.853459960168108 ], [ -77.342201698489276, -9.853516837076258 ], [ -77.342145142524416, -9.853573713979234 ], [ -77.342088586540214, -9.85363059087703 ], [ -77.341974677256232, -9.853631381526824 ], [ -77.341918121228531, -9.853688258404873 ], [ -77.341861565181503, -9.85374513527775 ], [ -77.341805009115134, -9.853802012145442 ], [ -77.341748453029425, -9.853858889007958 ], [ -77.341634543639259, -9.85385967956111 ], [ -77.34157798751005, -9.853916556403881 ], [ -77.3415214313615, -9.853973433241473 ], [ -77.341293612455843, -9.853975014174392 ], [ -77.341237056239663, -9.854031890977666 ], [ -77.341180500004143, -9.854088767775757 ], [ -77.341066590488637, -9.854089558155522 ], [ -77.341010034209631, -9.854146434933865 ], [ -77.340953477911285, -9.854203311707028 ], [ -77.340839568337913, -9.854204102019279 ], [ -77.340783011996066, -9.854260978772691 ], [ -77.340726455634865, -9.854317855520923 ], [ -77.340669899254337, -9.854374732263976 ], [ -77.340613342854454, -9.854431609001843 ], [ -77.340556786435215, -9.854488485734528 ], [ -77.340500229996636, -9.854545362462032 ], [ -77.340272410531469, -9.854546942796565 ], [ -77.34021585402526, -9.854603819489745 ], [ -77.340216650764603, -9.85471678275619 ], [ -77.340160094224501, -9.854773659448394 ], [ -77.340046184390559, -9.854774449538187 ], [ -77.339989627806972, -9.854831326210634 ], [ -77.339990424488079, -9.854944289493902 ], [ -77.339933867870585, -9.855001166165371 ], [ -77.339877311233735, -9.85505804283166 ], [ -77.339820754577545, -9.855114919492763 ], [ -77.339706844598766, -9.855115709495113 ], [ -77.339650287899076, -9.855172586136456 ], [ -77.339593731180045, -9.855229462772618 ], [ -77.339252001041388, -9.855231832461961 ], [ -77.339195444230583, -9.855288709049212 ], [ -77.339138887400438, -9.855345585631277 ], [ -77.339024977286783, -9.855346375421819 ], [ -77.338967624041956, -9.855290288621068 ], [ -77.338910270816498, -9.855234201805906 ], [ -77.338852917610382, -9.855178114976333 ], [ -77.338848936139584, -9.854613298098572 ], [ -77.338905492935453, -9.854556421580272 ], [ -77.338962049711952, -9.854499545056788 ], [ -77.338961253417423, -9.854386581687187 ], [ -77.338903900385063, -9.854330494831848 ], [ -77.338846547372057, -9.854274407962098 ], [ -77.338845751135366, -9.85416144458164 ], [ -77.338788398165832, -9.854105357692459 ], [ -77.338731045215638, -9.854049270788861 ], [ -77.3386736922848, -9.853993183870859 ], [ -77.338616339373317, -9.853937096938443 ], [ -77.338558986481161, -9.853881009991619 ], [ -77.338501633608345, -9.853824923030388 ], [ -77.338500837526055, -9.853711959618979 ], [ -77.338443484696739, -9.853655872638313 ], [ -77.338386131886764, -9.853599785643238 ], [ -77.33832877909613, -9.853543698633757 ], [ -77.338271426324837, -9.853487611609864 ], [ -77.33827063034866, -9.853374648177553 ], [ -77.338213277620852, -9.853318561134232 ], [ -77.3381559249124, -9.8532624740765 ], [ -77.33815512899406, -9.853149510633333 ], [ -77.338097776329064, -9.853093423556171 ], [ -77.338040423683424, -9.853037336464606 ], [ -77.337983071057124, -9.852981249358628 ], [ -77.33792571845018, -9.852925162238243 ], [ -77.337868365862562, -9.852869075103451 ], [ -77.337811013294299, -9.852812987954252 ], [ -77.337753660745378, -9.852756900790647 ], [ -77.33718411395634, -9.852760845996539 ], [ -77.337126761499547, -9.852704758699552 ], [ -77.33706940906211, -9.852648671388161 ], [ -77.337012056643985, -9.852592584062364 ], [ -77.33695470424523, -9.852536496722166 ], [ -77.336840794916938, -9.852537285553066 ], [ -77.336783442552075, -9.852481198174669 ], [ -77.336726090206554, -9.852425110781862 ], [ -77.336668737880387, -9.852369023374655 ], [ -77.336611385573548, -9.852312935953039 ], [ -77.336554033286049, -9.852256848517021 ], [ -77.336496681017906, -9.852200761066603 ], [ -77.33638277176739, -9.852201549716387 ], [ -77.336325419533154, -9.852145462227766 ], [ -77.33626806731823, -9.852089374724748 ], [ -77.336210715122675, -9.85203328720732 ], [ -77.336153362946462, -9.851977199675494 ], [ -77.336039453744604, -9.851977988191749 ], [ -77.335982101602283, -9.851921900621729 ], [ -77.335924749479304, -9.851865813037305 ], [ -77.335867397375665, -9.851809725438477 ], [ -77.335810045291367, -9.851753637825245 ], [ -77.335752693226425, -9.851697550197617 ], [ -77.335695341180823, -9.85164146255558 ], [ -77.335637989154549, -9.851585374899146 ], [ -77.335580637147615, -9.851529287228308 ], [ -77.335523285160036, -9.851473199543067 ], [ -77.335465933191799, -9.851417111843427 ], [ -77.335408581242888, -9.851361024129384 ], [ -77.335407786415701, -9.851248060451089 ], [ -77.335350434510261, -9.851191972717631 ], [ -77.335293082624162, -9.851135884969773 ], [ -77.335292287854784, -9.851022921280631 ], [ -77.335234936012156, -9.850966833513356 ], [ -77.335177584188855, -9.850910745731683 ], [ -77.335120232384895, -9.850854657935608 ], [ -77.335062880600276, -9.850798570125132 ], [ -77.335005528835012, -9.850742482300257 ], [ -77.334948177089075, -9.850686394460983 ], [ -77.33494579327251, -9.850347503298398 ], [ -77.334888441618276, -9.850291415429682 ], [ -77.334831089983382, -9.850235327546567 ], [ -77.334828706397602, -9.849896436346544 ], [ -77.334771354854411, -9.849840348433988 ], [ -77.334714003330532, -9.849784260507034 ], [ -77.334656651826023, -9.849728172565682 ], [ -77.334599300340827, -9.849672084609935 ], [ -77.334541948874985, -9.849615996639784 ], [ -77.334484597428471, -9.849559908655241 ], [ -77.334427246001297, -9.849503820656297 ], [ -77.334313337506913, -9.849504608394497 ], [ -77.334255986113646, -9.849448520357377 ], [ -77.334198634739693, -9.849392432305857 ], [ -77.334141283385094, -9.849336344239944 ], [ -77.334083932049822, -9.849280256159631 ], [ -77.333400481232218, -9.849284981212634 ], [ -77.333343130003627, -9.849228892975244 ], [ -77.333285778794377, -9.849172804723459 ], [ -77.333171870320456, -9.849173592050494 ], [ -77.333114519145113, -9.849117503760539 ], [ -77.333057167989082, -9.849061415456188 ], [ -77.332999816852407, -9.849005327137444 ], [ -77.332942465735044, -9.848949238804304 ], [ -77.33282855730981, -9.848950025997869 ], [ -77.332771206226354, -9.848893937626558 ], [ -77.33271385516224, -9.848837849240853 ], [ -77.332599946756545, -9.848838636348511 ], [ -77.332542595726323, -9.848782547924635 ], [ -77.332485244715443, -9.848726459486368 ], [ -77.332371336329331, -9.848727246508123 ], [ -77.332313985352343, -9.848671158031687 ], [ -77.332256634394682, -9.848615069540855 ], [ -77.332199283456362, -9.848558981035634 ], [ -77.332141932537397, -9.848502892516022 ], [ -77.33208458163773, -9.848446803982016 ], [ -77.332027230757419, -9.84839071543362 ], [ -77.331969879896448, -9.84833462687083 ], [ -77.331912529054804, -9.848278538293652 ], [ -77.331855178232502, -9.84822244970208 ], [ -77.331848038330506, -9.847205773793808 ], [ -77.331904595637042, -9.84714889844156 ], [ -77.331961152924237, -9.847092023084125 ], [ -77.331960359620439, -9.846979059098613 ], [ -77.3319030090681, -9.846922970461339 ], [ -77.331845658535087, -9.846866881809673 ], [ -77.331788308021416, -9.846810793143623 ], [ -77.331730957527057, -9.84675470446318 ], [ -77.331673607052053, -9.84669861576835 ], [ -77.331616256596377, -9.84664252705913 ], [ -77.331558906160026, -9.846586438335521 ], [ -77.331501555743003, -9.846530349597526 ], [ -77.331444205345321, -9.846474260845136 ], [ -77.331386854966965, -9.846418172078362 ], [ -77.331385268870122, -9.84619224400474 ], [ -77.331327918559296, -9.846136155213562 ], [ -77.331270568267811, -9.846080066407998 ], [ -77.331265017567063, -9.845289318054501 ], [ -77.33120766746363, -9.845233229199509 ], [ -77.33115031737951, -9.845177140330122 ], [ -77.33114952450866, -9.845064176266344 ], [ -77.331092174467983, -9.845008087377568 ], [ -77.331034824446633, -9.844951998474409 ], [ -77.33103323882996, -9.844726070324374 ], [ -77.330975888876139, -9.844669981396816 ], [ -77.33091853894166, -9.844613892454872 ], [ -77.330861189026493, -9.844557803498541 ], [ -77.330803839130652, -9.844501714527826 ], [ -77.330746489254153, -9.844445625542727 ], [ -77.330689139396966, -9.844389536543243 ], [ -77.33068834674755, -9.844276572436966 ], [ -77.330744903916653, -9.844219697339369 ], [ -77.330801461066443, -9.844162822236584 ], [ -77.330858018196906, -9.844105947128606 ], [ -77.330914575308043, -9.844049072015435 ], [ -77.330971132399853, -9.843992196897075 ], [ -77.331198946144141, -9.843990624508066 ], [ -77.331255503168435, -9.843933749355379 ], [ -77.331312060173374, -9.8438768741975 ], [ -77.3315398737831, -9.843875301596883 ], [ -77.331596430720538, -9.843818426404678 ], [ -77.331652987638648, -9.843761551207283 ], [ -77.331709544537418, -9.843704676004698 ], [ -77.331766101416875, -9.843647800796925 ], [ -77.331822658277005, -9.843590925583968 ], [ -77.331879215117809, -9.843534050365818 ], [ -77.33199312176373, -9.843533263920603 ], [ -77.33204967856112, -9.843476388682697 ], [ -77.332106235339168, -9.843419513439606 ], [ -77.332447955075082, -9.843417153786575 ], [ -77.332504511761499, -9.843360278494599 ], [ -77.332503718579616, -9.843247314528126 ], [ -77.332560275232169, -9.843190439235151 ], [ -77.332616831865394, -9.843133563936997 ], [ -77.332673388479307, -9.84307668863365 ], [ -77.332729945073893, -9.843019813325121 ], [ -77.332786501649139, -9.842962938011404 ], [ -77.332843058205086, -9.842906062692499 ], [ -77.332899614741692, -9.842849187368412 ], [ -77.333127427388291, -9.842847613860105 ], [ -77.333183983857381, -9.842790738501709 ], [ -77.333240540307145, -9.842733863138122 ], [ -77.333468352819125, -9.842732289418251 ], [ -77.333524909201373, -9.842675414020356 ], [ -77.333467559361267, -9.842619325525501 ], [ -77.333353653148706, -9.842620112395398 ], [ -77.333296303342479, -9.842564023862389 ], [ -77.333238953555579, -9.842507935314995 ], [ -77.333181603787992, -9.842451846753212 ], [ -77.333124254039731, -9.842395758177041 ], [ -77.333066904310797, -9.842339669586481 ], [ -77.33300955460119, -9.842283580981533 ], [ -77.332952204910896, -9.8422274923622 ], [ -77.332894855239928, -9.84217140372848 ], [ -77.332837505588273, -9.842115315080372 ], [ -77.332780155955959, -9.842059226417877 ], [ -77.332722806342943, -9.842003137740999 ], [ -77.332665456749268, -9.841947049049732 ], [ -77.332608107174906, -9.841890960344079 ], [ -77.33255075761987, -9.841834871624039 ], [ -77.332493408084162, -9.841778782889616 ], [ -77.332436058567751, -9.841722694140802 ], [ -77.332378709070682, -9.841666605377609 ], [ -77.332377123080278, -9.841440677400939 ], [ -77.332319773650724, -9.841384588613337 ], [ -77.332262424240483, -9.841328499811359 ], [ -77.332205074849554, -9.841272410994989 ], [ -77.332147725477967, -9.841216322164238 ], [ -77.332146932593474, -9.841103358154644 ], [ -77.332203489041945, -9.841046482985004 ], [ -77.332260045471088, -9.840989607810178 ], [ -77.332259252567056, -9.840876643808151 ], [ -77.332201903272519, -9.840820554971749 ], [ -77.332144553997296, -9.840764466120968 ], [ -77.332087204741399, -9.840708377255796 ], [ -77.331973299071123, -9.840709163509377 ], [ -77.331915949849076, -9.840653074606069 ], [ -77.33185860064637, -9.840596985688375 ], [ -77.331630789335321, -9.840598557985535 ], [ -77.331573440181018, -9.840542469005939 ], [ -77.331516091046026, -9.840486380011965 ], [ -77.330604845652715, -9.840492667287666 ], [ -77.330548288939681, -9.84054954223248 ], [ -77.330491732207321, -9.840606417172111 ], [ -77.330377826442017, -9.840607202880005 ], [ -77.330320477447714, -9.840551113639078 ], [ -77.330263128472737, -9.840495024383772 ], [ -77.330205779517073, -9.840438935114085 ], [ -77.330148430580735, -9.840382845830019 ], [ -77.329009372984899, -9.840390699851142 ], [ -77.328952024213351, -9.840334610315155 ], [ -77.328894675461129, -9.840278520764787 ], [ -77.32883732672822, -9.840222431200045 ], [ -77.328779978014637, -9.840166341620925 ], [ -77.327754825886757, -9.840173406108519 ], [ -77.327698268615165, -9.840230280676625 ], [ -77.327699059916412, -9.840343245051173 ], [ -77.327642502610971, -9.840400119618264 ], [ -77.327585945286202, -9.840456994180164 ], [ -77.327589901789921, -9.841021816082472 ], [ -77.327533344373066, -9.841078690660092 ], [ -77.327476786936884, -9.841135565232516 ], [ -77.327477578237122, -9.841248529618893 ], [ -77.327421020767048, -9.841305404190305 ], [ -77.327307114512408, -9.841306188918621 ], [ -77.327250556998948, -9.841363063470265 ], [ -77.327251348240964, -9.84147602787337 ], [ -77.327194790693625, -9.841532902424001 ], [ -77.327138233126973, -9.841589776969439 ], [ -77.327139024349393, -9.841702741380091 ], [ -77.327082466748848, -9.841759615924511 ], [ -77.327025909128992, -9.841816490463737 ], [ -77.327026700331842, -9.841929454881933 ], [ -77.326970142678093, -9.841986329420145 ], [ -77.326913585005045, -9.84204320395316 ], [ -77.326857027312656, -9.842100078480978 ], [ -77.326800469600954, -9.842156953003601 ], [ -77.32680126075509, -9.842269917437706 ], [ -77.326744703009496, -9.84232679195931 ], [ -77.326688145244603, -9.842383666475717 ], [ -77.326631587460369, -9.84244054098693 ], [ -77.326517680752588, -9.842441325538751 ], [ -77.32646112292494, -9.842498200030191 ], [ -77.326404565077979, -9.842555074516429 ], [ -77.326348007211692, -9.842611948997469 ], [ -77.326291449326078, -9.842668823473312 ], [ -77.326234891421137, -9.842725697943958 ], [ -77.326178333496884, -9.842782572409405 ], [ -77.326064426635057, -9.84278335683544 ], [ -77.326007868667375, -9.842840231281111 ], [ -77.325951310680395, -9.84289710572158 ], [ -77.325894752674074, -9.84295398015685 ], [ -77.325838194648441, -9.843010854586925 ], [ -77.325781636603466, -9.843067729011798 ], [ -77.325725078539179, -9.843124603431471 ], [ -77.325611171523306, -9.843125387731707 ], [ -77.325554613415605, -9.843182262131601 ], [ -77.325498055288577, -9.843239136526293 ], [ -77.325042426937159, -9.843242273227288 ], [ -77.324985868694455, -9.843299147558463 ], [ -77.324929310432438, -9.843356021884437 ], [ -77.324871961558713, -9.843299931623301 ], [ -77.324814612704301, -9.843243841347796 ], [ -77.324758054413437, -9.843300715649809 ], [ -77.324701496103245, -9.843357589946619 ], [ -77.324473681735981, -9.843359157855478 ], [ -77.324417123358288, -9.843416032117922 ], [ -77.324360564961296, -9.843472906375165 ], [ -77.324304006544949, -9.843529780627204 ], [ -77.32424744810929, -9.843586654874043 ], [ -77.324190889654304, -9.843643529115674 ], [ -77.324191680043342, -9.843756493750144 ], [ -77.324135121554463, -9.843813367990748 ], [ -77.324078563046257, -9.843870242226151 ], [ -77.324022004518724, -9.843927116456349 ], [ -77.323965445971865, -9.843983990681339 ], [ -77.323908887405693, -9.844040864901132 ], [ -77.323681072441346, -9.844042432383333 ], [ -77.323624513807673, -9.844099306568745 ], [ -77.323567955154658, -9.844156180748959 ], [ -77.323511396482331, -9.844213054923962 ], [ -77.323454837790663, -9.844269929093763 ], [ -77.323398279079683, -9.844326803258355 ], [ -77.323399069255245, -9.844439767952093 ], [ -77.323342510510372, -9.844496642115651 ], [ -77.323285951746158, -9.84455351627401 ], [ -77.323229392962617, -9.84461039042716 ], [ -77.323172834159749, -9.844667264575103 ], [ -77.323174414422866, -9.844893193993515 ], [ -77.323117855571539, -9.8449500681446 ], [ -77.323061296700871, -9.845006942290478 ], [ -77.323004737810876, -9.845063816431146 ], [ -77.322948178901541, -9.84512069056661 ], [ -77.322891619972893, -9.845177564696867 ], [ -77.322835061024918, -9.845234438821915 ], [ -77.322778502057602, -9.845291312941757 ], [ -77.322721943070974, -9.845348187056386 ], [ -77.322665384065004, -9.845405061165811 ], [ -77.322551476019072, -9.845405844614334 ], [ -77.322494127017748, -9.845349753944269 ], [ -77.32243677803578, -9.845293663259834 ], [ -77.322380218976875, -9.845350537330699 ], [ -77.322382588745228, -9.845689431634804 ], [ -77.322326029623284, -9.845746305712975 ], [ -77.322269470482013, -9.845803179785937 ], [ -77.322270260394674, -9.845916144560684 ], [ -77.322213701219496, -9.845973018632606 ], [ -77.322157142024992, -9.846029892699326 ], [ -77.322159511732565, -9.846368787043692 ], [ -77.322102952475007, -9.846425661117712 ], [ -77.322046393198107, -9.846482535186521 ], [ -77.322049552824751, -9.846934394334284 ], [ -77.321992993470204, -9.84699126841457 ], [ -77.32193643409633, -9.847048142489644 ], [ -77.321940383697822, -9.847612966447691 ], [ -77.321997733107992, -9.847669057136752 ], [ -77.322055082537503, -9.847725147811436 ], [ -77.322056662541016, -9.84795107736899 ], [ -77.322000103055274, -9.848007951486816 ], [ -77.321943543550191, -9.84806482559943 ], [ -77.321886984025753, -9.848121699706832 ], [ -77.321830424482016, -9.848178573809021 ], [ -77.321831214439712, -9.848291538603258 ], [ -77.32177465486204, -9.848348412704404 ], [ -77.321660745734732, -9.848349196084312 ], [ -77.321604186113632, -9.848406070165648 ], [ -77.321547626473205, -9.848462944241774 ], [ -77.321319808093705, -9.848464510828146 ], [ -77.321263248385762, -9.84852138486986 ], [ -77.321206688658478, -9.848578258906359 ], [ -77.321150128911867, -9.848635132937648 ], [ -77.321093569145901, -9.848692006963718 ], [ -77.321037009360623, -9.848748880984575 ], [ -77.321037799095151, -9.848861845838826 ], [ -77.320981239275952, -9.848918719858641 ], [ -77.320639511085787, -9.84892106921523 ], [ -77.32058295117497, -9.848977943186027 ], [ -77.320526391244812, -9.849034817151606 ], [ -77.320469831295327, -9.849091691111973 ], [ -77.320413271326501, -9.849148565067118 ], [ -77.320299361814421, -9.849149348050869 ], [ -77.320242801802166, -9.849206221986197 ], [ -77.320186241770571, -9.84926309591631 ], [ -77.319388874582657, -9.849268575524176 ], [ -77.319331525170682, -9.849212484358583 ], [ -77.319274175778034, -9.849156393178625 ], [ -77.318932446928258, -9.849158740864143 ], [ -77.31887509759872, -9.84910264959856 ], [ -77.318817748288524, -9.849046558318612 ], [ -77.318703838682097, -9.849047340756238 ], [ -77.318646489405836, -9.84899124943817 ], [ -77.318589140148887, -9.848935158105741 ], [ -77.31801959212028, -9.848939069481032 ], [ -77.317963031655481, -9.848995943115959 ], [ -77.317906471171341, -9.849052816745663 ], [ -77.317849910667874, -9.849109690370145 ], [ -77.317853065445519, -9.849561550797169 ], [ -77.317796504864347, -9.84961842443308 ], [ -77.31773994426382, -9.849675298063771 ], [ -77.317683383643981, -9.849732171689238 ], [ -77.317626823004787, -9.849789045309487 ], [ -77.317570262346251, -9.849845918924508 ], [ -77.317513701668389, -9.849902792534312 ], [ -77.317457140971186, -9.84995966613889 ], [ -77.317343230941432, -9.849960448189378 ], [ -77.317286670200801, -9.850017321774125 ], [ -77.317230109440828, -9.850074195353647 ], [ -77.316888379150143, -9.850076541187304 ], [ -77.316831029890579, -9.850020449534053 ], [ -77.316830241492042, -9.84990748434952 ], [ -77.316772892275893, -9.849851392676932 ], [ -77.316716331429447, -9.849908266184466 ], [ -77.316659770563646, -9.849965139686775 ], [ -77.316603209678519, -9.850022013183864 ], [ -77.31654664877405, -9.850078886675725 ], [ -77.3164327386297, -9.850079668428478 ], [ -77.316376177681803, -9.850136541900506 ], [ -77.31631961671458, -9.850193415367306 ], [ -77.316263055728001, -9.850250288828876 ], [ -77.316206494722081, -9.850307162285226 ], [ -77.316092584471932, -9.850307943941175 ], [ -77.316035235266369, -9.850251852131636 ], [ -77.315977886080134, -9.85019576030774 ], [ -77.315920536913254, -9.850139668469478 ], [ -77.3158631877657, -9.850083576616855 ], [ -77.315805838637502, -9.850027484749869 ], [ -77.315805050587088, -9.849914519483104 ], [ -77.315747701502303, -9.849858427596782 ], [ -77.315690352436846, -9.849802335696101 ], [ -77.315688776460803, -9.849576405140214 ], [ -77.315631427462847, -9.849520313215219 ], [ -77.315574078484232, -9.849464221275866 ], [ -77.315573290558589, -9.849351255986747 ], [ -77.315515941623403, -9.849295164028055 ], [ -77.315060301730625, -9.849298289172243 ], [ -77.315003740595941, -9.849355162439814 ], [ -77.315004528328217, -9.849468127774594 ], [ -77.314947967159583, -9.849525001041096 ], [ -77.314720146982637, -9.849526563342858 ], [ -77.31466358574653, -9.849583436574905 ], [ -77.314607024491053, -9.849640309801721 ], [ -77.3143792041799, -9.849641871891599 ], [ -77.314322642856936, -9.849698745083955 ], [ -77.314266081514631, -9.849755618271088 ], [ -77.314152171296683, -9.849756399229259 ], [ -77.314095609910979, -9.849813272396549 ], [ -77.314039048505933, -9.849870145558604 ], [ -77.313982487081532, -9.849927018715432 ], [ -77.313983274513106, -9.8500399841283 ], [ -77.313926713054784, -9.850096857284052 ], [ -77.313471071548207, -9.850099980535804 ], [ -77.313414509974223, -9.850156853627858 ], [ -77.313357948380911, -9.850213726714683 ], [ -77.313301386768259, -9.850270599796275 ], [ -77.31330296123356, -9.850496530725815 ], [ -77.313246399572364, -9.850553403810483 ], [ -77.313132488998349, -9.850554184487301 ], [ -77.313075927293738, -9.85061105755212 ], [ -77.313019365569772, -9.850667930611701 ], [ -77.312791544297042, -9.850669491791775 ], [ -77.312734982505589, -9.850726364816888 ], [ -77.312678420694795, -9.850783237836771 ], [ -77.312621858864659, -9.850840110851415 ], [ -77.312565297015183, -9.850896983860828 ], [ -77.312508735146366, -9.850953856865008 ], [ -77.312452173258194, -9.851010729863956 ], [ -77.312395611350709, -9.851067602857665 ], [ -77.312339049423855, -9.85112447584614 ], [ -77.312282487477674, -9.851181348829385 ], [ -77.312225925512152, -9.851238221807394 ], [ -77.312112014620809, -9.851239002193676 ], [ -77.312055452611858, -9.851295875151829 ], [ -77.311998890583567, -9.851352748104743 ], [ -77.311884979634598, -9.851353528423415 ], [ -77.311827630752617, -9.851297435780054 ], [ -77.311770281889949, -9.851241343122334 ], [ -77.310631172171767, -9.851249143724155 ], [ -77.310574609849837, -9.851306016492197 ], [ -77.31051804750858, -9.851362889255002 ], [ -77.31040413643656, -9.851363669074926 ], [ -77.310347574051875, -9.851420541817864 ], [ -77.310348360368721, -9.851533507511984 ], [ -77.310291797950086, -9.851590380253832 ], [ -77.31023523551211, -9.851647252990443 ], [ -77.310178673054779, -9.851704125721813 ], [ -77.310122110578121, -9.851760998447945 ], [ -77.310122896845982, -9.851873964157839 ], [ -77.31006633433536, -9.851930836882879 ], [ -77.310009771805397, -9.851987709602682 ], [ -77.309953209256093, -9.852044582317243 ], [ -77.309839297904645, -9.852045362 ], [ -77.309781949141197, -9.851989268959105 ], [ -77.309724600397075, -9.851933175903847 ], [ -77.309610689065394, -9.851933955500767 ], [ -77.309553340355237, -9.851877862407422 ], [ -77.309495991664434, -9.851821769299724 ], [ -77.309438642992959, -9.851765676177672 ], [ -77.309437856966667, -9.851652710412292 ], [ -77.30938050833862, -9.85159661727093 ], [ -77.309323159729914, -9.851540524115215 ], [ -77.309265811140548, -9.851484430945151 ], [ -77.309208462570538, -9.851428337760735 ], [ -77.309206890738892, -9.851202406187829 ], [ -77.309149542236369, -9.851146312979138 ], [ -77.309092193753173, -9.851090219756097 ], [ -77.309034845289304, -9.85103412651871 ], [ -77.308977496844804, -9.850978033266971 ], [ -77.308976711039463, -9.850865067459443 ], [ -77.308919362638349, -9.850808974188395 ], [ -77.308862014256604, -9.850752880902995 ], [ -77.308804665894172, -9.850696787603246 ], [ -77.308747317551095, -9.850640694289149 ], [ -77.308742603495261, -9.849962899307755 ], [ -77.308685255315936, -9.849906805949544 ], [ -77.308627907155937, -9.849850712576982 ], [ -77.308570559015294, -9.849794619190073 ], [ -77.308513210893977, -9.849738525788819 ], [ -77.308512425347374, -9.849625559935886 ], [ -77.308455077269457, -9.849569466515321 ], [ -77.308397729210895, -9.849513373080411 ], [ -77.308340381171675, -9.849457279631155 ], [ -77.308283033151781, -9.849401186167553 ], [ -77.308225685151228, -9.849345092689601 ], [ -77.308168337170017, -9.849288999197308 ], [ -77.308110989208132, -9.84923290569067 ], [ -77.307997078672429, -9.84923368453193 ], [ -77.307939730744508, -9.849177590987212 ], [ -77.307882382835913, -9.849121497428149 ], [ -77.30782503494666, -9.849065403854745 ], [ -77.307823464440446, -9.848839472029008 ], [ -77.307766116618666, -9.848783378431337 ], [ -77.307708768816212, -9.848727284819319 ], [ -77.30770798362542, -9.84861431889531 ], [ -77.307650635866366, -9.848558225263988 ], [ -77.307594073269328, -9.848615097552253 ], [ -77.307537510652963, -9.848671969835278 ], [ -77.307480948017258, -9.848728842113061 ], [ -77.307424385362211, -9.848785714385603 ], [ -77.307367822687823, -9.848842586652903 ], [ -77.307311259994108, -9.848899458914962 ], [ -77.307197349508257, -9.848900237460418 ], [ -77.307140786771129, -9.848957109702605 ], [ -77.307084224014673, -9.849013981939549 ], [ -77.306628581784295, -9.849017095620795 ], [ -77.306571234079854, -9.848961001781413 ], [ -77.306513886394754, -9.848904907927686 ], [ -77.306172154710467, -9.848907242643515 ], [ -77.306114807088534, -9.848851148704266 ], [ -77.306057459485956, -9.848795054750676 ], [ -77.305829638374334, -9.848796610941211 ], [ -77.3057722908203, -9.848740516925826 ], [ -77.305714943285622, -9.848684422896104 ], [ -77.305487122194691, -9.848685978838315 ], [ -77.305429774708571, -9.848629884746803 ], [ -77.305372427241792, -9.848573790640948 ], [ -77.305144606171552, -9.848575346334838 ], [ -77.305087258753346, -9.848519252167202 ], [ -77.305029911354467, -9.848463157985222 ], [ -77.304973348218667, -9.848520029932891 ], [ -77.304916785063554, -9.848576901875312 ], [ -77.304688963917783, -9.848578457262365 ], [ -77.304631616558041, -9.848522362999832 ], [ -77.304574269217639, -9.848466268722959 ], [ -77.304460358659824, -9.848467046311505 ], [ -77.304403011353372, -9.848410951996573 ], [ -77.304345664066261, -9.848354857667303 ], [ -77.304231753528256, -9.848355635170053 ], [ -77.304174406275095, -9.848299540802724 ], [ -77.304173622320931, -9.84818657459347 ], [ -77.30411627511117, -9.848130480206853 ], [ -77.304058927920721, -9.848074385805898 ], [ -77.304001580749642, -9.848018291390606 ], [ -77.303545938891816, -9.848021400602176 ], [ -77.303489375501769, -9.848078272343077 ], [ -77.303432812092396, -9.848135144078736 ], [ -77.303204991010674, -9.848136698395869 ], [ -77.303148427533856, -9.848193570097006 ], [ -77.303091864037711, -9.848250441792894 ], [ -77.303035300522225, -9.848307313483533 ], [ -77.302978736987399, -9.84836418516892 ], [ -77.302922173433245, -9.848421056849054 ], [ -77.302865609859751, -9.848477928523945 ], [ -77.301954324001073, -9.848484143555835 ], [ -77.30189697701627, -9.848428048719065 ], [ -77.301839630050807, -9.848371953867961 ], [ -77.301725719305281, -9.848372730526917 ], [ -77.301669155486564, -9.848429602046055 ], [ -77.301612591648507, -9.848486473559939 ], [ -77.301043037539017, -9.848490356133013 ], [ -77.300986473561366, -9.848547227568453 ], [ -77.300929909564388, -9.848604098998635 ], [ -77.300873345548069, -9.848660970423568 ], [ -77.300876477085993, -9.849112836296225 ], [ -77.300819912991841, -9.849169707732418 ], [ -77.300763348878334, -9.849226579163361 ], [ -77.3007067847455, -9.849283450589045 ], [ -77.300650220593326, -9.849340322009475 ], [ -77.30059365642181, -9.849397193424648 ], [ -77.300537092230954, -9.849454064834566 ], [ -77.300537875051234, -9.849567031325471 ], [ -77.300481310826413, -9.84962390273426 ], [ -77.300424746582266, -9.849680774137793 ], [ -77.30042631219257, -9.849906707133677 ], [ -77.300369747899808, -9.849963578540212 ], [ -77.300313183587718, -9.850020449941495 ], [ -77.300319446171727, -9.850924181958455 ], [ -77.300376793480893, -9.850980277018465 ], [ -77.300434140809401, -9.85103637206414 ], [ -77.300377576370337, -9.851093243511968 ], [ -77.300321011911933, -9.851150114954539 ], [ -77.300264447434202, -9.851206986391853 ], [ -77.300207882937116, -9.851263857823907 ], [ -77.300211797306218, -9.851828690341128 ], [ -77.300155232716619, -9.851885561788571 ], [ -77.30009866810768, -9.851942433230752 ], [ -77.300104931353985, -9.852846165281944 ], [ -77.300048366608635, -9.852903036751895 ], [ -77.29999180184393, -9.852959908216585 ], [ -77.299995716532678, -9.853524740763349 ], [ -77.299939151675432, -9.853581612243422 ], [ -77.299825238990252, -9.853582388667673 ], [ -77.29976867408962, -9.853639260127828 ], [ -77.299826021902945, -9.853695355187778 ], [ -77.299883369735596, -9.853751450233394 ], [ -77.299884152681756, -9.853864416747738 ], [ -77.299941500557836, -9.853920511774076 ], [ -77.299998848453242, -9.853976606786077 ], [ -77.300004329676923, -9.854767372294434 ], [ -77.299947764658668, -9.854824243819916 ], [ -77.299891199621072, -9.854881115340135 ], [ -77.299891982661421, -9.854994081846321 ], [ -77.299835417589833, -9.855050953365406 ], [ -77.299778852498875, -9.85510782487923 ], [ -77.299722287388576, -9.855164696387789 ], [ -77.299665722258936, -9.855221567891084 ], [ -77.299609157109941, -9.855278439389114 ], [ -77.299552591941591, -9.855335310881882 ], [ -77.299496026753886, -9.855392182369386 ], [ -77.299439461546839, -9.855449053851627 ], [ -77.299441027421551, -9.855674986927594 ], [ -77.299384462165861, -9.855731858412822 ], [ -77.299327896890816, -9.855788729892788 ], [ -77.299330245685667, -9.856127629525384 ], [ -77.299273680347355, -9.856184501012464 ], [ -77.299217114989673, -9.856241372494281 ], [ -77.299217897910836, -9.856354339045099 ], [ -77.299161332519162, -9.856411210525778 ], [ -77.299104767108133, -9.856468082001186 ], [ -77.299107898769805, -9.856919948229317 ], [ -77.299051333280843, -9.856976819715968 ], [ -77.298994767772541, -9.857033691197355 ], [ -77.298938202244855, -9.857090562673472 ], [ -77.298881636697828, -9.857147434144322 ], [ -77.298938985139884, -9.857203529240842 ], [ -77.298996333601281, -9.85725962432303 ], [ -77.298999465371793, -9.857711490564585 ], [ -77.298942899756241, -9.85776836206546 ], [ -77.29888633412132, -9.857825233561069 ], [ -77.298829768467058, -9.857882105051409 ], [ -77.298715854216951, -9.857882881436488 ], [ -77.29865850565983, -9.857826786322164 ], [ -77.29860115712205, -9.857770691193496 ], [ -77.298373328652175, -9.857772243753564 ], [ -77.298315980163053, -9.857716148563103 ], [ -77.298312849321619, -9.857264282103923 ], [ -77.298255500948102, -9.857208186879364 ], [ -77.298198152593926, -9.85715209164047 ], [ -77.298197369955233, -9.857039125013754 ], [ -77.298140021644485, -9.856983029755588 ], [ -77.298082673353093, -9.856926934483084 ], [ -77.298081108200179, -9.856701001207437 ], [ -77.29802375997626, -9.856644905910718 ], [ -77.297966411771696, -9.856588810599668 ], [ -77.29796562925749, -9.856475843950742 ], [ -77.297908281096326, -9.856419748620416 ], [ -77.297850932954532, -9.856363653275755 ], [ -77.297793584832107, -9.856307557916772 ], [ -77.297679671039205, -9.85630833382942 ], [ -77.297622322950758, -9.85625223843237 ], [ -77.297564974881681, -9.856196143020989 ], [ -77.297337147326218, -9.856197694636233 ], [ -77.297279799305784, -9.85614159916307 ], [ -77.297222451304705, -9.856085503675576 ], [ -77.297108537542172, -9.856086279378172 ], [ -77.297051189575072, -9.856030183852628 ], [ -77.297048843130753, -9.855691283673636 ], [ -77.296991495255185, -9.855635188118939 ], [ -77.296934147398986, -9.855579092549915 ], [ -77.296932583246033, -9.855353159073422 ], [ -77.296875235457279, -9.855297063480188 ], [ -77.29681788768788, -9.855240967872628 ], [ -77.296817105673625, -9.855128001123282 ], [ -77.296759757947626, -9.855071905496452 ], [ -77.296702410240982, -9.855015809855292 ], [ -77.296645062553708, -9.854959714199804 ], [ -77.295961581877336, -9.85496436614452 ], [ -77.295904234297282, -9.854908270332386 ], [ -77.29584688673657, -9.854852174505922 ], [ -77.295732973286889, -9.854852949648269 ], [ -77.295675625760182, -9.854796853783759 ], [ -77.295618278252832, -9.854740757904922 ], [ -77.295390451383852, -9.854742307979601 ], [ -77.295333103925159, -9.854686212039006 ], [ -77.295275756485793, -9.854630116084081 ], [ -77.295218409065797, -9.85457402011483 ], [ -77.295217627649762, -9.854461053233786 ], [ -77.295160280273166, -9.854404957245276 ], [ -77.29510293291591, -9.854348861242441 ], [ -77.295102151557387, -9.854235894350712 ], [ -77.295044804243531, -9.854179798328614 ], [ -77.294987456949016, -9.854123702292194 ], [ -77.294930109673857, -9.854067606241445 ], [ -77.293563150005596, -9.854076900971686 ], [ -77.293505802925594, -9.854020804622047 ], [ -77.293504241357866, -9.853794870579469 ], [ -77.293446894345294, -9.853738774205643 ], [ -77.293389547352078, -9.853682677817499 ], [ -77.293387205215211, -9.853343776717928 ], [ -77.29332985831347, -9.853287680300669 ], [ -77.29327251143107, -9.853231583869086 ], [ -77.293271730785662, -9.8531186168244 ], [ -77.293214383946648, -9.853062520373568 ], [ -77.293157037127003, -9.853006423908415 ], [ -77.293099690326684, -9.852950327428941 ], [ -77.293042343545721, -9.852894230935147 ], [ -77.292984996784114, -9.852838134427033 ], [ -77.292927650041847, -9.8527820379046 ], [ -77.292870303318921, -9.852725941367847 ], [ -77.292642477391979, -9.852727489274663 ], [ -77.292585130717683, -9.852671392676175 ], [ -77.29252778406277, -9.852615296063364 ], [ -77.29229995815686, -9.852616843721858 ], [ -77.292242611550577, -9.852560747047317 ], [ -77.292185264963635, -9.85250465035846 ], [ -77.291957439078786, -9.852506197768635 ], [ -77.291900092540502, -9.852450101018047 ], [ -77.291842746021544, -9.852394004253137 ], [ -77.291728833094353, -9.852394777853256 ], [ -77.291671486609403, -9.852338681050325 ], [ -77.291614140143807, -9.852282584233077 ], [ -77.291556793697552, -9.852226487401515 ], [ -77.291499447270638, -9.852170390555631 ], [ -77.29138553439266, -9.852171164022558 ], [ -77.291328187999753, -9.852115067138655 ], [ -77.291270841626172, -9.852058970240437 ], [ -77.291213495271961, -9.852002873327905 ], [ -77.291156148937091, -9.851946776401055 ], [ -77.291098802621548, -9.851890679459892 ], [ -77.29104145632536, -9.851834582504415 ], [ -77.290984110048512, -9.85177848553462 ], [ -77.29092676379102, -9.851722388550515 ], [ -77.290812851020874, -9.851723161789439 ], [ -77.290755504797374, -9.851667064767312 ], [ -77.290698158593202, -9.851610967730871 ], [ -77.290470333083391, -9.851612513998802 ], [ -77.290412986927876, -9.851556416900646 ], [ -77.290355640791716, -9.851500319788174 ], [ -77.290241728052038, -9.851501092817184 ], [ -77.290184381949871, -9.8514449956667 ], [ -77.29012703586703, -9.8513888985019 ], [ -77.29001312314729, -9.851389671445141 ], [ -77.289955777098456, -9.851333574242332 ], [ -77.289898431068977, -9.851277477025203 ], [ -77.28967060565995, -9.851279022701782 ], [ -77.289613259679115, -9.851222925422947 ], [ -77.289612480440724, -9.851109958074334 ], [ -77.28955513450326, -9.851053860776263 ], [ -77.289497788585152, -9.85099776346388 ], [ -77.28944044268637, -9.850941666137187 ], [ -77.289383096806944, -9.850885568796182 ], [ -77.289325750946858, -9.850829471440866 ], [ -77.2892684051061, -9.850773374071242 ], [ -77.289267626021271, -9.850660406692276 ], [ -77.289210280223898, -9.850604309303415 ], [ -77.289152934445866, -9.850548211900247 ], [ -77.289095588687175, -9.850492114482769 ], [ -77.289038242947825, -9.850436017050979 ], [ -77.28898089722783, -9.850379919604885 ], [ -77.288923551527162, -9.850323822144475 ], [ -77.288866205845821, -9.850267724669758 ], [ -77.288808860183849, -9.850211627180732 ], [ -77.288808081300616, -9.850098659761573 ], [ -77.288750735682001, -9.850042562253314 ], [ -77.288636823313951, -9.850043334627802 ], [ -77.288579477729314, -9.849987237081542 ], [ -77.288522132164047, -9.849931139520972 ], [ -77.288464786618107, -9.849875041946097 ], [ -77.288407441091508, -9.849818944356912 ], [ -77.288350095584263, -9.849762846753421 ], [ -77.288292750096332, -9.84970674913562 ], [ -77.288235404627756, -9.849650651503515 ], [ -77.288224504479189, -9.848069106872106 ], [ -77.288281071075644, -9.848012237098242 ], [ -77.288337637652788, -9.847955367319102 ], [ -77.288394204210562, -9.847898497534677 ], [ -77.288450770749023, -9.847841627744975 ], [ -77.288507337268129, -9.847784757949992 ], [ -77.288563903767908, -9.847727888149734 ], [ -77.288620470248361, -9.847671018344197 ], [ -77.288677036709458, -9.847614148533383 ], [ -77.288670029386353, -9.846597441481638 ], [ -77.288726595696289, -9.846540571702509 ], [ -77.288783161986913, -9.846483701918096 ], [ -77.288839728258168, -9.846426832128412 ], [ -77.28889629451011, -9.846369962333444 ], [ -77.288952860742725, -9.84631309253321 ], [ -77.289009426956, -9.846256222727693 ], [ -77.289065993149933, -9.8461993529169 ], [ -77.289122559324554, -9.846142483100836 ], [ -77.289119444733771, -9.845690613410303 ], [ -77.289062100008138, -9.84563451578116 ], [ -77.288948189176423, -9.845635287918586 ], [ -77.288890844484754, -9.845579190251454 ], [ -77.288833499812412, -9.845523092570017 ], [ -77.288776155159411, -9.845466994874277 ], [ -77.288718810525751, -9.845410897164232 ], [ -77.288661465911403, -9.845354799439882 ], [ -77.288604121316396, -9.845298701701227 ], [ -77.288546776740716, -9.845242603948272 ], [ -77.288489432184377, -9.845186506181015 ], [ -77.288432087647351, -9.84513040839945 ], [ -77.288374743129665, -9.845074310603584 ], [ -77.288317398631307, -9.845018212793416 ], [ -77.28831662033393, -9.84490524530066 ], [ -77.288259275878914, -9.844849147471269 ], [ -77.288145365252234, -9.844849919277095 ], [ -77.288088020831196, -9.844793821409716 ], [ -77.288030676429486, -9.84473772352804 ], [ -77.287973332047116, -9.84468162563206 ], [ -77.287915987684073, -9.844625527721776 ], [ -77.287858643340357, -9.84456942979719 ], [ -77.287857865235097, -9.844456462265073 ], [ -77.287800520934724, -9.844400364321269 ], [ -77.287743176653692, -9.844344266363162 ], [ -77.287685832391972, -9.844288168390754 ], [ -77.287628488149579, -9.844232070404045 ], [ -77.287627710149749, -9.844119102851439 ], [ -77.287570365950714, -9.844063004845511 ], [ -77.287456455538404, -9.844063776358121 ], [ -77.287399111373347, -9.84400767831421 ], [ -77.287341767227588, -9.843951580256002 ], [ -77.287284423101184, -9.843895482183497 ], [ -77.287227078994107, -9.843839384096688 ], [ -77.287169734906342, -9.843783285995581 ], [ -77.287168957098615, -9.843670318403618 ], [ -77.287111613054194, -9.843614220283296 ], [ -77.287054269029113, -9.843558122148673 ], [ -77.286996925023345, -9.843502023999751 ], [ -77.286939581036904, -9.843445925836528 ], [ -77.28688223706979, -9.84338982765901 ], [ -77.286768326833226, -9.843390598887463 ], [ -77.28671098290009, -9.843334500671972 ], [ -77.28665363898628, -9.843278402442175 ], [ -77.28642581854362, -9.843279944689362 ], [ -77.28636847467844, -9.843223846397915 ], [ -77.286311130832573, -9.843167748092174 ], [ -77.286197220626477, -9.843168519110909 ], [ -77.286139876814588, -9.843112420767191 ], [ -77.286082533022025, -9.843056322409179 ], [ -77.28602518924879, -9.843000224036873 ], [ -77.285967845494881, -9.842944125650265 ], [ -77.285910501760284, -9.842888027249364 ], [ -77.285853158045029, -9.842831928834167 ], [ -77.285795814349086, -9.842775830404674 ], [ -77.28573847067247, -9.842719731960889 ], [ -77.285681127015195, -9.842663633502806 ], [ -77.285623783377233, -9.842607535030426 ], [ -77.285566439758611, -9.842551436543754 ], [ -77.285509096159288, -9.842495338042788 ], [ -77.28545175257932, -9.842439239527524 ], [ -77.28539440901865, -9.842383140997967 ], [ -77.285337065477322, -9.842327042454118 ], [ -77.28527972195532, -9.842270943895972 ], [ -77.285222378452644, -9.842214845323534 ], [ -77.285165034969282, -9.842158746736802 ], [ -77.285051125017446, -9.842159517291057 ], [ -77.284993781568076, -9.842103418666357 ], [ -77.284936438138004, -9.842047320027364 ], [ -77.284594708314245, -9.842049631318105 ], [ -77.28453736494744, -9.841993532593808 ], [ -77.284480021599961, -9.841937433855213 ], [ -77.282885281719416, -9.841948214654499 ], [ -77.282827938596341, -9.841892115570243 ], [ -77.282770595492579, -9.841836016471698 ], [ -77.282713252408143, -9.841779917358865 ], [ -77.282712476276274, -9.841666949400729 ], [ -77.282655133235167, -9.841610850268696 ], [ -77.282597790213387, -9.841554751122377 ], [ -77.28254044721092, -9.841498651961773 ], [ -77.282483104227794, -9.841442552786875 ], [ -77.28248232820124, -9.841329584808287 ], [ -77.282424985261429, -9.841273485614195 ], [ -77.282311075394318, -9.841274255176465 ], [ -77.282253732488485, -9.841218155944425 ], [ -77.28219638960195, -9.841162056698092 ], [ -77.28213904673477, -9.841105957437474 ], [ -77.282081703886888, -9.841049858162568 ], [ -77.281739974405269, -9.841052166335423 ], [ -77.281682631620669, -9.840996066975238 ], [ -77.281625288855395, -9.840939967600772 ], [ -77.281397469212862, -9.84094150609638 ], [ -77.281340126496218, -9.840885406660302 ], [ -77.281282783798886, -9.840829307209935 ], [ -77.281225441120853, -9.840773207745283 ], [ -77.281168098462174, -9.840717108266348 ], [ -77.280826369104119, -9.840719415438363 ], [ -77.280769026508722, -9.840663315874158 ], [ -77.280768251127256, -9.840550347754872 ], [ -77.280824818302563, -9.840493479208787 ], [ -77.280881385458557, -9.840436610657415 ], [ -77.280879059282313, -9.840097706319222 ], [ -77.280821716811531, -9.840041606739867 ], [ -77.280764374360075, -9.839985507146228 ], [ -77.280761273114436, -9.839533634644665 ], [ -77.280703930778259, -9.839477535017126 ], [ -77.280646588461394, -9.839421435375305 ], [ -77.28064038680229, -9.838517690254632 ], [ -77.280583044696655, -9.838461590559286 ], [ -77.280525702610333, -9.838405490849663 ], [ -77.280468360543324, -9.838349391125757 ], [ -77.280411018495641, -9.838293291387568 ], [ -77.280407143241959, -9.83772845056261 ], [ -77.280349801333514, -9.837672350785621 ], [ -77.280292459444397, -9.837616250994351 ], [ -77.280290134548167, -9.837277346460185 ], [ -77.28034670139462, -9.837220478091387 ], [ -77.280403268221761, -9.837163609717308 ], [ -77.280401718279052, -9.836937673373493 ], [ -77.280344376538494, -9.836881573562174 ], [ -77.280287034817263, -9.836825473736575 ], [ -77.280343601605139, -9.836768605384139 ], [ -77.280400168373703, -9.836711737026421 ], [ -77.280394743999096, -9.835920959786046 ], [ -77.280337402474387, -9.835864859930588 ], [ -77.280280060968977, -9.835808760060853 ], [ -77.280222719482893, -9.835752660176841 ], [ -77.280165378016122, -9.835696560278548 ], [ -77.280164603238745, -9.83558359207848 ], [ -77.280107261815246, -9.835527492161008 ], [ -77.280049920411088, -9.835471392229259 ], [ -77.279992579026228, -9.835415292283235 ], [ -77.279935237660666, -9.835359192322931 ], [ -77.279877896314417, -9.835303092348353 ], [ -77.279820554987495, -9.835246992359499 ], [ -77.279763213679871, -9.835190892356366 ], [ -77.27970587239156, -9.835134792338959 ], [ -77.279703548690946, -9.834795887616197 ], [ -77.279760115335137, -9.834739019410668 ], [ -77.279816681960014, -9.834682151199855 ], [ -77.279814358255578, -9.834343246494308 ], [ -77.279757017139772, -9.834287146451954 ], [ -77.279699676043279, -9.834231046395322 ], [ -77.279642334966113, -9.834174946324417 ], [ -77.27958499390823, -9.834118846239237 ], [ -77.27952765286966, -9.834062746139782 ], [ -77.279470311850417, -9.834006646026054 ], [ -77.279412970850473, -9.833950545898054 ], [ -77.279355629869812, -9.833894445755778 ], [ -77.279354855512153, -9.833781477479748 ], [ -77.279297514574793, -9.833725377318295 ], [ -77.279240173656746, -9.833669277142571 ], [ -77.279239399356356, -9.833556308855924 ], [ -77.279182058481581, -9.833500208661022 ], [ -77.279124717626118, -9.833444108451847 ], [ -77.279067376789968, -9.833388008228402 ], [ -77.27901003597313, -9.833331907990681 ], [ -77.27895269517559, -9.833275807738691 ], [ -77.278838787771008, -9.83327657551285 ], [ -77.278781447007404, -9.833220475222941 ], [ -77.278724106263127, -9.833164374918763 ], [ -77.278666765538148, -9.833108274600313 ], [ -77.278609424832482, -9.833052174267591 ], [ -77.278552084146099, -9.832996073920599 ], [ -77.278494743479044, -9.832939973559334 ], [ -77.278380836152976, -9.832940741153344 ], [ -77.278323495519871, -9.832884640754164 ], [ -77.278266154906063, -9.832828540340719 ], [ -77.278208814311569, -9.832772439912999 ], [ -77.278151473736358, -9.832716339471011 ], [ -77.278037566459531, -9.83271710693216 ], [ -77.27798022591827, -9.832661006452261 ], [ -77.277922885396336, -9.832604905958091 ], [ -77.277808978139461, -9.832605673333669 ], [ -77.27775241136591, -9.832662541212395 ], [ -77.27769584457306, -9.832719409085838 ], [ -77.27758193725893, -9.83272017639381 ], [ -77.277525370422794, -9.832777044247312 ], [ -77.277468803567359, -9.832833912095529 ], [ -77.276101914495072, -9.832843116452391 ], [ -77.276044574178783, -9.832787015575537 ], [ -77.275987233881821, -9.832730914684415 ], [ -77.275873326427828, -9.832731681417958 ], [ -77.275815986164815, -9.832675580488932 ], [ -77.275758645921101, -9.832619479545645 ], [ -77.27473347867948, -9.832626377998837 ], [ -77.274676138586884, -9.832570276828569 ], [ -77.274618798513615, -9.83251417564404 ], [ -77.274163168503421, -9.832517240438506 ], [ -77.274105828508041, -9.832461139145179 ], [ -77.274048488531989, -9.832405037837594 ], [ -77.27399114857522, -9.832348936515746 ], [ -77.27393380863775, -9.832292835179636 ], [ -77.273876468719592, -9.832236733829262 ], [ -77.273819128820733, -9.832180632464629 ], [ -77.273761788941201, -9.832124531085734 ], [ -77.273704449080952, -9.83206842969258 ], [ -77.273647109240017, -9.832012328285165 ], [ -77.273589769418379, -9.831956226863486 ], [ -77.273475862039049, -9.831956992730056 ], [ -77.273418522251362, -9.831900891270486 ], [ -77.273361182482986, -9.83184478979666 ], [ -77.27330384273391, -9.831788688308572 ], [ -77.273246503004145, -9.831732586806226 ], [ -77.273189163293694, -9.83167648528962 ], [ -77.273245730893962, -9.831619618033963 ], [ -77.273302298474931, -9.831562750773015 ], [ -77.273358866036602, -9.831505883506773 ], [ -77.27341543357899, -9.83144901623524 ], [ -77.273412345055547, -9.830997141186987 ], [ -77.273355005478834, -9.830941039674041 ], [ -77.273297665921419, -9.830884938146832 ], [ -77.273240326383302, -9.830828836605365 ], [ -77.273182986864512, -9.83077273504964 ], [ -77.273125647365006, -9.830716633479657 ], [ -77.273068307884799, -9.830660531895417 ], [ -77.273010968423904, -9.830604430296916 ], [ -77.272953628982293, -9.830548328684158 ], [ -77.272896289560009, -9.830492227057144 ], [ -77.272838950156995, -9.83043612541587 ], [ -77.272781610773308, -9.830380023760339 ], [ -77.272667703869288, -9.830380789233354 ], [ -77.272610364519551, -9.830324687539939 ], [ -77.272553025189097, -9.830268585832268 ], [ -77.272495685877942, -9.830212484110341 ], [ -77.272438346586114, -9.830156382374158 ], [ -77.272381007313555, -9.83010028062372 ], [ -77.272323668060324, -9.830044178859023 ], [ -77.272266328826376, -9.82998807708007 ], [ -77.272208989611727, -9.829931975286865 ], [ -77.27215165041639, -9.8298758734794 ], [ -77.272094311240352, -9.829819771657682 ], [ -77.272036972083612, -9.829763669821707 ], [ -77.271979632946156, -9.829707567971479 ], [ -77.271922293828027, -9.829651466106995 ], [ -77.271920750849148, -9.829425528325407 ], [ -77.271863411798208, -9.829369426436894 ], [ -77.271806072766566, -9.829313324534127 ], [ -77.271748733754222, -9.829257222617105 ], [ -77.271634827152468, -9.829257987655932 ], [ -77.271577488174074, -9.829201885701037 ], [ -77.271520149214979, -9.829145783731887 ], [ -77.271462810275182, -9.829089681748481 ], [ -77.271405471354683, -9.829033579750826 ], [ -77.271348132453483, -9.828977477738913 ], [ -77.27129079357158, -9.828921375712749 ], [ -77.271233454708963, -9.828865273672331 ], [ -77.271176115865657, -9.828809171617662 ], [ -77.271118777041636, -9.828753069548743 ], [ -77.271061438236941, -9.828696967465564 ], [ -77.271004099451517, -9.82864086536814 ], [ -77.270946760685405, -9.828584763256464 ], [ -77.270889421938591, -9.828528661130534 ], [ -77.270832083211062, -9.828472558990349 ], [ -77.27077474450283, -9.828416456835919 ], [ -77.270717405813912, -9.828360354667232 ], [ -77.270603499437229, -9.82836111928987 ], [ -77.270546160782246, -9.828305017083318 ], [ -77.270545389862903, -9.828192048075671 ], [ -77.270488051251178, -9.828135945849985 ], [ -77.270430712658737, -9.828079843610045 ], [ -77.27037337408558, -9.828023741355857 ], [ -77.270259467796777, -9.828024505836792 ], [ -77.270202129257584, -9.827968403544736 ], [ -77.270144790737675, -9.827912301238431 ], [ -77.269916978190778, -9.827913829991013 ], [ -77.269859639719471, -9.827857727623227 ], [ -77.269802301267447, -9.827801625241193 ], [ -77.269688395009354, -9.82780238951284 ], [ -77.26963105659128, -9.827746287092943 ], [ -77.269573718192504, -9.827690184658797 ], [ -77.269345905707056, -9.827691712992802 ], [ -77.269288567356867, -9.827635610497179 ], [ -77.269231229025976, -9.827579507987311 ], [ -77.269117322798607, -9.827580272049676 ], [ -77.269059984501666, -9.827524169501944 ], [ -77.269002646224024, -9.82746806693997 ], [ -77.268888740016664, -9.827468830916832 ], [ -77.268831401772957, -9.827412728316995 ], [ -77.268774063548548, -9.827356625702912 ], [ -77.268716725343452, -9.827300523074586 ], [ -77.268659387157626, -9.82724442043201 ], [ -77.268602048991113, -9.827188317775187 ], [ -77.268544710843898, -9.827132215104122 ], [ -77.267975180107243, -9.827136033705976 ], [ -77.267917842052569, -9.827079930902611 ], [ -77.267860504017179, -9.827023828085002 ], [ -77.267803166001087, -9.826967725253152 ], [ -77.26780239611945, -9.826854756020937 ], [ -77.267745058146602, -9.826798653169961 ], [ -77.267687720193038, -9.826742550304743 ], [ -77.267630382258758, -9.826686447425281 ], [ -77.267573044343791, -9.826630344531575 ], [ -77.267572274567172, -9.826517375279035 ], [ -77.267514936695434, -9.826461272366208 ], [ -77.267457598842981, -9.826405169439136 ], [ -77.267400261009826, -9.826349066497823 ], [ -77.267342923195955, -9.826292963542267 ], [ -77.267285585401382, -9.826236860572468 ], [ -77.267228247626107, -9.826180757588427 ], [ -77.267170909870117, -9.826124654590149 ], [ -77.267113572133425, -9.826068551577624 ], [ -77.267112032991008, -9.825842612992062 ], [ -77.267054695321477, -9.82578650995554 ], [ -77.266997357671229, -9.825730406904778 ], [ -77.266996588161817, -9.825617437601027 ], [ -77.266939250554813, -9.825561334531145 ], [ -77.266881912967079, -9.825505231447023 ], [ -77.26687960463812, -9.825166323501632 ], [ -77.266822267141492, -9.825110220388639 ], [ -77.266764929664134, -9.825054117261407 ], [ -77.266761082874154, -9.824489270620749 ], [ -77.26670374553575, -9.824433167454893 ], [ -77.26664640821663, -9.824377064274797 ], [ -77.266645638934349, -9.824264094934477 ], [ -77.266588301658444, -9.824207991735268 ], [ -77.266530964401838, -9.824151888521818 ], [ -77.266473627164515, -9.82409578529413 ], [ -77.266416289946477, -9.8240396820522 ], [ -77.266358952747737, -9.823983578796041 ], [ -77.266301615568281, -9.823927475525636 ], [ -77.266244278408109, -9.823871372240996 ], [ -77.266186941267236, -9.823815268942116 ], [ -77.266186172185655, -9.82370229956198 ], [ -77.266128835087983, -9.823646196243986 ], [ -77.266071498009609, -9.823590092911758 ], [ -77.266068421967475, -9.823138215344079 ], [ -77.266124989938888, -9.823081349306735 ], [ -77.266181557891002, -9.823024483264092 ], [ -77.266180019867022, -9.82279854449164 ], [ -77.266122682960756, -9.822742441134645 ], [ -77.266065346073788, -9.822686337763413 ], [ -77.266064577123572, -9.82257336836622 ], [ -77.266007240279805, -9.822517264975877 ], [ -77.265779430768106, -9.822518790114481 ], [ -77.265722093972926, -9.822462686662709 ], [ -77.26566475719703, -9.822406583196702 ], [ -77.265550852456556, -9.822407345661428 ], [ -77.265493515714596, -9.822351242157593 ], [ -77.265436178991919, -9.822295138639518 ], [ -77.265322274271455, -9.8222959010188 ], [ -77.265264937582714, -9.822239797462899 ], [ -77.265207600913243, -9.822183693892761 ], [ -77.264979791503109, -9.822185218442179 ], [ -77.264922454882225, -9.82212911481062 ], [ -77.264865118280625, -9.822073011164829 ], [ -77.264637308891977, -9.822074535466854 ], [ -77.26457997233895, -9.822018431759641 ], [ -77.264522635805235, -9.821962328038195 ], [ -77.264408731126281, -9.821963090084639 ], [ -77.264351394626487, -9.82190698632537 ], [ -77.264294058145964, -9.821850882551868 ], [ -77.264236721684739, -9.821794778764135 ], [ -77.264179385242798, -9.821738674962166 ], [ -77.264122048820113, -9.821682571145969 ], [ -77.26406471241674, -9.821626467315539 ], [ -77.264007376032637, -9.821570363470881 ], [ -77.263950039667819, -9.821514259611988 ], [ -77.263892703322284, -9.821458155738865 ], [ -77.263890399003884, -9.821119247008813 ], [ -77.263833062749384, -9.821063143106846 ], [ -77.263775726514169, -9.821007039190654 ], [ -77.263774190443911, -9.820781100013741 ], [ -77.263716854275813, -9.820724996073579 ], [ -77.263659518126985, -9.820668892119182 ], [ -77.263658750153596, -9.820555922519771 ], [ -77.263601414047969, -9.820499818546274 ], [ -77.263544077961626, -9.82044371455855 ], [ -77.263486741894582, -9.820387610556596 ], [ -77.263429405846793, -9.820331506540414 ], [ -77.263372069818303, -9.820275402510003 ], [ -77.263314733809082, -9.820219298465364 ], [ -77.263313198177073, -9.819993359205665 ], [ -77.263255862234971, -9.819937255137059 ], [ -77.263198526312138, -9.819881151054226 ], [ -77.263196990812844, -9.819655211771805 ], [ -77.263139654957115, -9.819599107665006 ], [ -77.26308231912067, -9.819543003543975 ], [ -77.263024983303524, -9.819486899408719 ], [ -77.262967647505633, -9.81943079525924 ], [ -77.262966879865544, -9.819317825597336 ], [ -77.263023447984764, -9.819260960093843 ], [ -77.263080016084714, -9.819204094585047 ], [ -77.263078480773729, -9.818978155275035 ], [ -77.263135048825106, -9.818921289769056 ], [ -77.263191616857213, -9.818864424257779 ], [ -77.26318931387236, -9.818525515311027 ], [ -77.263131978255757, -9.818469411155535 ], [ -77.263074642658424, -9.818413306985816 ], [ -77.263073875063156, -9.818300337325539 ], [ -77.26301653950901, -9.818244233136726 ], [ -77.262959203974148, -9.818188128933684 ], [ -77.262901868458556, -9.818132024716421 ], [ -77.262844532962248, -9.818075920484931 ], [ -77.262839928159025, -9.817398102389383 ], [ -77.262782592825445, -9.817341998114458 ], [ -77.262554786342093, -9.817343520289624 ], [ -77.262497451057072, -9.817287415953315 ], [ -77.262440115791321, -9.817231311602782 ], [ -77.262382780544826, -9.817175207238025 ], [ -77.262325445317629, -9.81711910285904 ], [ -77.262268110109702, -9.817062998465842 ], [ -77.262210774921044, -9.817006894058412 ], [ -77.262096871753329, -9.817007654947167 ], [ -77.262039536598593, -9.816951550501942 ], [ -77.261982201463127, -9.816895446042491 ], [ -77.261924866346931, -9.816839341568818 ], [ -77.261923332196048, -9.816613402046251 ], [ -77.261865997146927, -9.816557297548625 ], [ -77.26163819105507, -9.816558818987124 ], [ -77.261580856054522, -9.816502714428118 ], [ -77.261523521073244, -9.816446609854898 ], [ -77.261466186111235, -9.816390505267453 ], [ -77.261408851168497, -9.816334400665786 ], [ -77.261351516245043, -9.816278296049898 ], [ -77.261294181340858, -9.816222191419792 ], [ -77.261180278368897, -9.816222951940237 ], [ -77.261122943498634, -9.816166847272335 ], [ -77.261065608647627, -9.816110742590213 ], [ -77.260951705695689, -9.816111503025278 ], [ -77.260894370878617, -9.816055398305362 ], [ -77.260837036080801, -9.815999293571224 ], [ -77.260779701302255, -9.815943188822869 ], [ -77.260722366543007, -9.815887084060297 ], [ -77.260494560728532, -9.815888604627148 ], [ -77.260437226017828, -9.815832499803207 ], [ -77.26037989132638, -9.815776394965049 ], [ -77.260322556654216, -9.815720290112674 ], [ -77.260265222001323, -9.815664185246078 ], [ -77.259581804687286, -9.815668745463379 ], [ -77.259525236319604, -9.815725610397388 ], [ -77.259468667932651, -9.815782475326094 ], [ -77.259240861991685, -9.815783995034062 ], [ -77.259184293537672, -9.815840859928146 ], [ -77.259127725064388, -9.815897724816926 ], [ -77.259071156571821, -9.8159545897004 ], [ -77.259014588059983, -9.81601145457857 ], [ -77.25844507256781, -9.81601525288627 ], [ -77.258388503917232, -9.816072117685831 ], [ -77.258331935247369, -9.816128982480087 ], [ -77.258274600767166, -9.816072877218016 ], [ -77.258217266306232, -9.816016771941735 ], [ -77.257078234443583, -9.816024364925221 ], [ -77.257020900148419, -9.815968259399046 ], [ -77.256963565872539, -9.81591215385866 ], [ -77.256166243223973, -9.815917466342452 ], [ -77.256108909069923, -9.815861360622895 ], [ -77.256051574935157, -9.815805254889128 ], [ -77.25599424081966, -9.815749149141153 ], [ -77.25593690672342, -9.815693043378964 ], [ -77.255709100286495, -9.815694560698889 ], [ -77.255651766238842, -9.815638454875367 ], [ -77.255594432210472, -9.815582349037635 ], [ -77.255480529007457, -9.815583107593126 ], [ -77.255423195013009, -9.815527001717625 ], [ -77.255365861037831, -9.815470895827911 ], [ -77.253999022233273, -9.815479994946459 ], [ -77.253941688453239, -9.815423888759808 ], [ -77.253884354692474, -9.815367782558951 ], [ -77.253314838278243, -9.815371571998027 ], [ -77.253257504610033, -9.815315465665174 ], [ -77.253200170961094, -9.815259359318112 ], [ -77.253142837331438, -9.81520325295685 ], [ -77.253085503721039, -9.815147146581387 ], [ -77.253028170129909, -9.815091040191716 ], [ -77.252970836558063, -9.815034933787844 ], [ -77.252913503005487, -9.814978827369767 ], [ -77.25291273912751, -9.814865856891672 ], [ -77.252855405618064, -9.814809750454545 ], [ -77.252798072127916, -9.814753644003217 ], [ -77.252740738657025, -9.814697537537686 ], [ -77.252683405205403, -9.814641431057952 ], [ -77.252626071773051, -9.814585324564019 ], [ -77.252568738359969, -9.814529218055883 ], [ -77.252511404966171, -9.814473111533546 ], [ -77.252055792643773, -9.814476141042002 ], [ -77.251998459327879, -9.814420034411246 ], [ -77.251941126031227, -9.814363927766287 ], [ -77.251883792753858, -9.814307821107132 ], [ -77.251883029278062, -9.814194850544213 ], [ -77.251825696043852, -9.814138743866009 ], [ -77.251768362828898, -9.814082637173607 ], [ -77.251711029633213, -9.814026530467004 ], [ -77.251653696456813, -9.813970423746202 ], [ -77.251596363299669, -9.8139143170112 ], [ -77.25153903016178, -9.813858210262001 ], [ -77.251481697043175, -9.813802103498602 ], [ -77.25142436394384, -9.813745996721005 ], [ -77.251367030863761, -9.813689889929208 ], [ -77.251309697802967, -9.813633783123214 ], [ -77.25130817135657, -9.813407841898028 ], [ -77.251250838362793, -9.813351735068144 ], [ -77.251193505388272, -9.813295628224065 ], [ -77.25119274222665, -9.813182657600565 ], [ -77.251249312001022, -9.813125793830025 ], [ -77.251305881756124, -9.813068930054166 ], [ -77.251304355401913, -9.812842988820876 ], [ -77.251247022527494, -9.812786881966767 ], [ -77.251189689672373, -9.812730775098464 ], [ -77.251188926556836, -9.812617804470911 ], [ -77.25113159374483, -9.812561697583563 ], [ -77.25107426095208, -9.81250559068202 ], [ -77.251073497893515, -9.812392620043973 ], [ -77.251016165143923, -9.812336513123386 ], [ -77.250958832413588, -9.812280406188606 ], [ -77.250955780462448, -9.811828523589542 ], [ -77.250898447846879, -9.811772416621189 ], [ -77.250841115250552, -9.811716309638639 ], [ -77.250783782673494, -9.811660202641891 ], [ -77.250726450115707, -9.811604095630953 ], [ -77.250725687246458, -9.811491124959787 ], [ -77.2506683547318, -9.811435017929806 ], [ -77.250554452557921, -9.811435774512965 ], [ -77.250497120077199, -9.811379667445248 ], [ -77.250439787615719, -9.811323560363332 ], [ -77.250382455173508, -9.811267453267227 ], [ -77.250381692447476, -9.811154482566998 ], [ -77.250324360048396, -9.811098375451854 ], [ -77.250267027668571, -9.811042268322515 ], [ -77.25020969530803, -9.810986161178985 ], [ -77.250152362966745, -9.810930054021261 ], [ -77.25015160034539, -9.810817083300849 ], [ -77.250094268047235, -9.810760976124088 ], [ -77.249980366058452, -9.810761732462929 ], [ -77.249923033794204, -9.810705625248437 ], [ -77.249922271268332, -9.810592654508655 ], [ -77.2498649390472, -9.810536547275124 ], [ -77.249807606845366, -9.810480440027401 ], [ -77.249750274662773, -9.810424332765486 ], [ -77.249692942499436, -9.81036822548938 ], [ -77.249635610355369, -9.810312118199084 ], [ -77.249578278230558, -9.810256010894596 ], [ -77.249577515857098, -9.810143040124951 ], [ -77.249520183775417, -9.810086932801429 ], [ -77.249462851712991, -9.810030825463718 ], [ -77.249405519669835, -9.809974718111814 ], [ -77.249348187645936, -9.809918610745719 ], [ -77.249290855641306, -9.809862503365434 ], [ -77.249233523655917, -9.809806395970959 ], [ -77.249176191689813, -9.809750288562293 ], [ -77.24911885974295, -9.80969418113944 ], [ -77.249061527815343, -9.809638073702395 ], [ -77.24900419590702, -9.809581966251161 ], [ -77.248946864017924, -9.809525858785737 ], [ -77.248889532148112, -9.809469751306121 ], [ -77.248832200297542, -9.80941364381232 ], [ -77.248774868466242, -9.809357536304326 ], [ -77.248717536654212, -9.809301428782147 ], [ -77.248660204861423, -9.809245321245777 ], [ -77.24860287308789, -9.809189213695221 ], [ -77.248147266755836, -9.809192236337724 ], [ -77.248089935060193, -9.80913612867883 ], [ -77.24803260338382, -9.809080021005752 ], [ -77.247235292153604, -9.809085308829763 ], [ -77.247177960599075, -9.809029200977751 ], [ -77.247120629063829, -9.808973093111559 ], [ -77.247063297547811, -9.808916985231182 ], [ -77.247062536132219, -9.808804014256717 ], [ -77.247005204659331, -9.808747906357317 ], [ -77.246891303115362, -9.808748661504932 ], [ -77.246833971676395, -9.808692553567814 ], [ -77.246776640256684, -9.808636445616512 ], [ -77.246719308856228, -9.808580337651025 ], [ -77.246661977475028, -9.808524229671352 ], [ -77.246548075980499, -9.808524984686636 ], [ -77.246490744633206, -9.80846887666925 ], [ -77.246433413305184, -9.808412768637682 ], [ -77.246319511830777, -9.808413523567703 ], [ -77.246262180536675, -9.808357415498419 ], [ -77.246204849261815, -9.808301307414952 ], [ -77.246147518006225, -9.8082451993173 ], [ -77.246090186769891, -9.808189091205467 ], [ -77.245976285344923, -9.808189846003163 ], [ -77.24591895414251, -9.808133737853622 ], [ -77.245861622959339, -9.808077629689894 ], [ -77.245804291795437, -9.808021521511986 ], [ -77.245746960650777, -9.807965413319895 ], [ -77.245291355093514, -9.807968431752206 ], [ -77.245234024026757, -9.807912323451822 ], [ -77.245176692979271, -9.807856215137258 ], [ -77.245119361951026, -9.807800106808511 ], [ -77.245062030942037, -9.807743998465586 ], [ -77.244834228225528, -9.80774550726432 ], [ -77.244777657818503, -9.807802370019896 ], [ -77.244721087392207, -9.807859232770149 ], [ -77.244664516946656, -9.80791609551507 ], [ -77.24460794648185, -9.807972958254673 ], [ -77.244551375997801, -9.808029820988946 ], [ -77.244494805494483, -9.808086683717896 ], [ -77.24403919937879, -9.808089700504814 ], [ -77.243981868449453, -9.808033591950466 ], [ -77.243924537539385, -9.807977483381935 ], [ -77.243867206648574, -9.807921374799228 ], [ -77.243809875777032, -9.807865266202345 ], [ -77.243468171269754, -9.807867528109126 ], [ -77.243411600561856, -9.807924390692635 ], [ -77.243355029834717, -9.807981253270817 ], [ -77.243298459088308, -9.808038115843672 ], [ -77.243241888322629, -9.808094978411198 ], [ -77.243185317537709, -9.808151840973396 ], [ -77.243128746733532, -9.808208703530262 ], [ -77.242900943396577, -9.808210211101001 ], [ -77.242844372525454, -9.808267073623188 ], [ -77.24278780163506, -9.808323936140045 ], [ -77.242731230725411, -9.808380798651573 ], [ -77.242674659796521, -9.808437661157773 ], [ -77.242560758018868, -9.808438414827128 ], [ -77.242503427208646, -9.808382305981443 ], [ -77.24244609641768, -9.808326197121579 ], [ -77.24199048933265, -9.808329211228802 ], [ -77.24193391825608, -9.808386073637578 ], [ -77.241877347160241, -9.808442936041025 ], [ -77.241820776045145, -9.808499798439138 ], [ -77.241764204910794, -9.808556660831925 ], [ -77.241650303021203, -9.808557414204508 ], [ -77.24159373184375, -9.808614276577279 ], [ -77.241537160647042, -9.808671138944721 ], [ -77.241309356744949, -9.808672645516554 ], [ -77.241252785481279, -9.808729507849298 ], [ -77.241196214198368, -9.808786370176708 ], [ -77.241082312185853, -9.808787123375957 ], [ -77.241025740859826, -9.808843985683351 ], [ -77.240969169514557, -9.808900847985418 ], [ -77.240741365366631, -9.808902354210575 ], [ -77.240684793954401, -9.808959216477939 ], [ -77.240628222522915, -9.809016078739967 ], [ -77.240514320387504, -9.809016831765875 ], [ -77.240457748912903, -9.809073694007884 ], [ -77.240401177419045, -9.809130556244563 ], [ -77.240287275226777, -9.809131309202897 ], [ -77.240230703689818, -9.809188171419555 ], [ -77.240174132133603, -9.809245033630878 ], [ -77.240060229884463, -9.809245786521636 ], [ -77.240003658285147, -9.80930264871294 ], [ -77.239947086666561, -9.809359510898902 ], [ -77.239889756002995, -9.809303401550807 ], [ -77.239832425358699, -9.809247292188539 ], [ -77.239775094733645, -9.809191182812096 ], [ -77.23971776412786, -9.809135073421489 ], [ -77.239660433541331, -9.809078964016704 ], [ -77.239603102974058, -9.809022854597751 ], [ -77.239545772426041, -9.808966745164629 ], [ -77.239488441897294, -9.808910635717334 ], [ -77.239431111387802, -9.808854526255871 ], [ -77.239373780897566, -9.808798416780236 ], [ -77.239316450426585, -9.808742307290435 ], [ -77.239259119974861, -9.808686197786461 ], [ -77.239201789542406, -9.808630088268318 ], [ -77.239201030811969, -9.808517116680923 ], [ -77.239143700422602, -9.808461007143793 ], [ -77.239086370052505, -9.808404897592489 ], [ -77.239029039701649, -9.808348788027018 ], [ -77.238915137668982, -9.80834954046507 ], [ -77.238857807352048, -9.808293430861912 ], [ -77.238800477054397, -9.808237321244588 ], [ -77.238743146776002, -9.808181211613096 ], [ -77.238685816516849, -9.808125101967434 ], [ -77.238571914533708, -9.80812585427322 ], [ -77.238514584308504, -9.808069744589876 ], [ -77.238457254102542, -9.808013634892363 ], [ -77.23839992391585, -9.807957525180683 ], [ -77.238342593748399, -9.80790141545484 ], [ -77.23800088792008, -9.807903671860803 ], [ -77.23794355781591, -9.807847562050249 ], [ -77.237886227731011, -9.807791452225528 ], [ -77.237658423858349, -9.807792956211115 ], [ -77.237601093822065, -9.807736846325199 ], [ -77.237543763805022, -9.80768073642512 ], [ -77.237315959954415, -9.807682240163855 ], [ -77.237258629985988, -9.807626130202586 ], [ -77.237201300036816, -9.807570020227155 ], [ -77.237143970106899, -9.807513910237557 ], [ -77.237086640196239, -9.807457800233793 ], [ -77.237029310304834, -9.807401690215869 ], [ -77.236971980432685, -9.80734558018378 ], [ -77.236914650579791, -9.807289470137524 ], [ -77.236857320746154, -9.807233360077108 ], [ -77.236799990931772, -9.807177250002526 ], [ -77.236799233129219, -9.807064278219235 ], [ -77.236741903357924, -9.807008168125673 ], [ -77.23662800160416, -9.807008919693811 ], [ -77.236570671866801, -9.806952809562576 ], [ -77.236513342148697, -9.806896699417182 ], [ -77.23645601244985, -9.806840589257627 ], [ -77.236398682770243, -9.806784479083909 ], [ -77.236341353109907, -9.806728368896026 ], [ -77.236284023468812, -9.806672258693984 ], [ -77.236170121793947, -9.80667301008287 ], [ -77.236112792186802, -9.806616899843158 ], [ -77.236055462598898, -9.806560789589284 ], [ -77.23599813303025, -9.80650467932125 ], [ -77.235940803480844, -9.806448569039055 ], [ -77.235883473950693, -9.806392458742698 ], [ -77.235826144439812, -9.806336348432181 ], [ -77.235768814948187, -9.806280238107504 ], [ -77.235711485475804, -9.806224127768669 ], [ -77.235654156022662, -9.806168017415672 ], [ -77.23559682658879, -9.806111907048512 ], [ -77.234913417228071, -9.806116413169327 ], [ -77.234856087901505, -9.80606030264698 ], [ -77.234798758594209, -9.806004192110473 ], [ -77.234741429306155, -9.80594808155981 ], [ -77.23468410003737, -9.80589197099499 ], [ -77.234626770787813, -9.805835860416012 ], [ -77.234569441557525, -9.805779749822875 ], [ -77.234512112346493, -9.80572363921558 ], [ -77.234454783154703, -9.805667528594132 ], [ -77.234397453982155, -9.805611417958522 ], [ -77.234396697116381, -9.805498445978724 ], [ -77.234339367986934, -9.805442335324148 ], [ -77.234282038876728, -9.805386224655413 ], [ -77.234224709785764, -9.805330113972525 ], [ -77.234167380714069, -9.805274003275482 ], [ -77.234110051661617, -9.805217892564279 ], [ -77.234052722628419, -9.805161781838921 ], [ -77.233995393614464, -9.805105671099408 ], [ -77.233938821294956, -9.805162532364026 ], [ -77.233882248956192, -9.805219393623299 ], [ -77.233825676598173, -9.805276254877226 ], [ -77.233769104220897, -9.805333116125812 ], [ -77.233427399951225, -9.805335367339771 ], [ -77.233370827483228, -9.805392228538942 ], [ -77.233314254995975, -9.805449089732765 ], [ -77.233257682489494, -9.805505950921244 ], [ -77.233201109963744, -9.805562812104375 ], [ -77.233144537418738, -9.805619673282163 ], [ -77.233087964854477, -9.805676534454603 ], [ -77.233031392270988, -9.805733395621699 ], [ -77.232974819668229, -9.805790256783446 ], [ -77.232860918036124, -9.805791006994188 ], [ -77.232804345390292, -9.805847868135896 ], [ -77.232747772725205, -9.805904729272257 ], [ -77.232633871036313, -9.805905479415419 ], [ -77.232577298328152, -9.805962340531741 ], [ -77.23252072560075, -9.806019201642716 ], [ -77.231723413189158, -9.806024451369717 ], [ -77.231666840275736, -9.806081312372482 ], [ -77.231610267343044, -9.806138173369895 ], [ -77.231553694391124, -9.806195034361963 ], [ -77.231497121419935, -9.806251895348678 ], [ -77.230358101959737, -9.806259391124335 ], [ -77.230300773196689, -9.806203279666788 ], [ -77.230243444452896, -9.806147168195087 ], [ -77.230015640510032, -9.806148666797899 ], [ -77.229959067224613, -9.806205527584201 ], [ -77.229902493919965, -9.806262388365148 ], [ -77.229560787794284, -9.806264635894713 ], [ -77.229504214398915, -9.806321496626207 ], [ -77.229447640984304, -9.806378357352347 ], [ -77.229219836759611, -9.806379855455612 ], [ -77.229162508119643, -9.806323743767914 ], [ -77.229105179498916, -9.806267632066067 ], [ -77.227054940363359, -9.806281107274568 ], [ -77.226997612026366, -9.806224995135725 ], [ -77.226940283708643, -9.806168882982739 ], [ -77.226712479236639, -9.806170379370267 ], [ -77.226655905260586, -9.806227239730195 ], [ -77.226599331265305, -9.806284100084763 ], [ -77.226542002987102, -9.806227987851962 ], [ -77.226484674728155, -9.806171875605019 ], [ -77.226256870183221, -9.806173371686992 ], [ -77.226200296111955, -9.806230231988094 ], [ -77.226143722021405, -9.806287092283835 ], [ -77.226029819687639, -9.806287840238115 ], [ -77.225973245554044, -9.806344700513788 ], [ -77.225916671401208, -9.806401560784098 ], [ -77.22557496420238, -9.806403804329518 ], [ -77.22551838995885, -9.806460664550343 ], [ -77.22546181569605, -9.806517524765809 ], [ -77.224892303277713, -9.806521263097164 ], [ -77.224835728876627, -9.806578123233718 ], [ -77.224779154456272, -9.80663498336491 ], [ -77.224665251897662, -9.806635730887169 ], [ -77.224608677434247, -9.806692590998288 ], [ -77.224552102951577, -9.806749451104038 ], [ -77.224324297711803, -9.806750945975125 ], [ -77.224267723162271, -9.806807806046091 ], [ -77.224211148593469, -9.806864666111691 ], [ -77.224097245912304, -9.806865413460514 ], [ -77.224040671300457, -9.806922273506039 ], [ -77.223984096669341, -9.806979133546195 ], [ -77.223756291184458, -9.806980628070397 ], [ -77.223699716486479, -9.807037488075762 ], [ -77.223643141769244, -9.807094348075763 ], [ -77.223586567032754, -9.807151208070396 ], [ -77.223529992276994, -9.807208068059666 ], [ -77.222732672126597, -9.807213297279114 ], [ -77.222675344157764, -9.807157184286121 ], [ -77.222618016208202, -9.807101071278991 ], [ -77.222560688277881, -9.807044958257729 ], [ -77.222503360366815, -9.806988845222323 ], [ -77.222446785406973, -9.807045705065828 ], [ -77.222447538348021, -9.807158677958062 ], [ -77.222390963354201, -9.807215537800175 ], [ -77.222334388341139, -9.80727239763692 ], [ -77.22233514126188, -9.807385370536299 ], [ -77.222392469234208, -9.80744148359017 ], [ -77.222449797225778, -9.807497596629903 ], [ -77.22245055020322, -9.807610569518902 ], [ -77.222507878237863, -9.807666682539713 ], [ -77.222565206291762, -9.807722795546386 ], [ -77.222575749598036, -9.809304415773431 ], [ -77.222633078004506, -9.80936052869894 ], [ -77.222690406430246, -9.809416641610314 ], [ -77.222692666085038, -9.809755560181054 ], [ -77.222749994601486, -9.809811673063926 ], [ -77.222807323137161, -9.80986778593266 ], [ -77.222808076421259, -9.80998075877838 ], [ -77.222751501131143, -9.810037618764133 ], [ -77.222694925821756, -9.810094478744517 ], [ -77.222697185640371, -9.810433397300704 ], [ -77.22264061026759, -9.810490257287654 ], [ -77.222584034875553, -9.810547117269234 ], [ -77.222586294687773, -9.810886035842019 ], [ -77.222529719232341, -9.810942895830166 ], [ -77.222473143757625, -9.81099975581294 ], [ -77.22241656826364, -9.811056615790337 ], [ -77.222359992750413, -9.811113475762369 ], [ -77.22236225246796, -9.811452394375625 ], [ -77.22230567689131, -9.811509254354217 ], [ -77.22224910129539, -9.811566114327434 ], [ -77.222192525680214, -9.811622974295279 ], [ -77.221964716745418, -9.811624468315861 ], [ -77.221908141063352, -9.811681328248877 ], [ -77.221911906761591, -9.812246192755355 ], [ -77.221969235698907, -9.812302305697338 ], [ -77.222026564655479, -9.812358418625182 ], [ -77.222028824326472, -9.812697337290643 ], [ -77.22208615337378, -9.812753450189987 ], [ -77.22214348244033, -9.812809563075191 ], [ -77.222147248978786, -9.813374427453587 ], [ -77.222090673104304, -9.813431287470358 ], [ -77.222034097210553, -9.813488147481753 ], [ -77.221977521297546, -9.813545007487773 ], [ -77.221920945365255, -9.813601867488419 ], [ -77.221921698641367, -9.813714840377584 ], [ -77.221865122675084, -9.813771700376829 ], [ -77.22180854668953, -9.813828560370697 ], [ -77.221751970684707, -9.81388542035919 ], [ -77.221695394660628, -9.813942280342307 ], [ -77.221696901122357, -9.814168226150032 ], [ -77.221640325049549, -9.814225086135727 ], [ -77.221583748957485, -9.814281946116044 ], [ -77.221585255396704, -9.814507891936444 ], [ -77.221528679255911, -9.814564751919335 ], [ -77.221472103095849, -9.814621611896852 ], [ -77.221415526916516, -9.814678471868989 ], [ -77.221358950717914, -9.814735331835749 ], [ -77.221302374500041, -9.814792191797132 ], [ -77.221245798262899, -9.81484905175313 ], [ -77.221189222006487, -9.814905911703756 ], [ -77.221132645730791, -9.814962771649002 ], [ -77.221076069435838, -9.81501963158887 ], [ -77.221019493121602, -9.815076491523355 ], [ -77.221020999302709, -9.815302437420051 ], [ -77.220964422939758, -9.81535929735711 ], [ -77.220907846557523, -9.815416157288791 ], [ -77.220914624557551, -9.81643291385546 ], [ -77.220858048023501, -9.816489773817539 ], [ -77.220801471470182, -9.816546633774241 ], [ -77.220858801165349, -9.816602746769325 ], [ -77.220916130879814, -9.816658859750266 ], [ -77.220916884054574, -9.816771832696453 ], [ -77.220860307476343, -9.816828692670466 ], [ -77.220803730878814, -9.816885552639091 ], [ -77.2208059903693, -9.817224471496662 ], [ -77.220749413708319, -9.817281331471834 ], [ -77.220692837028068, -9.817338191441625 ], [ -77.220693590180289, -9.817451164400483 ], [ -77.220637013466032, -9.817508024368866 ], [ -77.220580436732476, -9.817564884331867 ], [ -77.220583449314418, -9.818016776191005 ], [ -77.220640779289837, -9.818072889170887 ], [ -77.220698109284555, -9.818129002136629 ], [ -77.220698862500413, -9.818241975089823 ], [ -77.220642285683013, -9.818298835086033 ], [ -77.220585708846357, -9.818355695076862 ], [ -77.220587968460109, -9.818694613955438 ], [ -77.220531391559959, -9.818751473952808 ], [ -77.220474814640539, -9.818808333944794 ], [ -77.220476321036244, -9.8190342798757 ], [ -77.220419744068053, -9.819091139870249 ], [ -77.220363167080606, -9.819147999859418 ], [ -77.220369946046034, -9.82016475657999 ], [ -77.220313368906673, -9.820221616599543 ], [ -77.220256791748028, -9.820278476613709 ], [ -77.220257544982388, -9.820391449586566 ], [ -77.220200967789722, -9.820448309599323 ], [ -77.220144390577772, -9.820505169606692 ], [ -77.220087813346538, -9.820562029608675 ], [ -77.21997390566554, -9.820562776603753 ], [ -77.219917328391205, -9.820619636585603 ], [ -77.219860751097571, -9.820676496562061 ], [ -77.219746843359829, -9.820677243489394 ], [ -77.219690266023079, -9.820734103445718 ], [ -77.219633688667059, -9.820790963396659 ], [ -77.219577111291741, -9.820847823342209 ], [ -77.219520533897153, -9.820904683282368 ], [ -77.219463956483281, -9.820961543217143 ], [ -77.219466215567323, -9.821300462302606 ], [ -77.219409638089928, -9.821357322243907 ], [ -77.219353060593249, -9.821414182179826 ], [ -77.219296483077301, -9.82147104211035 ], [ -77.219182575024121, -9.821471788907694 ], [ -77.219125997465056, -9.821528648818081 ], [ -77.219126750413707, -9.821641621869592 ], [ -77.219070172820608, -9.821698481778562 ], [ -77.219013595208224, -9.821755341682142 ], [ -77.219014348136469, -9.821868314740787 ], [ -77.21895777049005, -9.821925174642949 ], [ -77.218901192824347, -9.821982034539719 ], [ -77.218901945732199, -9.822095007605503 ], [ -77.218845368032461, -9.822151867500855 ], [ -77.218788790313454, -9.822208727390814 ], [ -77.218732212575134, -9.822265587275382 ], [ -77.218675634817544, -9.822322447154562 ], [ -77.218619057040655, -9.822379307028349 ], [ -77.218505148624388, -9.822380053666164 ], [ -77.218448570804398, -9.822436913519805 ], [ -77.21839199296511, -9.822493773368056 ], [ -77.218335415106537, -9.822550633210916 ], [ -77.21834068462006, -9.823341444932389 ], [ -77.218284106638976, -9.823398304797649 ], [ -77.218227528638593, -9.823455164657515 ], [ -77.218170950618912, -9.82351202451199 ], [ -77.218114372579947, -9.823568884361068 ], [ -77.218057794521698, -9.823625744204753 ], [ -77.218001216444165, -9.823682604043046 ], [ -77.217944638347333, -9.823739463875945 ], [ -77.217830729413635, -9.823740210389188 ], [ -77.217774151273687, -9.823797070201934 ], [ -77.217717573114442, -9.823853930009285 ], [ -77.217603664124013, -9.823854676454745 ], [ -77.217547085921638, -9.823911536241944 ], [ -77.217490507699978, -9.823968396023746 ], [ -77.217376598652805, -9.823969142401424 ], [ -77.21732002038803, -9.824026002163071 ], [ -77.217263442103956, -9.824082861919322 ], [ -77.215326986102937, -9.824095543983145 ], [ -77.215269655557734, -9.824039430151963 ], [ -77.2152123250318, -9.823983316306641 ], [ -77.215154994525179, -9.823927202447184 ], [ -77.215097664037827, -9.82387108857359 ], [ -77.215040333569789, -9.823814974685854 ], [ -77.214983003121034, -9.823758860783983 ], [ -77.214925672691564, -9.823702746867973 ], [ -77.214868342281392, -9.823646632937828 ], [ -77.214811011890504, -9.823590518993546 ], [ -77.214753681518914, -9.823534405035126 ], [ -77.214697102765115, -9.823591264441379 ], [ -77.214640523992031, -9.823648123842235 ], [ -77.214583945199649, -9.82370498323769 ], [ -77.214584696777706, -9.823817956623618 ], [ -77.214528117951289, -9.823874816017636 ], [ -77.214471539105574, -9.823931675406252 ], [ -77.214414960240561, -9.823988534789464 ], [ -77.213959323017505, -9.823991515937783 ], [ -77.21390274403791, -9.824048375256531 ], [ -77.213846165039016, -9.824105234569872 ], [ -77.213789586020837, -9.824162093877815 ], [ -77.213733006983375, -9.824218953180356 ], [ -77.213676427926615, -9.824275812477492 ], [ -77.213619848850556, -9.824332671769227 ], [ -77.213563269755213, -9.824389531055557 ], [ -77.213506690640585, -9.824446390336485 ], [ -77.21345011150666, -9.824503249612007 ], [ -77.213393532353436, -9.824560108882128 ], [ -77.213336953180914, -9.824616968146842 ], [ -77.213280373989122, -9.824673827406153 ], [ -77.213223794778017, -9.824730686660061 ], [ -77.213167215547628, -9.824787545908563 ], [ -77.213053305885666, -9.824788290893215 ], [ -77.212996726612161, -9.824845150121545 ], [ -77.212940147319358, -9.82490200934447 ], [ -77.211459320269967, -9.824911690278329 ], [ -77.211402740648197, -9.824968549303806 ], [ -77.211346161007114, -9.82502540832388 ], [ -77.211289581346747, -9.825082267338541 ], [ -77.211233001667097, -9.825139126347795 ], [ -77.211176421968133, -9.825195985351639 ], [ -77.211119842249886, -9.825252844350077 ], [ -77.21106326251234, -9.825309703343102 ], [ -77.211006682755496, -9.825366562330721 ], [ -77.210950102979368, -9.825423421312928 ], [ -77.210893523183955, -9.825480280289725 ], [ -77.210665703025626, -9.825481768794607 ], [ -77.210609123163266, -9.825538627736444 ], [ -77.210552543281608, -9.825595486672871 ], [ -77.210324722991786, -9.825596974965551 ], [ -77.210267392786406, -9.825540860162389 ], [ -77.210210062600339, -9.825484745345094 ], [ -77.210152732433542, -9.825428630513672 ], [ -77.210095402286058, -9.82537251566812 ], [ -77.210038072157872, -9.825316400808433 ], [ -77.20998074204897, -9.825260285934622 ], [ -77.209923411959352, -9.825204171046682 ], [ -77.209866081889047, -9.825148056144613 ], [ -77.209808751838025, -9.825091941228411 ], [ -77.209751421806303, -9.825035826298082 ], [ -77.209694091793864, -9.824979711353626 ], [ -77.209636761800724, -9.824923596395042 ], [ -77.209579431826882, -9.824867481422329 ], [ -77.209522101872324, -9.824811366435489 ], [ -77.209464771937064, -9.824755251434516 ], [ -77.209407442021103, -9.824699136419422 ], [ -77.209350112124426, -9.824643021390198 ], [ -77.209292782247047, -9.824586906346847 ], [ -77.209235452388953, -9.824530791289366 ], [ -77.209178122550156, -9.824474676217761 ], [ -77.209064212687053, -9.824475419836812 ], [ -77.209006882882321, -9.824419304727586 ], [ -77.208949553096886, -9.824363189604238 ], [ -77.208892223330722, -9.824307074466759 ], [ -77.20883489358387, -9.824250959315156 ], [ -77.208777563856302, -9.824194844149426 ], [ -77.208720234148032, -9.824138728969571 ], [ -77.208662904459047, -9.824082613775593 ], [ -77.208661405288254, -9.823856666098838 ], [ -77.208604075666187, -9.823800550881217 ], [ -77.208546746063419, -9.823744435649463 ], [ -77.208543748020872, -9.82329254024817 ], [ -77.208486418532644, -9.82323642498325 ], [ -77.208429089063685, -9.823180309704208 ], [ -77.208371759614025, -9.82312419441104 ], [ -77.208314430183663, -9.823068079103749 ], [ -77.20825710077257, -9.823011963782337 ], [ -77.208199771380805, -9.822955848446796 ], [ -77.208142442008295, -9.822899733097135 ], [ -77.208085112655084, -9.822843617733348 ], [ -77.208083614069039, -9.822617669951692 ], [ -77.208140194071362, -9.822560811437711 ], [ -77.208196774054386, -9.82250395291832 ], [ -77.208194526154529, -9.82216503126347 ], [ -77.208137196948698, -9.822108915880492 ], [ -77.208079867762152, -9.822052800483391 ], [ -77.208079118527891, -9.821939826587306 ], [ -77.208021789384446, -9.821883711171321 ], [ -77.207964460260271, -9.821827595741214 ], [ -77.207907131155395, -9.82177148029699 ], [ -77.207793222118724, -9.821772223286052 ], [ -77.207735893047897, -9.821716107804219 ], [ -77.207678563996367, -9.821659992308268 ], [ -77.207621234964108, -9.821603876798195 ], [ -77.207620485920302, -9.821490902864031 ], [ -77.207563156931158, -9.821434787335081 ], [ -77.207505827961285, -9.821378671792006 ], [ -77.207448499010695, -9.821322556234811 ], [ -77.20739117007939, -9.821266440663495 ], [ -77.207333841167369, -9.821210325078061 ], [ -77.207219932278363, -9.821211067832296 ], [ -77.207163352262782, -9.821267926180672 ], [ -77.207106772227945, -9.821324784523638 ], [ -77.20705019217381, -9.821381642861189 ], [ -77.206993612100362, -9.821438501193322 ], [ -77.206937032007659, -9.82149535952005 ], [ -77.20693852964142, -9.821721307492039 ], [ -77.206881949499888, -9.821778165821247 ], [ -77.206825369339057, -9.821835024145043 ], [ -77.206826118139958, -9.821947998137722 ], [ -77.206769537945078, -9.822004856460051 ], [ -77.206712957730915, -9.822061714776961 ], [ -77.206713706511309, -9.82217468877673 ], [ -77.206657126263082, -9.822231547092178 ], [ -77.206600545995585, -9.822288405402208 ], [ -77.206543965708775, -9.822345263706824 ], [ -77.206487385402696, -9.822402122006023 ], [ -77.206430805077318, -9.82245898029981 ], [ -77.206374224732642, -9.822515838588179 ], [ -77.206317644368696, -9.822572696871134 ], [ -77.206260315323235, -9.822516581117322 ], [ -77.206202986297043, -9.822460465349391 ], [ -77.206089076893363, -9.82246120781679 ], [ -77.206031747901235, -9.822405092011257 ], [ -77.205974418928406, -9.822348976191607 ], [ -77.205746600153034, -9.822350460917693 ], [ -77.205689271229019, -9.822294345036964 ], [ -77.205631942324302, -9.822238229142116 ], [ -77.205574613438884, -9.822182113233147 ], [ -77.205517284572736, -9.822125997310065 ], [ -77.205460704081972, -9.822182855468357 ], [ -77.205404123571896, -9.822239713621233 ], [ -77.205347543042535, -9.822296571768691 ], [ -77.205349039722677, -9.822522519973035 ], [ -77.20540636864996, -9.8225786359147 ], [ -77.205463697596528, -9.822634751842248 ], [ -77.205521026562408, -9.822690867755679 ], [ -77.205578355547573, -9.822746983654989 ], [ -77.205635684552021, -9.822803099540181 ], [ -77.205693013575754, -9.822859215411258 ], [ -77.205750342618771, -9.822915331268213 ], [ -77.205807671681086, -9.822971447111053 ], [ -77.205811414491663, -9.823536317417583 ], [ -77.205868743692292, -9.823592433222526 ], [ -77.20592607291222, -9.823648549013351 ], [ -77.205932062259748, -9.82455234138566 ], [ -77.205875481534633, -9.824609199680529 ], [ -77.205818900790234, -9.824666057969985 ], [ -77.205821146855939, -9.825004980119932 ], [ -77.205764566047904, -9.825061838415804 ], [ -77.205707985220599, -9.825118696706259 ], [ -77.205651404373981, -9.825175554991292 ], [ -77.205594823508079, -9.825232413270902 ], [ -77.205596320812134, -9.825458361398393 ], [ -77.205653650387973, -9.825514477169474 ], [ -77.205710979983095, -9.825570592926436 ], [ -77.205712477418544, -9.825796541031668 ], [ -77.205769807080586, -9.825852656764997 ], [ -77.205827136761911, -9.825908772484206 ], [ -77.20588446646255, -9.825964888189292 ], [ -77.205941796182458, -9.826021003880259 ], [ -77.205944042689126, -9.82635992597498 ], [ -77.205887461727556, -9.826416784332995 ], [ -77.205830880746703, -9.82647364268559 ], [ -77.205774299746551, -9.826530501032762 ], [ -77.205717718727115, -9.826587359374512 ], [ -77.205719216325136, -9.826813307465189 ], [ -77.205776546201491, -9.826869423155724 ], [ -77.205833876097131, -9.826925538832134 ], [ -77.20583986723156, -9.827829331086393 ], [ -77.205783286054029, -9.827886189480923 ], [ -77.205726704857184, -9.827943047870022 ], [ -77.205728951592945, -9.828281969975698 ], [ -77.205672370332451, -9.828338828371217 ], [ -77.205615789052672, -9.828395686761315 ], [ -77.205673119247649, -9.828451802408773 ], [ -77.205730449461939, -9.828507918042105 ], [ -77.205731198409964, -9.828620892074092 ], [ -77.205788528667384, -9.828677007688546 ], [ -77.205845858944073, -9.82873312328887 ], [ -77.205847356962522, -9.828959071331401 ], [ -77.205904687306173, -9.829015186908094 ], [ -77.206018598966153, -9.829014444012508 ], [ -77.206075929343882, -9.82907055955158 ], [ -77.206077427570946, -9.829296507554444 ], [ -77.206134758015622, -9.829352623069878 ], [ -77.206192088479582, -9.829408738571187 ], [ -77.206135507166522, -9.82946559706534 ], [ -77.206078925834163, -9.829522455554075 ], [ -77.206022344482491, -9.82957931403738 ], [ -77.205965763111536, -9.829636172515261 ], [ -77.205909181721253, -9.829693030987722 ], [ -77.205852600311687, -9.82974988945476 ], [ -77.20585409849275, -9.829975837482722 ], [ -77.205797517034298, -9.830032695952227 ], [ -77.205740935556534, -9.830089554416306 ], [ -77.205742433714576, -9.830315502456818 ], [ -77.205685852187941, -9.830372360923365 ], [ -77.205629270641992, -9.830429219384486 ], [ -77.205630019704998, -9.830542193411418 ], [ -77.20568735035252, -9.830598308968531 ], [ -77.205744681019368, -9.830654424511511 ], [ -77.205746179267734, -9.830880372543932 ], [ -77.20568959766716, -9.830937231030209 ], [ -77.205633016047273, -9.83099408951106 ], [ -77.205633765155426, -9.831107063533945 ], [ -77.205577183501433, -9.831163922013317 ], [ -77.205520601828155, -9.831220780487262 ], [ -77.20552135091576, -9.83133375451723 ], [ -77.205464769208376, -9.831390612989695 ], [ -77.205408187481694, -9.831447471456732 ], [ -77.205351605735686, -9.831504329918342 ], [ -77.205295023970379, -9.831561188374527 ], [ -77.205238442185774, -9.831618046825284 ], [ -77.204668879039431, -9.831621760580543 ], [ -77.204612297116398, -9.831678618951869 ], [ -77.204555715174052, -9.831735477317769 ], [ -77.204499133212423, -9.831792335678243 ], [ -77.204442551231466, -9.831849194033287 ], [ -77.204385969231211, -9.831906052382902 ], [ -77.204329387211629, -9.831962910727087 ], [ -77.203987648786708, -9.831965138254237 ], [ -77.203931066676361, -9.832021996548585 ], [ -77.203874484546716, -9.832078854837507 ], [ -77.203817902397759, -9.832135713120994 ], [ -77.203761320229503, -9.832192571399052 ], [ -77.203704738041921, -9.832249429671679 ], [ -77.20364815583504, -9.832306287938875 ], [ -77.203534242865757, -9.832307030282507 ], [ -77.203477660615732, -9.832363888529468 ], [ -77.203421078346423, -9.832420746770998 ], [ -77.203363747613608, -9.832364630819995 ], [ -77.203306416900105, -9.832308514854866 ], [ -77.202850764860528, -9.832311483539973 ], [ -77.202794182467613, -9.832368341698107 ], [ -77.202737600055372, -9.832425199850803 ], [ -77.202623686975286, -9.832425941896716 ], [ -77.202567104519915, -9.832482800029174 ], [ -77.20251052204523, -9.832539658156204 ], [ -77.202396608908501, -9.832540400134201 ], [ -77.202340026390686, -9.832597258240988 ], [ -77.202340774505359, -9.832710232504681 ], [ -77.202284191953439, -9.83276709060997 ], [ -77.202227609382206, -9.83282394870983 ], [ -77.202171026791689, -9.832880806804249 ], [ -77.202114444181831, -9.832937664893239 ], [ -77.202118184594411, -9.833502536278344 ], [ -77.202061601891245, -9.83355939438159 ], [ -77.20200501916878, -9.833616252479402 ], [ -77.201948436426989, -9.833673110571777 ], [ -77.201891853665899, -9.833729968658716 ], [ -77.201892601716253, -9.833842942949063 ], [ -77.201836018921043, -9.833899801034509 ], [ -77.201778688085767, -9.833843684816291 ], [ -77.201721357269804, -9.833787568583951 ], [ -77.201664026473154, -9.833731452337489 ], [ -77.201606695695816, -9.833675336076908 ], [ -77.201037127630187, -9.83367904448599 ], [ -77.200980544678544, -9.833735902454443 ], [ -77.200923961707574, -9.833792760417458 ], [ -77.200696134322953, -9.833794243453696 ], [ -77.200638803659544, -9.83373812699578 ], [ -77.200581473015433, -9.833682010523741 ], [ -77.200524142390648, -9.833625894037588 ], [ -77.200466811785176, -9.83356977753731 ], [ -77.200238984482951, -9.83357126023237 ], [ -77.200181653926407, -9.833515143670994 ], [ -77.200124323389161, -9.833459027095495 ], [ -77.200066992871243, -9.833402910505878 ], [ -77.200066245474886, -9.833289936073371 ], [ -77.200008915000083, -9.833233819464892 ], [ -77.199951584544593, -9.833177702842294 ], [ -77.199894254108415, -9.833121586205579 ], [ -77.19943859990569, -9.83312455053751 ], [ -77.199382016694642, -9.833181408278906 ], [ -77.199325433464281, -9.833238266014858 ], [ -77.199268850214608, -9.833295123745371 ], [ -77.199212266945622, -9.833351981470443 ], [ -77.19915568365731, -9.833408839190071 ], [ -77.199099100349713, -9.833465696904261 ], [ -77.198985186633621, -9.833466437802596 ], [ -77.198928603282894, -9.833523295496526 ], [ -77.198872019912855, -9.83358015318502 ], [ -77.198416364767951, -9.833583116276763 ], [ -77.19835903444833, -9.833526999339524 ], [ -77.198301704148022, -9.833470882388173 ], [ -77.198187790368905, -9.833471623018362 ], [ -77.198131206851485, -9.83352848060858 ], [ -77.198074623314739, -9.833585338193354 ], [ -77.19739114016528, -9.833589780992257 ], [ -77.197334556466359, -9.833646638482678 ], [ -77.19727797274814, -9.833703495967651 ], [ -77.197050144864406, -9.833704976534889 ], [ -77.196993561079253, -9.833761833984779 ], [ -77.19693697727476, -9.83381869142922 ], [ -77.196709149259803, -9.833820171783948 ], [ -77.196651819114749, -9.833764054503872 ], [ -77.196594488988978, -9.833707937209679 ], [ -77.196537158882549, -9.833651819901377 ], [ -77.196479828795418, -9.833595702578963 ], [ -77.196422498727614, -9.833539585242438 ], [ -77.196365168679094, -9.833483467891801 ], [ -77.196307838649915, -9.833427350527051 ], [ -77.196307092528116, -9.833314375808387 ], [ -77.196249762542038, -9.833258258424792 ], [ -77.196135848678196, -9.833258998348146 ], [ -77.196078518726253, -9.833202880926956 ], [ -77.196021188793608, -9.833146763491655 ], [ -77.195907274950414, -9.833147503329732 ], [ -77.195849945051904, -9.833091385856843 ], [ -77.195792615172707, -9.833035268369839 ], [ -77.195450873678027, -9.83303748751335 ], [ -77.195394289648434, -9.833094344732176 ], [ -77.195337705599528, -9.833151201945558 ], [ -77.195223791702375, -9.833151941553808 ], [ -77.195167207610339, -9.83320879874692 ], [ -77.195110623499005, -9.83326565593458 ], [ -77.195054039368358, -9.833322513116796 ], [ -77.194997455218399, -9.83337937029356 ], [ -77.194769627206682, -9.833380849276557 ], [ -77.194712297408714, -9.833324731578303 ], [ -77.194654967630058, -9.833268613865943 ], [ -77.19408539759165, -9.833272310418272 ], [ -77.194028813246774, -9.833329167467063 ], [ -77.193972228882558, -9.833386024510412 ], [ -77.193744400709079, -9.8333875028039 ], [ -77.193687816277972, -9.833444359812139 ], [ -77.193631231827524, -9.833501216814929 ], [ -77.193517317679706, -9.83350195587456 ], [ -77.193460733186157, -9.833558812857071 ], [ -77.193404148673295, -9.833615669834126 ], [ -77.192948491801758, -9.833618625570972 ], [ -77.192891907174385, -9.833675482483269 ], [ -77.192835322527685, -9.833732339390105 ], [ -77.192777992910237, -9.833676221306881 ], [ -77.192720663312102, -9.833620103209549 ], [ -77.192664078637122, -9.833676960092188 ], [ -77.19260749394283, -9.833733816969369 ], [ -77.192493579636917, -9.83373455570154 ], [ -77.192436994899509, -9.83379141255844 ], [ -77.192380410142789, -9.833848269409883 ], [ -77.192038667028399, -9.833850485287572 ], [ -77.191982082180942, -9.83390734208907 ], [ -77.191925497314202, -9.833964198885116 ], [ -77.191811582877179, -9.833964937404733 ], [ -77.191754997967308, -9.834021794180488 ], [ -77.191698413038139, -9.83407865095079 ], [ -77.190673182272704, -9.834085295636479 ], [ -77.190616597110008, -9.834142152267829 ], [ -77.190560011928, -9.834199008893721 ], [ -77.190446097306051, -9.834199746970913 ], [ -77.190389512080927, -9.834256603576511 ], [ -77.19033292683649, -9.834313460176649 ], [ -77.190275597426208, -9.834257341600566 ], [ -77.190218268035238, -9.834201223010377 ], [ -77.19010435338636, -9.834201960972644 ], [ -77.190047768089855, -9.834258817533739 ], [ -77.189991182774037, -9.834315674089369 ], [ -77.189934597438892, -9.834372530639545 ], [ -77.189878012084435, -9.834429387184258 ], [ -77.189821426710665, -9.834486243723507 ], [ -77.189764841317583, -9.834543100257299 ], [ -77.189309182061294, -9.834546051367203 ], [ -77.189252596553715, -9.834602907836187 ], [ -77.189196011026809, -9.83465976429971 ], [ -77.188626436516756, -9.8346634521767 ], [ -77.188569850851565, -9.834720308560568 ], [ -77.188513265167046, -9.834777164938973 ], [ -77.188456679463229, -9.834834021311911 ], [ -77.188400093740086, -9.83489087767939 ], [ -77.188343507997629, -9.834947734041402 ], [ -77.188286922235861, -9.835004590397951 ], [ -77.188230336454765, -9.835061446749037 ], [ -77.188173750654371, -9.835118303094657 ], [ -77.188117164834651, -9.835175159434812 ], [ -77.188060578995618, -9.835232015769504 ], [ -77.188003993137272, -9.835288872098729 ], [ -77.188005480055509, -9.835514822770332 ], [ -77.187948894148178, -9.835571679101916 ], [ -77.187892308221535, -9.835628535428038 ], [ -77.187893051664417, -9.835741510770447 ], [ -77.187836465703626, -9.835798367095013 ], [ -77.187779879723507, -9.835855223414109 ], [ -77.187781366576814, -9.836081174112145 ], [ -77.187724780547697, -9.836138030433602 ], [ -77.187668194499281, -9.83619488674959 ], [ -77.187680090141214, -9.838002492342572 ], [ -77.187623503836022, -9.838059348715662 ], [ -77.187566917511518, -9.838116205083281 ], [ -77.187575840391972, -9.839471909235971 ], [ -77.187633170541034, -9.839528028158311 ], [ -77.187690500709436, -9.839584147066549 ], [ -77.187691244388645, -9.839697122397908 ], [ -77.187748574600178, -9.83975324128733 ], [ -77.187976408052023, -9.839751766087673 ], [ -77.188033738312555, -9.839807884916027 ], [ -77.188091068592414, -9.839864003730284 ], [ -77.188204985334579, -9.839863266025993 ], [ -77.188262315648615, -9.839919384802664 ], [ -77.188319645981977, -9.839975503565231 ], [ -77.188376976334666, -9.840031622313699 ], [ -77.18838888056159, -9.841839226637914 ], [ -77.188332293894533, -9.841896083233088 ], [ -77.188275707208135, -9.841952939822793 ], [ -77.188219120502396, -9.842009796407028 ], [ -77.188162533777344, -9.842066652985793 ], [ -77.188164765897156, -9.842405578820461 ], [ -77.188108179108227, -9.842462435405483 ], [ -77.188051592299971, -9.84251929198504 ], [ -77.187995005472374, -9.84257614855912 ], [ -77.18793841862545, -9.84263300512773 ], [ -77.187881831759199, -9.842689861690868 ], [ -77.187825244873608, -9.842746718248533 ], [ -77.187768657968704, -9.842803574800724 ], [ -77.187712071044444, -9.842860431347441 ], [ -77.187655484100873, -9.842917287888687 ], [ -77.18759889713796, -9.842974144424462 ], [ -77.187542310155735, -9.84303100095476 ], [ -77.187485723154154, -9.843087857479581 ], [ -77.187429136133247, -9.843144713998935 ], [ -77.187372549093013, -9.843201570512811 ], [ -77.18737924406507, -9.844218348465855 ], [ -77.187436575184407, -9.844274467236946 ], [ -77.187493906323098, -9.844330585993934 ], [ -77.187551237481117, -9.844386704736817 ], [ -77.187608568658476, -9.844442823465597 ], [ -77.187665899855162, -9.844498942180268 ], [ -77.187723231071175, -9.844555060880834 ], [ -77.187780562306543, -9.844611179567297 ], [ -77.187837893561237, -9.844667298239653 ], [ -77.187838637682333, -9.844780273525965 ], [ -77.187895968980172, -9.844836392179493 ], [ -77.188009887441311, -9.844835654172087 ], [ -77.188067218773341, -9.844891772788019 ], [ -77.188124550124712, -9.844947891389841 ], [ -77.188181881495424, -9.845004009977561 ], [ -77.188184114314296, -9.845342935749095 ], [ -77.188241445775773, -9.845399054308542 ], [ -77.188298777256605, -9.845455172853882 ], [ -77.188356108756778, -9.845511291385119 ], [ -77.188413440276278, -9.845567409902245 ], [ -77.188414184662435, -9.845680385138916 ], [ -77.188471516225093, -9.845736503637211 ], [ -77.188528847807092, -9.845792622121403 ], [ -77.18852959224985, -9.845905597347823 ], [ -77.188586923874993, -9.84596171581318 ], [ -77.188644255519478, -9.846017834264432 ], [ -77.188701587183303, -9.846073952701573 ], [ -77.188758918866483, -9.846130071124607 ], [ -77.188759663413478, -9.846243046331329 ], [ -77.188816995139803, -9.84629916473553 ], [ -77.188874326885454, -9.846355283125623 ], [ -77.188878794641596, -9.847033134292285 ], [ -77.188936126549521, -9.847089252639933 ], [ -77.188993458476801, -9.84714537097347 ], [ -77.189050790423408, -9.847201489292898 ], [ -77.189108122389371, -9.847257607598213 ], [ -77.189108867142053, -9.847370582770932 ], [ -77.189166199151174, -9.847426701057412 ], [ -77.189223531179636, -9.847482819329784 ], [ -77.189280863227424, -9.847538937588043 ], [ -77.189338195294567, -9.847595055832189 ], [ -77.189341174776203, -9.848046956439399 ], [ -77.189398506957986, -9.848103074650538 ], [ -77.189455839159109, -9.848159192847568 ], [ -77.189513171379573, -9.848215311030486 ], [ -77.189570503619379, -9.84827142919929 ], [ -77.189627835878525, -9.848327547353982 ], [ -77.189685168157013, -9.848383665494557 ], [ -77.189687403291288, -9.848722590856433 ], [ -77.189630815980181, -9.848779447853753 ], [ -77.189574228649732, -9.848836304845603 ], [ -77.189576463775566, -9.849175230223672 ], [ -77.189519876381198, -9.849232087221786 ], [ -77.189463288967474, -9.849288944214424 ], [ -77.189406701534409, -9.849345801201585 ], [ -77.189350114082004, -9.849402658183269 ], [ -77.189293526610257, -9.849459515159479 ], [ -77.189236939119155, -9.849516372130214 ], [ -77.189180351608712, -9.849573229095469 ], [ -77.189123764078929, -9.849630086055248 ], [ -77.189067176529804, -9.849686943009548 ], [ -77.189010588961324, -9.849743799958373 ], [ -77.189014313607331, -9.850308675767963 ], [ -77.188957725945201, -9.850365532730875 ], [ -77.188843805660341, -9.850366271468227 ], [ -77.188787217955024, -9.850423128410791 ], [ -77.18878796284271, -9.850536103586737 ], [ -77.188731375103188, -9.850592960527733 ], [ -77.188674787344311, -9.850649817463253 ], [ -77.188618199566093, -9.850706674393294 ], [ -77.188561611768534, -9.850763531317854 ], [ -77.188563846306991, -9.851102456887785 ], [ -77.188507258445469, -9.851159313818602 ], [ -77.188450670564606, -9.851216170743939 ], [ -77.188451415398973, -9.851329145940122 ], [ -77.18839482748389, -9.85138600286389 ], [ -77.188338239549466, -9.851442859782178 ], [ -77.188281651595702, -9.851499716694988 ], [ -77.188225063622568, -9.851556573602315 ], [ -77.188168475630093, -9.851613430504161 ], [ -77.188111887618291, -9.851670287400525 ], [ -77.188112632372395, -9.851783262619364 ], [ -77.188056044326359, -9.851840119514158 ], [ -77.187942123466726, -9.851840858056731 ], [ -77.187885535377518, -9.851897714931171 ], [ -77.18782894726894, -9.851954571800128 ], [ -77.187772359141022, -9.852011428663602 ], [ -77.187773103805924, -9.852124403905908 ], [ -77.187716515643785, -9.852181260767811 ], [ -77.187659927462306, -9.852238117624234 ], [ -77.187603339261457, -9.852294974475171 ], [ -77.187546751041268, -9.852351831320629 ], [ -77.187490162801737, -9.852408688160599 ], [ -77.187433574542837, -9.852465544995086 ], [ -77.187376986264596, -9.852522401824096 ], [ -77.187320397967, -9.852579258647616 ], [ -77.187321887085744, -9.852805209192356 ], [ -77.187265298739064, -9.852862066018215 ], [ -77.187208710373014, -9.85291892283859 ], [ -77.187266043297001, -9.852975041293279 ], [ -77.187323376240329, -9.853031159733854 ], [ -77.187328588563602, -9.853821986603581 ], [ -77.187385921693121, -9.853878104997007 ], [ -77.187443254841995, -9.853934223376319 ], [ -77.18744548897223, -9.854273149137155 ], [ -77.187502822211954, -9.854329267488193 ], [ -77.187560155471033, -9.854385385825115 ], [ -77.187617488749481, -9.854441504147923 ], [ -77.187674822047271, -9.854497622456616 ], [ -77.187732155364415, -9.854553740751189 ], [ -77.187789488700915, -9.854609859031648 ], [ -77.1877329002116, -9.854666715979578 ], [ -77.187676311702916, -9.854723572922026 ], [ -77.187677056544175, -9.854836548153518 ], [ -77.187620468001271, -9.854893405094389 ], [ -77.187563879438997, -9.854950262029778 ], [ -77.187564624259466, -9.855063237268279 ], [ -77.187508035662972, -9.855120094202089 ], [ -77.187451447047124, -9.855176951130412 ], [ -77.187456660833078, -9.855967777831971 ], [ -77.187513994430361, -9.856023896112204 ], [ -77.187571328046999, -9.856080014378325 ], [ -77.187572072957096, -9.856192989608722 ], [ -77.187629406616935, -9.856249107856003 ], [ -77.18768674029613, -9.856305226089166 ], [ -77.187744073994679, -9.856361344308212 ], [ -77.187801407712598, -9.856417462513139 ], [ -77.187807368078794, -9.857321264176088 ], [ -77.187864702006792, -9.85737738232913 ], [ -77.187922035954173, -9.857433500468055 ], [ -77.187979369920896, -9.85748961859286 ], [ -77.188036703906988, -9.857545736703548 ], [ -77.188038939478304, -9.857884662257124 ], [ -77.187982350605211, -9.85794151934823 ], [ -77.187754504678153, -9.85794299725042 ], [ -77.187697915737999, -9.857999854306263 ], [ -77.18764132677849, -9.858056711356618 ], [ -77.187584737799611, -9.858113568401484 ], [ -77.187528148801391, -9.858170425440862 ], [ -77.187471559783788, -9.858227282474751 ], [ -77.187414970746829, -9.858284139503152 ], [ -77.187358381690501, -9.858340996526062 ], [ -77.187301792614804, -9.858397853543485 ], [ -77.187245203519751, -9.858454710555414 ], [ -77.187188614405343, -9.858511567561857 ], [ -77.187132025271552, -9.85856842456281 ], [ -77.18707543611842, -9.858625281558272 ], [ -77.186961512855333, -9.858626020273103 ], [ -77.186904923658972, -9.858682877248185 ], [ -77.186848334443269, -9.858739734217778 ], [ -77.186620487794841, -9.85874121147266 ], [ -77.186563898512077, -9.85879806840698 ], [ -77.186507309209958, -9.858854925335809 ], [ -77.186450719888455, -9.858911782259145 ], [ -77.186451464635283, -9.859024757555565 ], [ -77.186394875279532, -9.859081614477317 ], [ -77.186338285904426, -9.859138471393578 ], [ -77.186281696509965, -9.859195328304347 ], [ -77.186225107096121, -9.859252185209623 ], [ -77.186225851792358, -9.859365160520861 ], [ -77.186169262344279, -9.859422017424553 ], [ -77.186112672876817, -9.85947887432275 ], [ -77.18605608339, -9.859535731215455 ], [ -77.185999493883799, -9.859592588102668 ], [ -77.185942904358242, -9.859649444984386 ], [ -77.185886314813331, -9.859706301860616 ], [ -77.185893016678492, -9.860723079836236 ], [ -77.185950351068755, -9.860779198247519 ], [ -77.186007685478401, -9.860835316644678 ], [ -77.186065019907417, -9.860891435027719 ], [ -77.186122354355788, -9.860947553396642 ], [ -77.186179688823543, -9.861003671751448 ], [ -77.186237023310667, -9.861059790092133 ], [ -77.186294357817161, -9.861115908418695 ], [ -77.18635169234301, -9.86117202673114 ], [ -77.186357651691637, -9.862075829019078 ], [ -77.186301061910029, -9.862132686031439 ], [ -77.186244472109053, -9.862189543038307 ], [ -77.186247451879197, -9.862641444194075 ], [ -77.186190861999265, -9.862698301211074 ], [ -77.186134272099977, -9.862755158222578 ], [ -77.186135017035113, -9.862868133517305 ], [ -77.186078427101549, -9.862924990527221 ], [ -77.186021837148601, -9.862981847531636 ], [ -77.185965247176298, -9.863038704530556 ], [ -77.185908657184626, -9.863095561523982 ], [ -77.18585206717357, -9.863152418511907 ], [ -77.185795477143145, -9.86320927549434 ], [ -77.185738887093336, -9.863266132471272 ], [ -77.185682297024172, -9.863322989442706 ], [ -77.185685276377598, -9.863774890738524 ], [ -77.185628686229464, -9.863831747720084 ], [ -77.185572096061961, -9.863888604696148 ], [ -77.185572840892902, -9.864001580025889 ], [ -77.185516250691123, -9.864058437000359 ], [ -77.185459660469959, -9.864115293969329 ], [ -77.18546115009913, -9.864341244641999 ], [ -77.185404559828797, -9.864398101613279 ], [ -77.185176709073545, -9.864399578731701 ], [ -77.185120118736123, -9.864456435667675 ], [ -77.185063528379331, -9.864513292598151 ], [ -77.18500693800317, -9.864570149523127 ], [ -77.184950347607625, -9.864627006442605 ], [ -77.184893757192711, -9.864683863356579 ], [ -77.18489524652388, -9.864909814107349 ], [ -77.184838656059782, -9.864966671023632 ], [ -77.184782065576314, -9.865023527934413 ], [ -77.184725475073463, -9.865080384839695 ], [ -77.184668884551243, -9.865137241739477 ], [ -77.184670373798994, -9.865363192518235 ], [ -77.18461378322759, -9.865420049420319 ], [ -77.184557192636788, -9.865476906316903 ], [ -77.184557937244293, -9.865589881712873 ], [ -77.184501346619228, -9.865646738607861 ], [ -77.184444755974781, -9.865703595497347 ], [ -77.184388165310949, -9.865760452381327 ], [ -77.184331574627748, -9.865817309259805 ], [ -77.184332319184577, -9.865930284670583 ], [ -77.184275728467085, -9.865987141547462 ], [ -77.184219137730224, -9.866043998418835 ], [ -77.18416254697398, -9.866100855284706 ], [ -77.184105956198351, -9.866157712145078 ], [ -77.184049365403339, -9.866214568999945 ], [ -77.183992774588958, -9.866271425849307 ], [ -77.183936183755193, -9.866328282693166 ], [ -77.183879592902059, -9.86638513953152 ], [ -77.183823002029541, -9.866441996364369 ], [ -77.18376641113764, -9.866498853191716 ], [ -77.183709820226341, -9.866555710013554 ], [ -77.183653229295672, -9.86661256682989 ], [ -77.18365546248323, -9.866951493197847 ], [ -77.183598871488471, -9.867008350020384 ], [ -77.183542280474313, -9.867065206837415 ], [ -77.183485689440786, -9.867122063648939 ], [ -77.183429098387876, -9.867178920454959 ], [ -77.183430587105036, -9.867404871394088 ], [ -77.183487922574685, -9.867460990044712 ], [ -77.183545258063702, -9.867517108681216 ], [ -77.183548235796223, -9.86796901051204 ], [ -77.183605571400065, -9.868025129115569 ], [ -77.183662907023262, -9.868081247704978 ], [ -77.183720242665856, -9.868137366280267 ], [ -77.183777578327849, -9.868193484841431 ], [ -77.183778322878766, -9.868306460278255 ], [ -77.183835658583973, -9.868362578820587 ], [ -77.183892994308579, -9.868418697348794 ], [ -77.183894483532711, -9.868644648201156 ], [ -77.183951819324406, -9.868700766705816 ], [ -77.184009155135499, -9.868756885196348 ], [ -77.1840098998087, -9.868869860611888 ], [ -77.183953308632042, -9.868926717545506 ], [ -77.183896717435985, -9.868983574473615 ], [ -77.183898951419792, -9.869322500738775 ], [ -77.183842360159616, -9.869379357673088 ], [ -77.183785768880057, -9.869436214601894 ], [ -77.183729177581128, -9.869493071525191 ], [ -77.183672586262787, -9.86954992844298 ], [ -77.183677054114071, -9.870227781045047 ], [ -77.183620462686861, -9.870284637980744 ], [ -77.183563871240281, -9.870341494910926 ], [ -77.18356461588364, -9.87045447034957 ], [ -77.183508024402755, -9.870511327278148 ], [ -77.183451432902473, -9.870568184201218 ], [ -77.183453666796751, -9.870907110535684 ], [ -77.183397075232321, -9.870963967464951 ], [ -77.183340483648522, -9.871020824388703 ], [ -77.183342717533804, -9.871359750739279 ], [ -77.183286125885857, -9.871416607669229 ], [ -77.183229534218526, -9.871473464593663 ], [ -77.183231023460436, -9.871699415505596 ], [ -77.183174431743865, -9.871756272432323 ], [ -77.18311784000791, -9.871813129353541 ], [ -77.183126775852671, -9.873168834850587 ], [ -77.183184112494473, -9.873224953331475 ], [ -77.183241449155645, -9.87328107179823 ], [ -77.183184857230202, -9.873337928779574 ], [ -77.183128265285362, -9.873394785755401 ], [ -77.183131244258078, -9.873846687555297 ], [ -77.18307465223414, -9.873903544541214 ], [ -77.183018060190818, -9.873960401521622 ], [ -77.183019549671144, -9.874186352432298 ], [ -77.182962957578582, -9.874243209414995 ], [ -77.182906365466621, -9.874300066392173 ], [ -77.182849773335263, -9.874356923363839 ], [ -77.182793181184508, -9.874413780329991 ], [ -77.182794670581217, -9.874639731268628 ], [ -77.18285200748852, -9.874695849758876 ], [ -77.182909344415222, -9.874751968234992 ], [ -77.182910089174726, -9.874864943693671 ], [ -77.1829674261447, -9.874921062150953 ], [ -77.183024763134057, -9.874977180594108 ], [ -77.183025507950248, -9.875090156042548 ], [ -77.183082844982877, -9.875146274466864 ], [ -77.183140182034904, -9.875202392877052 ], [ -77.183140926907782, -9.875315368315256 ], [ -77.183198264003082, -9.875371486706603 ], [ -77.183255601117779, -9.875427605083821 ], [ -77.183199008908787, -9.875484462139283 ], [ -77.183142416680369, -9.875541319189228 ], [ -77.183145396332904, -9.875993220927434 ], [ -77.183202733571434, -9.876049339290505 ], [ -77.183260070829363, -9.876105457639445 ], [ -77.183317408106689, -9.87616157597426 ], [ -77.183374745403412, -9.876217694294946 ], [ -77.183432082719534, -9.8762738126015 ], [ -77.183489420055068, -9.876329930893927 ], [ -77.183546757409999, -9.87638604917222 ], [ -77.183604094784329, -9.876442167436386 ], [ -77.18366143217807, -9.876498285686422 ], [ -77.183718769591195, -9.876554403922329 ], [ -77.183776107023718, -9.8766105221441 ], [ -77.183833444475653, -9.876666640351747 ], [ -77.183834189697635, -9.876779615727711 ], [ -77.183891527192856, -9.876835733916508 ], [ -77.18394886470746, -9.876891852091175 ], [ -77.184006202241477, -9.876947970251715 ], [ -77.184063539794892, -9.87700408839812 ], [ -77.184120877367704, -9.877060206530397 ], [ -77.184178214959928, -9.877116324648537 ], [ -77.184179705717256, -9.877342275341457 ], [ -77.184237043376626, -9.877398393436033 ], [ -77.184294381055395, -9.877454511516488 ], [ -77.184295126495243, -9.8775674868523 ], [ -77.184238534217499, -9.877624344116279 ], [ -77.184181941920357, -9.877681201374743 ], [ -77.184184923649781, -9.878133102741097 ], [ -77.184242261476314, -9.878189220802676 ], [ -77.18429959932223, -9.878245338850121 ], [ -77.184356937187573, -9.878301456883431 ], [ -77.184414275072299, -9.878357574902608 ], [ -77.184471612976452, -9.878413692907655 ], [ -77.184528950900003, -9.878469810898565 ], [ -77.184586288842937, -9.878525928875343 ], [ -77.184643626805297, -9.878582046837984 ], [ -77.184700964787055, -9.878638164786496 ], [ -77.184758302788225, -9.878694282720868 ], [ -77.184815640808793, -9.878750400641108 ], [ -77.184872978848773, -9.878806518547213 ], [ -77.184930316908151, -9.878862636439182 ], [ -77.185044247281141, -9.878861896911083 ], [ -77.185101585374866, -9.878918014765361 ], [ -77.185158923487975, -9.878974132605506 ], [ -77.185216261620511, -9.879030250431516 ], [ -77.185273599772444, -9.879086368243389 ], [ -77.185330937943789, -9.879142486041125 ], [ -77.185388276134532, -9.879198603824728 ], [ -77.185445614344701, -9.879254721594192 ], [ -77.185502952574254, -9.879310839349518 ], [ -77.185560290823204, -9.879366957090708 ], [ -77.18556402100748, -9.879931833218503 ], [ -77.185621359395284, -9.87998795092197 ], [ -77.185678697802487, -9.880044068611301 ], [ -77.185679443913983, -9.880157043824985 ], [ -77.185736782364472, -9.880213161495458 ], [ -77.185794120834387, -9.880269279151793 ], [ -77.1858514593237, -9.880325396793992 ], [ -77.18590879783244, -9.88038151442205 ], [ -77.185966136360562, -9.880437632035969 ], [ -77.186023474908097, -9.880493749635752 ], [ -77.186080813475058, -9.880549867221394 ], [ -77.186138152061417, -9.880605984792897 ], [ -77.186195490667188, -9.880662102350259 ], [ -77.186252829292371, -9.880718219893481 ], [ -77.186310167936966, -9.880774337422565 ], [ -77.186367506600959, -9.880830454937513 ], [ -77.186424845284364, -9.880886572438317 ], [ -77.186482183987195, -9.88094268992498 ], [ -77.186485169860461, -9.881394590507364 ], [ -77.186428577528901, -9.88145144818786 ], [ -77.186371985177942, -9.881508305862843 ], [ -77.186372731638798, -9.881621281014221 ], [ -77.186316139253492, -9.881678138687597 ], [ -77.186259546848788, -9.881734996355453 ], [ -77.186260293288726, -9.881847971513835 ], [ -77.18620370084966, -9.881904829180087 ], [ -77.186147108391197, -9.881961686840826 ], [ -77.186090515913307, -9.882018544496045 ], [ -77.186033923416005, -9.882075402145748 ], [ -77.185977330899306, -9.882132259789941 ], [ -77.18592073836318, -9.882189117428615 ], [ -77.185922977467982, -9.882528042969193 ], [ -77.185866384867637, -9.882584900614068 ], [ -77.185809792247881, -9.882641758253429 ], [ -77.185810538604187, -9.882754733439809 ], [ -77.185753945950097, -9.882811591077557 ], [ -77.185697353276581, -9.882868448709788 ], [ -77.185754692300421, -9.882924566267032 ], [ -77.185812031343673, -9.882980683810134 ], [ -77.185813524118998, -9.883206634177208 ], [ -77.185756931405152, -9.883263491830576 ], [ -77.185700338671893, -9.883320349478431 ], [ -77.185643745919222, -9.883377207120766 ], [ -77.185188018341336, -9.883380167151575 ], [ -77.185131425473671, -9.883437024728631 ], [ -77.185074832586608, -9.883493882300161 ], [ -77.184163376618784, -9.883499800274421 ], [ -77.184106783521173, -9.883556657720888 ], [ -77.184050190404122, -9.883613515161832 ], [ -77.183993597267687, -9.883670372597253 ], [ -77.183937004111826, -9.883727230027159 ], [ -77.183880410936538, -9.88378408745154 ], [ -77.183823817741853, -9.883840944870396 ], [ -77.183368088969758, -9.883843902574691 ], [ -77.183311495660092, -9.883900759928244 ], [ -77.183254902331015, -9.883957617276272 ], [ -77.182913105514672, -9.883959835060478 ], [ -77.182856512094503, -9.884016692358143 ], [ -77.182857257548648, -9.884129667758849 ], [ -77.182914596461771, -9.884185785853274 ], [ -77.182971935394335, -9.884241903933569 ], [ -77.182915341948743, -9.884298761248454 ], [ -77.182858748483753, -9.884355618557819 ], [ -77.182860984953493, -9.884694544750182 ], [ -77.182804391424241, -9.884751402065723 ], [ -77.182747797875564, -9.884808259375736 ], [ -77.182749288840341, -9.885034210182184 ], [ -77.182692695242352, -9.885091067494473 ], [ -77.182636101624951, -9.885147924801238 ], [ -77.182637592565712, -9.885373875620033 ], [ -77.182580998898999, -9.885430732929072 ], [ -77.182524405212874, -9.885487590232581 ], [ -77.182525150666777, -9.885600565648559 ], [ -77.182468556946262, -9.885657422950445 ], [ -77.182411963206349, -9.885714280246802 ], [ -77.182355369447009, -9.885771137537635 ], [ -77.182298775668244, -9.885827994822936 ], [ -77.182242181870066, -9.885884852102715 ], [ -77.182185588052462, -9.885941709376967 ], [ -77.182186333425619, -9.886054684815527 ], [ -77.182243672655218, -9.886110802971224 ], [ -77.182301011904229, -9.886166921112787 ], [ -77.182303248220705, -9.886505847395325 ], [ -77.182246654332829, -9.886562704698495 ], [ -77.182190060425512, -9.886619561996136 ], [ -77.182190805852329, -9.88673253742982 ], [ -77.182248145225287, -9.886788655557254 ], [ -77.182305484617657, -9.886844773670546 ], [ -77.182306230101204, -9.886957749093996 ], [ -77.182249636153514, -9.887014606412764 ], [ -77.182193042186412, -9.887071463726 ], [ -77.182195278600972, -9.887410390014868 ], [ -77.182138684569594, -9.88746724733427 ], [ -77.18208209051879, -9.887524104648145 ], [ -77.182085817905701, -9.888088981818992 ], [ -77.182029223760708, -9.888145839146828 ], [ -77.181972629596274, -9.888202696469138 ], [ -77.181916035412442, -9.888259553785918 ], [ -77.181859441209156, -9.888316411097167 ], [ -77.181802846986471, -9.888373268402885 ], [ -77.181746252744333, -9.888430125703076 ], [ -77.181689658482782, -9.888486982997735 ], [ -77.181575724540735, -9.888487722102832 ], [ -77.18151913023587, -9.888544579377001 ], [ -77.181462535911564, -9.888601436645633 ], [ -77.181405941567846, -9.88865829390874 ], [ -77.181349347204701, -9.888715151166314 ], [ -77.180779676882466, -9.888718845814708 ], [ -77.18072308238041, -9.888775702991946 ], [ -77.180666487858943, -9.88883256016365 ], [ -77.180552553719892, -9.888833298947823 ], [ -77.180495959155095, -9.888890156099036 ], [ -77.180439364570859, -9.888947013244708 ], [ -77.180382769967224, -9.889003870384851 ], [ -77.180326175344149, -9.889060727519457 ], [ -77.180269580701648, -9.889117584648535 ], [ -77.180212986039706, -9.889174441772072 ], [ -77.179529380157604, -9.88917887312935 ], [ -77.179472785332891, -9.889235730157568 ], [ -77.179416190488737, -9.889292587180252 ], [ -77.179359595625172, -9.889349444197396 ], [ -77.179303000742166, -9.889406301209011 ], [ -77.179189066301632, -9.889407039573843 ], [ -77.179132471375311, -9.88946389656495 ], [ -77.179136939116873, -9.890141750426809 ], [ -77.179080344081342, -9.890198607435734 ], [ -77.179023749026385, -9.890255464439123 ], [ -77.179024493651298, -9.890368440087705 ], [ -77.17896789856195, -9.890425297089454 ], [ -77.178911303453162, -9.890482154085658 ], [ -77.178854708324934, -9.890539011076324 ], [ -77.178798113177294, -9.890595868061455 ], [ -77.178800346926053, -9.890934795049034 ], [ -77.17874375171408, -9.890991652040301 ], [ -77.178687156482667, -9.891048509026028 ], [ -77.178689390221976, -9.891387436029646 ], [ -77.178632794926244, -9.891444293021511 ], [ -77.178576199611072, -9.891501150007832 ], [ -77.178576944178758, -9.89161412568186 ], [ -77.178520348829181, -9.891670982666536 ], [ -77.178463753460179, -9.891727839645673 ], [ -77.178465242562481, -9.891953791006861 ], [ -77.178408647144096, -9.892010647988236 ], [ -77.178352051706298, -9.892067504964071 ], [ -77.178409391693663, -9.892123623671498 ], [ -77.178466731700482, -9.892179742364794 ], [ -77.17846822087418, -9.892405693719478 ], [ -77.178411625395938, -9.892462550716422 ], [ -77.178355029898256, -9.892519407707823 ], [ -77.178358008233047, -9.892971310438561 ], [ -77.17830141265604, -9.893028167439986 ], [ -77.178244817059593, -9.893085024435868 ], [ -77.178247050814605, -9.893423951498734 ], [ -77.178190455153796, -9.893480808500748 ], [ -77.178133859473576, -9.893537665497215 ], [ -77.178136093219067, -9.893876592576111 ], [ -77.178079497474499, -9.893933449578709 ], [ -77.178022901710463, -9.893990306575763 ], [ -77.17808024205921, -9.894046425273936 ], [ -77.178137582427382, -9.894102543957976 ], [ -77.17813832704492, -9.894215519647693 ], [ -77.178081731255418, -9.894272376661961 ], [ -77.178025135446461, -9.894329233670685 ], [ -77.178025880042981, -9.894442209367366 ], [ -77.177969284199634, -9.894499066374436 ], [ -77.177912688336818, -9.894555923375963 ], [ -77.177917900552714, -9.895346753284436 ], [ -77.177861304565639, -9.895403610307651 ], [ -77.177804708559123, -9.895460467325318 ], [ -77.177862049188633, -9.895516586009499 ], [ -77.177919389837584, -9.895572704679541 ], [ -77.177925347334096, -9.896476510227433 ], [ -77.177868751197252, -9.896533367289548 ], [ -77.17781215504094, -9.896590224346115 ], [ -77.177812899738214, -9.896703200043723 ], [ -77.177870240630668, -9.896759318676169 ], [ -77.177927581542576, -9.896815437294475 ], [ -77.177928326296581, -9.896928412981866 ], [ -77.177985667251818, -9.89698453158133 ], [ -77.17804300822651, -9.897040650166657 ], [ -77.178046732369509, -9.897605528544368 ], [ -77.177990136106757, -9.897662385660364 ], [ -77.177933539824551, -9.897719242770817 ], [ -77.177934284649979, -9.8978322184517 ], [ -77.177877688333353, -9.897889075560494 ], [ -77.177821091997288, -9.897945932663738 ], [ -77.177824816108426, -9.898510811094853 ], [ -77.177882157383408, -9.898566929652054 ], [ -77.17793949867783, -9.898623048195111 ], [ -77.177944713143063, -9.899413877898672 ], [ -77.177888116616657, -9.899470735061923 ], [ -77.177831520070811, -9.899527592219629 ], [ -77.177774923505524, -9.899584449371783 ], [ -77.177718326920768, -9.899641306518388 ], [ -77.177661730316586, -9.899698163659444 ], [ -77.177605133692936, -9.899755020794947 ], [ -77.177605878562332, -9.899867996486973 ], [ -77.177549281904248, -9.899924853620815 ], [ -77.177492685226724, -9.899981710749111 ], [ -77.177495664673657, -9.900433613540176 ], [ -77.177439067916723, -9.900490470678477 ], [ -77.177382471140334, -9.900547327811225 ], [ -77.177325874344504, -9.900604184938421 ], [ -77.177269277529234, -9.900661042060069 ], [ -77.17721268069451, -9.900717899176161 ], [ -77.177156083840302, -9.900774756286703 ], [ -77.177099486966668, -9.900831613391695 ], [ -77.177042890073594, -9.900888470491132 ], [ -77.176986293161065, -9.900945327585019 ], [ -77.176929696229067, -9.90100218467335 ], [ -77.176873099277628, -9.901059041756129 ], [ -77.176816502306735, -9.901115898833361 ], [ -77.176759905316388, -9.901172755905034 ], [ -77.1767033083066, -9.901229612971152 ], [ -77.176704797663888, -9.901455564470682 ], [ -77.176648200604646, -9.901512421539024 ], [ -77.176591603525964, -9.901569278601812 ], [ -77.176593092858965, -9.901795230113636 ], [ -77.176536495730829, -9.901852087178646 ], [ -77.176479898583267, -9.901908944238103 ], [ -77.176486600753464, -9.902925726071013 ], [ -77.176430003451486, -9.902982583159897 ], [ -77.17637340613004, -9.903039440243225 ], [ -77.176316808789153, -9.903096297320999 ], [ -77.176260211428797, -9.903153154393216 ], [ -77.176203614049001, -9.903210011459876 ], [ -77.176147016649736, -9.903266868520978 ], [ -77.17614776128994, -9.903379844299447 ], [ -77.176091163856228, -9.90343670135888 ], [ -77.175977224335213, -9.903437439670952 ], [ -77.175920626858129, -9.903494296709827 ], [ -77.175864029361591, -9.90355115374315 ], [ -77.175807431845584, -9.90360801077091 ], [ -77.175750834310122, -9.903664867793115 ], [ -77.175694236755206, -9.903721724809763 ], [ -77.175637639180835, -9.903778581820852 ], [ -77.175581041587009, -9.903835438826381 ], [ -77.175638383686049, -9.903891557634289 ], [ -77.175695725804559, -9.903947676428055 ], [ -77.175696470342629, -9.904060652235982 ], [ -77.175639872723252, -9.904117509258727 ], [ -77.175583275084421, -9.904174366275914 ], [ -77.175584019601388, -9.904287342090797 ], [ -77.175527421928109, -9.90434419910631 ], [ -77.175470824235362, -9.904401056116265 ], [ -77.175414226523159, -9.904457913120662 ], [ -77.175357628791502, -9.904514770119498 ], [ -77.175301031040377, -9.904571627112775 ], [ -77.175244433269782, -9.904628484100494 ], [ -77.175187835479747, -9.904685341082649 ], [ -77.174959955429969, -9.904686817239639 ], [ -77.174903357572632, -9.904743674186228 ], [ -77.174846759695839, -9.904800531127261 ], [ -77.174789417510453, -9.904744412191832 ], [ -77.174732075344551, -9.904688293242266 ], [ -77.174675477439365, -9.904745150158844 ], [ -77.174618879514753, -9.904802007069861 ], [ -77.174390999297998, -9.904803482858098 ], [ -77.174334401306069, -9.904860339733542 ], [ -77.1742778032947, -9.904917196603428 ], [ -77.174221205263862, -9.90497405346775 ], [ -77.174278547422048, -9.905030172511712 ], [ -77.174335889599703, -9.905086291541533 ], [ -77.174393231796827, -9.905142410557211 ], [ -77.174507172026424, -9.905141672656651 ], [ -77.174564514257995, -9.905197791634604 ], [ -77.174621856509035, -9.905253910598413 ], [ -77.174679198779543, -9.905310029548081 ], [ -77.174736541069507, -9.90536614848361 ], [ -77.174793883378925, -9.905422267404992 ], [ -77.174794627721539, -9.905535243271006 ], [ -77.174851970074343, -9.905591362173549 ], [ -77.174909312446601, -9.905647481061949 ], [ -77.174852714449784, -9.905704338034049 ], [ -77.174796116433512, -9.90576119500059 ], [ -77.174797605181112, -9.905987146726916 ], [ -77.174741007115358, -9.90604400369566 ], [ -77.174684409030149, -9.906100860658846 ], [ -77.174627810925472, -9.906157717616464 ], [ -77.174571212801325, -9.906214574568521 ], [ -77.174574934526248, -9.906779453947772 ], [ -77.174518336307614, -9.906836310913684 ], [ -77.17446173806951, -9.906893167874033 ], [ -77.174463226761844, -9.907119119635572 ], [ -77.174520569404493, -9.90717523854312 ], [ -77.174577912066624, -9.90723135743653 ], [ -77.174578656473997, -9.907344333306682 ], [ -77.174635999179515, -9.90740045218125 ], [ -77.174693341904486, -9.907456571041671 ], [ -77.174695575323639, -9.907795498619068 ], [ -77.174752918139845, -9.907851617451252 ], [ -77.174810260975505, -9.907907736269292 ], [ -77.174811750061878, -9.908133687964698 ], [ -77.174869092964869, -9.9081898067592 ], [ -77.174926435887315, -9.908245925539553 ], [ -77.174930903647436, -9.908923780549861 ], [ -77.174874305215397, -9.908980637634592 ], [ -77.174817706763889, -9.909037494713765 ], [ -77.174818451391758, -9.909150470553733 ], [ -77.17476185290576, -9.90920732763122 ], [ -77.174705254400322, -9.909264184703142 ], [ -77.174648655875387, -9.909321041769498 ], [ -77.174592057330997, -9.909377898830289 ], [ -77.174535458767124, -9.909434755885512 ], [ -77.174478860183797, -9.90949161293517 ], [ -77.174479604730493, -9.909604588797631 ], [ -77.17442300611269, -9.909661445845606 ], [ -77.174366407475404, -9.909718302888013 ], [ -77.174309808818649, -9.909775159924855 ], [ -77.174253210142425, -9.909832016956132 ], [ -77.17425395463799, -9.909944992833308 ], [ -77.174311297848718, -9.910001111670626 ], [ -77.174368641078928, -9.910057230493798 ], [ -77.174373108526623, -9.910735085683388 ], [ -77.174316509734723, -9.910791942755173 ], [ -77.174259910923368, -9.910848799821393 ], [ -77.174203312092544, -9.910905656882049 ], [ -77.174146713242223, -9.910962513937129 ], [ -77.174147457787981, -9.911075489814744 ], [ -77.174090858903199, -9.91113234686814 ], [ -77.174034259998933, -9.911189203915971 ], [ -77.173977661075185, -9.911246060958232 ], [ -77.173921062131981, -9.911302917994924 ], [ -77.173924784694023, -9.911867797448419 ], [ -77.173982128266488, -9.911923916276692 ], [ -77.174039471858435, -9.911980035090817 ], [ -77.174045428803993, -9.912883842098932 ], [ -77.173988829654974, -9.912940699199426 ], [ -77.173932230486471, -9.912997556294345 ], [ -77.173875631298486, -9.913054413383696 ], [ -77.173819032091046, -9.913111270467475 ], [ -77.173819776689257, -9.913224246355352 ], [ -77.173763177447313, -9.913281103437443 ], [ -77.173706578185886, -9.913337960513958 ], [ -77.173707322762951, -9.91345093640879 ], [ -77.173764666640423, -9.913507055218519 ], [ -77.173822010537364, -9.913563174014101 ], [ -77.173823499813992, -9.913789125782531 ], [ -77.173880843778278, -9.913845244554571 ], [ -77.173938187762047, -9.913901363312464 ], [ -77.173995531765271, -9.913957482056208 ], [ -77.174052875787993, -9.914013600785802 ], [ -77.174110219830197, -9.914069719501244 ], [ -77.174167563891885, -9.914125838202533 ], [ -77.174224907973041, -9.91418195688968 ], [ -77.174338851335605, -9.914181218379975 ], [ -77.174396195451266, -9.914237337029363 ], [ -77.174453539586409, -9.9142934556646 ], [ -77.174510883741021, -9.914349574285689 ], [ -77.174568227915117, -9.914405692892622 ], [ -77.174625572108695, -9.914461811485408 ], [ -77.174627062073341, -9.914687763120696 ], [ -77.174684406334279, -9.914743881689935 ], [ -77.174741750614686, -9.91480000024502 ], [ -77.174799094914576, -9.914856118785952 ], [ -77.174856439233935, -9.914912237312732 ], [ -77.174913783572791, -9.914968355825366 ], [ -77.1750277271546, -9.914967617023814 ], [ -77.17508507152796, -9.91502373549868 ], [ -77.175085816706243, -9.915136711278334 ], [ -77.175143161123003, -9.91519282973435 ], [ -77.17520050555926, -9.915248948176218 ], [ -77.175201996038339, -9.91547489971429 ], [ -77.175259340541956, -9.915531018132604 ], [ -77.175316685065056, -9.915587136536763 ], [ -77.175374029607624, -9.915643254926769 ], [ -77.175487973387547, -9.915642515919183 ], [ -77.175545317964634, -9.915698634271426 ], [ -77.175602662561204, -9.915754752609514 ], [ -77.175716606362244, -9.915754013516073 ], [ -77.175773950993317, -9.915810131816398 ], [ -77.175831295643874, -9.915866250102567 ], [ -77.175945239466046, -9.915865510923272 ], [ -77.176002584151107, -9.91592162917167 ], [ -77.176059928855651, -9.91597774740592 ], [ -77.176173872698939, -9.915977008140768 ], [ -77.176231217437987, -9.916033126337245 ], [ -77.176288562196518, -9.916089244519569 ], [ -77.176630393763006, -9.916087026350626 ], [ -77.176687738586082, -9.916143144447956 ], [ -77.176745083428642, -9.916199262531126 ], [ -77.176859027296345, -9.91619852301698 ], [ -77.176916372173409, -9.91625464106238 ], [ -77.176973717069956, -9.916310759093626 ], [ -77.177031061986, -9.916366877110715 ], [ -77.177088406921513, -9.916422995113642 ], [ -77.177145751876509, -9.916479113102408 ], [ -77.177203096851002, -9.916535231077024 ], [ -77.177317040799892, -9.916534491382556 ], [ -77.177374385808889, -9.916590609319391 ], [ -77.177375131891353, -9.916703584915904 ], [ -77.177432476943778, -9.916759702833877 ], [ -77.177489822015687, -9.916815820737696 ], [ -77.177491314303182, -9.917041771909458 ], [ -77.177548659442479, -9.91709788978971 ], [ -77.177606004601245, -9.917154007655798 ], [ -77.177663349779493, -9.917210125507731 ], [ -77.177720694977239, -9.917266243345498 ], [ -77.177778040194468, -9.917322361169107 ], [ -77.177835385431166, -9.917378478978558 ], [ -77.177836131732008, -9.917491454534996 ], [ -77.177893477012148, -9.917547572325578 ], [ -77.177950822311786, -9.917603690102002 ], [ -77.178008167630907, -9.917659807864267 ], [ -77.178577888922121, -9.917656107223465 ], [ -77.178635234335843, -9.917712224853471 ], [ -77.178692579769034, -9.917768342469316 ], [ -77.178749925221709, -9.917824460070994 ], [ -77.178807270693895, -9.917880577658513 ], [ -77.17886461618555, -9.917936695231868 ], [ -77.178866856301042, -9.918275621654436 ], [ -77.178924201884044, -9.918331739199507 ], [ -77.178981547486529, -9.918387856730416 ], [ -77.178982294257466, -9.918500832193562 ], [ -77.179039639903408, -9.9185569497056 ], [ -77.179096985568819, -9.918613067203474 ], [ -77.179097732396599, -9.918726042656392 ], [ -77.179155078105453, -9.918782160135397 ], [ -77.179212423833803, -9.918838277600234 ], [ -77.179269769581637, -9.918894395050904 ], [ -77.179327115348968, -9.918950512487415 ], [ -77.179328609222964, -9.919176463353148 ], [ -77.179385955057697, -9.91923258076608 ], [ -77.179443300911899, -9.919288698164843 ], [ -77.179500646785613, -9.91934481554944 ], [ -77.179557992678795, -9.919400932919872 ], [ -77.179615338591489, -9.919457050276135 ], [ -77.179672684523652, -9.919513167618231 ], [ -77.179730030475326, -9.919569284946165 ], [ -77.17978737644647, -9.919625402259928 ], [ -77.179788870739529, -9.919851353047084 ], [ -77.179846216778074, -9.919907470337268 ], [ -77.179903562836131, -9.919963587613276 ], [ -77.179960908913671, -9.920019704875127 ], [ -77.180018255010694, -9.920075822122806 ], [ -77.180075601127228, -9.920131939356319 ], [ -77.180303491063896, -9.920130457446284 ], [ -77.180360837229955, -9.920186574618373 ], [ -77.180418183415497, -9.920242691776295 ], [ -77.180475529620537, -9.920298808920046 ], [ -77.180532875845074, -9.920354926049628 ], [ -77.180590222089094, -9.920411043165043 ], [ -77.180647568352612, -9.920467160266286 ], [ -77.180704914635612, -9.920523277353361 ], [ -77.180707157238686, -9.920862203306838 ], [ -77.180764503613076, -9.920918320365613 ], [ -77.180878448805132, -9.920917579137774 ], [ -77.180935795214026, -9.920973696158748 ], [ -77.180993141642418, -9.921029813165553 ], [ -77.181221032059796, -9.921028330499388 ], [ -77.181278378537741, -9.921084447444759 ], [ -77.181335725035154, -9.92114056437596 ], [ -77.181393071552066, -9.92119668129299 ], [ -77.181393819365042, -9.921309656555099 ], [ -77.181451165925409, -9.921365773453246 ], [ -77.181508512505289, -9.92142189033722 ], [ -77.181513747782049, -9.92221271708322 ], [ -77.18157109454917, -9.922268833920041 ], [ -77.181628441335789, -9.92232495074269 ], [ -77.181685788141905, -9.922381067551161 ], [ -77.181743134967505, -9.922437184345458 ], [ -77.181743882995832, -9.922550159572783 ], [ -77.181801229864902, -9.922606276348198 ], [ -77.18185857675347, -9.922662393109436 ], [ -77.181860821035926, -9.923001318758232 ], [ -77.181918168015883, -9.92305743549116 ], [ -77.181975515015367, -9.923113552209914 ], [ -77.181976263175343, -9.923226527415123 ], [ -77.182033610218269, -9.923282644114989 ], [ -77.182147556130744, -9.923281902281131 ], [ -77.182204154961298, -9.923225043756013 ], [ -77.18226075377234, -9.923168185225332 ], [ -77.182317352563899, -9.923111326689087 ], [ -77.182373951335947, -9.923054468147276 ], [ -77.182430550088512, -9.922997609599904 ], [ -77.182487148821565, -9.922940751046964 ], [ -77.182601094581273, -9.922940009084282 ], [ -77.182657693270869, -9.922883150510758 ], [ -77.182714291940954, -9.922826291931669 ], [ -77.182828237643776, -9.922825549900274 ], [ -77.182884836270404, -9.922768691300595 ], [ -77.182941434877534, -9.922711832695356 ], [ -77.18442272757639, -9.922702182378364 ], [ -77.184480074834411, -9.922758298591216 ], [ -77.18453742211193, -9.922814414789883 ], [ -77.184879258763814, -9.922812186723924 ], [ -77.184936606105879, -9.922868302837488 ], [ -77.184993953467455, -9.922924418936873 ], [ -77.18544973566469, -9.922921447451849 ], [ -77.185507083105819, -9.922977563442485 ], [ -77.185564430566458, -9.923033679418939 ], [ -77.185678376123391, -9.92303293640374 ], [ -77.185735723618549, -9.923089052342364 ], [ -77.185793071133176, -9.92314516826681 ], [ -77.185907016711198, -9.923144425165658 ], [ -77.185964364260357, -9.923200541052278 ], [ -77.186021711829014, -9.923256656924714 ], [ -77.186079059417168, -9.923312772782968 ], [ -77.186136407024804, -9.923368888627039 ], [ -77.186250352653929, -9.923368145392644 ], [ -77.186307700296098, -9.923424261198887 ], [ -77.18636504795775, -9.923480376990941 ], [ -77.186478993607935, -9.923479633670594 ], [ -77.186536341304105, -9.923535749424822 ], [ -77.186593689019773, -9.923591865164866 ], [ -77.186821580353325, -9.923590378313587 ], [ -77.186878928118531, -9.923646493992154 ], [ -77.186936275903221, -9.923702609656534 ], [ -77.186993623707409, -9.923758725306731 ], [ -77.18699662347926, -9.924210624586021 ], [ -77.186940025520542, -9.92426748377722 ], [ -77.186883427542313, -9.924324342962864 ], [ -77.186826829544572, -9.924381202142952 ], [ -77.186770231527362, -9.924438061317481 ], [ -77.186770981432673, -9.92455103615089 ], [ -77.186828329394189, -9.924607151801141 ], [ -77.186942275398508, -9.924606408239843 ], [ -77.186999623394556, -9.924662523852257 ], [ -77.187056971410101, -9.924718639450486 ], [ -77.187114319445143, -9.92477475503453 ], [ -77.187171667499712, -9.924830870604383 ], [ -77.187229015573763, -9.924886986160054 ], [ -77.18723051577706, -9.925112935750494 ], [ -77.187287863918584, -9.925169051282531 ], [ -77.187345212079606, -9.925225166800379 ], [ -77.187345962242688, -9.925338141584929 ], [ -77.187403310447195, -9.925394257083868 ], [ -77.187460658671199, -9.925450372568616 ], [ -77.187518006914701, -9.925506488039183 ], [ -77.187575355177714, -9.925562603495557 ], [ -77.187576105445714, -9.925675578260394 ], [ -77.187633453752198, -9.925731693697857 ], [ -77.187690802078208, -9.925787809121132 ], [ -77.187696804928777, -9.926691607134886 ], [ -77.187754153466187, -9.926747722506176 ], [ -77.187868100139823, -9.926746978471499 ], [ -77.187925448711766, -9.926803093804946 ], [ -77.187926199195431, -9.926916068534911 ], [ -77.187983547810845, -9.926972183849443 ], [ -77.188040896445784, -9.927028299149786 ], [ -77.188098245100221, -9.927084414435933 ], [ -77.188155593774155, -9.927140529707895 ], [ -77.188156344362753, -9.927253504418145 ], [ -77.188213693080186, -9.927309619671187 ], [ -77.188271041817117, -9.927365734910039 ], [ -77.188328390573574, -9.927421850134699 ], [ -77.188385739349528, -9.927477965345169 ], [ -77.188386490043058, -9.927590940035701 ], [ -77.188443838862511, -9.927647055227254 ], [ -77.188501187701462, -9.927703170404614 ], [ -77.188558536559924, -9.927759285567779 ], [ -77.188615885437883, -9.927815400716753 ], [ -77.188622642947223, -9.928832172724686 ], [ -77.188679992060642, -9.928888287816934 ], [ -77.188737341193573, -9.928944402894986 ], [ -77.188738843056996, -9.929170352202201 ], [ -77.188796192257428, -9.929226467256605 ], [ -77.188853541477371, -9.929282582296818 ], [ -77.188854292470538, -9.929395556939744 ], [ -77.188911641733981, -9.929451671961036 ], [ -77.188968991016935, -9.929507786968136 ], [ -77.189026340319401, -9.929563901961036 ], [ -77.189083689641365, -9.92962001693974 ], [ -77.189141038982854, -9.929676131904252 ], [ -77.189198388343854, -9.929732246854565 ], [ -77.189255737724366, -9.929788361790687 ], [ -77.189313087124376, -9.929844476712612 ], [ -77.189370436543911, -9.929900591620338 ], [ -77.189484384184354, -9.929899846802279 ], [ -77.189541733638407, -9.929955961672142 ], [ -77.189599083111986, -9.930012076527813 ], [ -77.189826978426026, -9.930010586680961 ], [ -77.189884327949159, -9.930066701475106 ], [ -77.189941677491788, -9.930122816255048 ], [ -77.190169572830015, -9.930121326158771 ], [ -77.190226922422198, -9.930177440877186 ], [ -77.190284272033907, -9.930233555581404 ], [ -77.190398219719597, -9.930232810427892 ], [ -77.190455569365824, -9.930288925094246 ], [ -77.190512919031576, -9.930345039746401 ], [ -77.190569517057554, -9.93028817987838 ], [ -77.19062611506402, -9.930231320004802 ], [ -77.190682713050975, -9.930174460125675 ], [ -77.190739311018419, -9.93011760024099 ], [ -77.190967206230908, -9.930116109603041 ], [ -77.191023804130836, -9.930059249682756 ], [ -77.191080402011252, -9.930002389756918 ], [ -77.191136999872157, -9.929945529825526 ], [ -77.19119359771355, -9.929888669888578 ], [ -77.191535440176878, -9.929886433461219 ], [ -77.191592037926753, -9.929829573473656 ], [ -77.191648635657117, -9.92977271348054 ], [ -77.191762583078926, -9.929771967897333 ], [ -77.191819180765776, -9.929715107883647 ], [ -77.191875778433115, -9.929658247864403 ], [ -77.191932376080942, -9.929601387839615 ], [ -77.191988973709272, -9.929544527809272 ], [ -77.192330815632715, -9.92954229064728 ], [ -77.192387413169513, -9.929485430566324 ], [ -77.192444010686799, -9.929428570479823 ], [ -77.19267190516149, -9.929427078784983 ], [ -77.19272850261126, -9.929370218662893 ], [ -77.192785100041519, -9.929313358535255 ], [ -77.19284169745228, -9.92925649840207 ], [ -77.192840945102432, -9.929143524060894 ], [ -77.192897542478661, -9.929086663926075 ], [ -77.192954139835379, -9.929029803785708 ], [ -77.1930107371726, -9.92897294363979 ], [ -77.193067334490308, -9.928916083488325 ], [ -77.193123931788506, -9.928859223331308 ], [ -77.193180529067206, -9.928802363168748 ], [ -77.19323712632638, -9.928745503000636 ], [ -77.193293723566057, -9.928688642826975 ], [ -77.193350320786209, -9.928631782647768 ], [ -77.193406917986877, -9.928574922463014 ], [ -77.193405413013934, -9.928348973856592 ], [ -77.193462010165049, -9.928292113674129 ], [ -77.193575956935803, -9.928291367584418 ], [ -77.193632554043404, -9.928234507381394 ], [ -77.193689151131522, -9.928177647172822 ], [ -77.193745748200129, -9.928120786958701 ], [ -77.19380234524921, -9.928063926739034 ], [ -77.193858942278808, -9.928007066513823 ], [ -77.193915539288895, -9.927950206283064 ], [ -77.19397213627947, -9.927893346046762 ], [ -77.193969878410215, -9.927554423251054 ], [ -77.194026475336258, -9.927497563020964 ], [ -77.19408307224279, -9.927440702785333 ], [ -77.194139669129825, -9.927383842544154 ], [ -77.194253615534507, -9.92738309629161 ], [ -77.194310212378028, -9.927326236029876 ], [ -77.194366809202052, -9.927269375762593 ], [ -77.194594701888406, -9.927267883081425 ], [ -77.194651298644914, -9.927211022778584 ], [ -77.19470789538191, -9.927154162470195 ], [ -77.194821841663583, -9.927153416041579 ], [ -77.19487843835708, -9.927096555712637 ], [ -77.194935035031065, -9.92703969537815 ], [ -77.195162927471415, -9.927038202344841 ], [ -77.195219524077871, -9.926981341974798 ], [ -77.195276120664857, -9.926924481599215 ], [ -77.195332717232333, -9.926867621218088 ], [ -77.195389313780282, -9.926810760831417 ], [ -77.195503259890927, -9.926810014196716 ], [ -77.195559856395391, -9.926753153789498 ], [ -77.195616452880358, -9.926696293376738 ], [ -77.195730398933989, -9.926695546673344 ], [ -77.195786995375428, -9.926638686240036 ], [ -77.19584359179737, -9.92658182580119 ], [ -77.196071483781623, -9.926580332218352 ], [ -77.196128080136049, -9.926523471743952 ], [ -77.196184676470978, -9.926466611264011 ], [ -77.196298622401585, -9.92646586438457 ], [ -77.196355218693, -9.926409003884084 ], [ -77.196411814964918, -9.926352143378061 ], [ -77.196468411217325, -9.926295282866496 ], [ -77.196525007450234, -9.926238422349392 ], [ -77.196581603663631, -9.92618156182675 ], [ -77.196638199857532, -9.926124701298567 ], [ -77.19669479603192, -9.926067840764849 ], [ -77.196751392186812, -9.926010980225588 ], [ -77.19680798832222, -9.925954119680792 ], [ -77.196864584438103, -9.925897259130457 ], [ -77.196921180534503, -9.925840398574582 ], [ -77.196977776611376, -9.925783538013173 ], [ -77.197319613484979, -9.925781296602686 ], [ -77.197376209470349, -9.925724435990732 ], [ -77.197432805436222, -9.925667575373241 ], [ -77.197489401382597, -9.925610714750214 ], [ -77.1974886477213, -9.925497740738054 ], [ -77.197545243633186, -9.925440880113417 ], [ -77.197601839525547, -9.925384019483243 ], [ -77.197658435398409, -9.925327158847534 ], [ -77.197715031251775, -9.925270298206289 ], [ -77.197771627085643, -9.92521343755951 ], [ -77.197999517827569, -9.925211942869831 ], [ -77.198056867423162, -9.925268056158766 ], [ -77.198114217038267, -9.925324169433491 ], [ -77.19817081279561, -9.925267308732248 ], [ -77.198227408533455, -9.925210448025474 ], [ -77.198284004251789, -9.925153587313163 ], [ -77.198283250353541, -9.925040613358448 ], [ -77.198339846037399, -9.924983752644527 ], [ -77.198396441701732, -9.924926891925079 ], [ -77.198453037346582, -9.924870031200092 ], [ -77.19850963297192, -9.924813170469577 ], [ -77.198566228577761, -9.924756309733521 ], [ -77.198622824164104, -9.924699448991936 ], [ -77.198679419730951, -9.924642588244815 ], [ -77.19890730993869, -9.924641093023176 ], [ -77.198964659534198, -9.92469720614646 ], [ -77.199022009149218, -9.924753319255535 ], [ -77.199078604639539, -9.924696458453965 ], [ -77.199077850504352, -9.924583484556711 ], [ -77.199134445960183, -9.92452662375354 ], [ -77.199191041396517, -9.924469762944833 ], [ -77.19924763681334, -9.9244129021306 ], [ -77.199361581798641, -9.924412154363129 ], [ -77.199418931406115, -9.924468267401215 ], [ -77.199476281033071, -9.924524380425094 ], [ -77.199533630679539, -9.924580493434762 ], [ -77.199590980345519, -9.924636606430219 ], [ -77.199648330030968, -9.924692719411469 ], [ -77.199705679735942, -9.924748832378501 ], [ -77.199763029460414, -9.924804945331326 ], [ -77.199820379204368, -9.92486105826994 ], [ -77.199877728967834, -9.924917171194345 ], [ -77.199935078750798, -9.924973284104533 ], [ -77.199992428553259, -9.925029397000513 ], [ -77.199993183036511, -9.925142370825068 ], [ -77.200050532882486, -9.925198483702085 ], [ -77.200107882747957, -9.925254596564891 ], [ -77.200165232632926, -9.925310709413484 ], [ -77.200222582537407, -9.925366822247865 ], [ -77.200279932461385, -9.925422935068035 ], [ -77.20033728240486, -9.92547904787399 ], [ -77.200394632367846, -9.925535160665733 ], [ -77.200850413454162, -9.925532167469838 ], [ -77.200907763496616, -9.925588280152656 ], [ -77.200965113558539, -9.925644392821262 ], [ -77.201306949368487, -9.925642147376218 ], [ -77.201364299494898, -9.925698259959574 ], [ -77.201421649640821, -9.925754372528715 ], [ -77.201535594922717, -9.925753623922331 ], [ -77.20159219001971, -9.925696762755495 ], [ -77.201648785097191, -9.925639901583132 ], [ -77.20170538015519, -9.92558304040524 ], [ -77.201761975193691, -9.925526179221817 ], [ -77.203015371642209, -9.925517941339651 ], [ -77.20307272196942, -9.925574053572548 ], [ -77.203130072316114, -9.92563016579123 ], [ -77.204269522984333, -9.92562267227331 ], [ -77.204326873500378, -9.925678784240933 ], [ -77.20438422403592, -9.925734896194342 ], [ -77.204441574590959, -9.925791008133524 ], [ -77.20449892516551, -9.925847120058489 ], [ -77.204556275759558, -9.925903231969231 ], [ -77.204613626373117, -9.925959343865749 ], [ -77.20467097700616, -9.926015455748047 ], [ -77.204728327658714, -9.926071567616123 ], [ -77.204785678330779, -9.926127679469976 ], [ -77.204843029022328, -9.926183791309608 ], [ -77.205754590104817, -9.926177791816007 ], [ -77.205811940935732, -9.926233903451914 ], [ -77.205869291786158, -9.926290015073594 ], [ -77.206211127132775, -9.926287764483249 ], [ -77.20626772131989, -9.926230902682194 ], [ -77.206324315487507, -9.926174040875621 ], [ -77.206552205577268, -9.926172540228752 ], [ -77.206608799677312, -9.926115678386692 ], [ -77.206665393757874, -9.926058816539109 ], [ -77.206779338741143, -9.926058066127698 ], [ -77.206835932778162, -9.926001204259618 ], [ -77.206892526795698, -9.925944342386019 ], [ -77.20734830644605, -9.925941340233793 ], [ -77.207404900347981, -9.92588447829475 ], [ -77.207461494230401, -9.925827616350185 ], [ -77.207518088093323, -9.925770754400105 ], [ -77.207574681936748, -9.925713892444511 ], [ -77.207631275760662, -9.925657030483398 ], [ -77.207687869565078, -9.925600168516771 ], [ -77.207744463349997, -9.925543306544624 ], [ -77.207801057115404, -9.925486444566962 ], [ -77.207857650861342, -9.925429582583785 ], [ -77.207914244587755, -9.925372720595091 ], [ -77.207970838294656, -9.925315858600882 ], [ -77.208027431982075, -9.925258996601155 ], [ -77.208084025649995, -9.925202134595917 ], [ -77.208140619298405, -9.92514527258516 ], [ -77.209052175473687, -9.925139264746822 ], [ -77.209108768910383, -9.925082402610736 ], [ -77.209165362327582, -9.925025540469132 ], [ -77.209221955725269, -9.924968678322021 ], [ -77.209221198092095, -9.924855705201272 ], [ -77.209277791455335, -9.924798843052598 ], [ -77.209334384799064, -9.924741980898409 ], [ -77.209333627145, -9.924629007784741 ], [ -77.209390220454253, -9.924572145628989 ], [ -77.210073885872347, -9.924567637691677 ], [ -77.210130479017948, -9.924510775440574 ], [ -77.210187072144052, -9.924453913183958 ], [ -77.210243665250644, -9.924397050921836 ], [ -77.210300258337739, -9.924340188654201 ], [ -77.210356851405336, -9.92428332638106 ], [ -77.210413444453451, -9.924226464102404 ], [ -77.21047003748204, -9.924169601818241 ], [ -77.210468521493638, -9.923943655756318 ], [ -77.210525114472816, -9.92388679347455 ], [ -77.210581707432496, -9.923829931187274 ], [ -77.210638300372679, -9.923773068894491 ], [ -77.210694893293351, -9.923716206596195 ], [ -77.210751486194539, -9.923659344292394 ], [ -77.210865430032854, -9.923658592671964 ], [ -77.2109220228905, -9.923601730347682 ], [ -77.210978615728678, -9.923544868017894 ], [ -77.211206503281986, -9.923543364601166 ], [ -77.211263096052591, -9.923486502235935 ], [ -77.211319688803698, -9.923429639865192 ], [ -77.211376281535323, -9.923372777488945 ], [ -77.21143287424745, -9.923315915107189 ], [ -77.21148946694008, -9.92325905271993 ], [ -77.211546059613198, -9.923202190327162 ], [ -77.211602652266834, -9.923145327928884 ], [ -77.211659244900972, -9.923088465525105 ], [ -77.211773188471795, -9.923087713639005 ], [ -77.211829781062406, -9.923030851214753 ], [ -77.211886373633533, -9.922973988784992 ], [ -77.211942966185148, -9.922917126349729 ], [ -77.211999558717281, -9.922860263908959 ], [ -77.212113502182916, -9.922859511924335 ], [ -77.212170094671521, -9.922802649463094 ], [ -77.212226687140642, -9.922745786996348 ], [ -77.212283279590253, -9.922688924524101 ], [ -77.212339872020365, -9.922632062046347 ], [ -77.212396464430995, -9.92257519956309 ], [ -77.212453056822127, -9.922518337074326 ], [ -77.212509649193763, -9.922461474580059 ], [ -77.2125662415459, -9.922404612080291 ], [ -77.212908071311702, -9.92240235553532 ], [ -77.212964663572265, -9.922345492985157 ], [ -77.213021255813331, -9.92228863042949 ], [ -77.213077848034899, -9.922231767868324 ], [ -77.213134440236985, -9.922174905301652 ], [ -77.213191032419559, -9.922118042729482 ], [ -77.21324762458265, -9.922061180151807 ], [ -77.213304216726257, -9.92200431756863 ], [ -77.213360808850354, -9.921947454979952 ], [ -77.213417400954967, -9.921890592385772 ], [ -77.213416642123846, -9.921777619565804 ], [ -77.213473234194012, -9.921720756970084 ], [ -77.213529826244681, -9.92166389436886 ], [ -77.213586418275852, -9.921607031762134 ], [ -77.213643010287555, -9.921550169149912 ], [ -77.213699602279732, -9.921493306532184 ], [ -77.213813545141463, -9.921492554072488 ], [ -77.213870137090126, -9.921435691434304 ], [ -77.213926729019306, -9.921378828790619 ], [ -77.214040671823895, -9.921378076262352 ], [ -77.214097263709562, -9.921321213598208 ], [ -77.214153855575731, -9.921264350928563 ], [ -77.214267798323178, -9.921263598331727 ], [ -77.214324390145819, -9.921206735641624 ], [ -77.214380981948963, -9.921149872946025 ], [ -77.214494924639283, -9.921149120280617 ], [ -77.214551516398913, -9.921092257564563 ], [ -77.214608108139061, -9.92103539484301 ], [ -77.214664699859711, -9.92097853211596 ], [ -77.214721291560878, -9.920921669383409 ], [ -77.214949176722001, -9.920920163816984 ], [ -77.21500576835561, -9.920863301049023 ], [ -77.215062359969735, -9.920806438275568 ], [ -77.215290244998442, -9.920804932494715 ], [ -77.215346836544995, -9.920748069685851 ], [ -77.215403428072079, -9.920691206871487 ], [ -77.215460019579652, -9.920634344051633 ], [ -77.215516611067741, -9.920577481226282 ], [ -77.215573202536348, -9.920520618395432 ], [ -77.215629793985471, -9.920463755559089 ], [ -77.215687144916927, -9.920519865372258 ], [ -77.215744495867867, -9.920575975171186 ], [ -77.216883919323422, -9.920568442576711 ], [ -77.216940510503633, -9.920511579566433 ], [ -77.216997101664361, -9.92045471655066 ], [ -77.217053692805592, -9.920397853529394 ], [ -77.217110283927326, -9.920340990502634 ], [ -77.217166875029577, -9.920284127470383 ], [ -77.217223466112358, -9.92022726443264 ], [ -77.217280057175628, -9.920170401389406 ], [ -77.217336648219401, -9.920113538340679 ], [ -77.21756453241693, -9.920112031118782 ], [ -77.217621123393172, -9.920055168034661 ], [ -77.217677714349904, -9.919998304945054 ], [ -77.217734305287152, -9.919941441849954 ], [ -77.217790896204917, -9.919884578749365 ], [ -77.217904838193903, -9.919883825020646 ], [ -77.21796142906814, -9.919826961899618 ], [ -77.218018019922894, -9.9197700987731 ], [ -77.218245903777458, -9.919768591139936 ], [ -77.218302494564654, -9.919711727978035 ], [ -77.218359085332352, -9.919654864810642 ], [ -77.218415676080568, -9.919598001637759 ], [ -77.2184722668093, -9.919541138459389 ], [ -77.21852885751855, -9.919484275275529 ], [ -77.218585448208287, -9.919427412086181 ], [ -77.218642038878556, -9.919370548891342 ], [ -77.218698629529342, -9.919313685691014 ], [ -77.218812571250709, -9.919312931696897 ], [ -77.218869922360255, -9.919369040894347 ], [ -77.2189272734893, -9.919425150077554 ], [ -77.218984624637841, -9.91948125924652 ], [ -77.218986906343531, -9.919820176467528 ], [ -77.219044257583676, -9.919876285607893 ], [ -77.219101608843289, -9.919932394734012 ], [ -77.2191589601224, -9.919988503845886 ], [ -77.219216311420993, -9.920044612943515 ], [ -77.219273662739084, -9.920100722026904 ], [ -77.219331014076658, -9.920156831096044 ], [ -77.219388365433716, -9.920212940150941 ], [ -77.21944571681027, -9.920269049191594 ], [ -77.219460173168244, -9.922415524026308 ], [ -77.219403582262814, -9.922472387432952 ], [ -77.219346991337886, -9.922529250834103 ], [ -77.219351557006604, -9.923207084978783 ], [ -77.219408909012785, -9.923263193904427 ], [ -77.219636795066037, -9.923261684800769 ], [ -77.219694147121601, -9.923317793664749 ], [ -77.219751499196661, -9.923373902514479 ], [ -77.219979385273291, -9.923372393161339 ], [ -77.220036737397763, -9.923428501949402 ], [ -77.220094089541689, -9.923484610723211 ], [ -77.22032197564171, -9.923483101120588 ], [ -77.220379327835047, -9.923539209832727 ], [ -77.220436680047868, -9.923595318530616 ], [ -77.220550623114107, -9.923594563623888 ], [ -77.220607975361361, -9.923650672283813 ], [ -77.220608736803314, -9.923763644538775 ], [ -77.220666089094124, -9.923819753179663 ], [ -77.220723441404431, -9.923875861806296 ], [ -77.220724202903583, -9.923988834050858 ], [ -77.220781555257417, -9.924044942658455 ], [ -77.220838907630778, -9.924101051251794 ], [ -77.220782316789723, -9.92415791489741 ], [ -77.220725725929171, -9.924214778537539 ], [ -77.220669135049135, -9.924271642172178 ], [ -77.220612544149589, -9.924328505801324 ], [ -77.22055595323053, -9.924385369424982 ], [ -77.220328066543033, -9.924386879322432 ], [ -77.220271475556387, -9.924443742910697 ], [ -77.220214884550259, -9.924500606493471 ], [ -77.220158293524619, -9.924557470070758 ], [ -77.220101702479496, -9.924614333642548 ], [ -77.220045111414862, -9.924671197208854 ], [ -77.21998852033073, -9.924728060769665 ], [ -77.219931929227101, -9.924784924324987 ], [ -77.219875338103975, -9.924841787874813 ], [ -77.219818746961352, -9.924898651419152 ], [ -77.219822553397833, -9.925463512947443 ], [ -77.219765962160963, -9.925520376506144 ], [ -77.219709370904596, -9.925577240059351 ], [ -77.219711654785996, -9.925916156990342 ], [ -77.219655063465268, -9.925973020549964 ], [ -77.219598472125043, -9.9260298841041 ], [ -77.219600755998627, -9.926368801051552 ], [ -77.219544164594041, -9.926425664612102 ], [ -77.219487573169957, -9.92648252816716 ], [ -77.219488334449451, -9.926595500489283 ], [ -77.21943174299092, -9.926652364042816 ], [ -77.219375151512878, -9.926709227590854 ], [ -77.219375912771554, -9.9268221999201 ], [ -77.219433265547281, -9.926878308692549 ], [ -77.219490618342519, -9.926934417450745 ], [ -77.219492140983391, -9.92716036208763 ], [ -77.219549493846216, -9.927216470822001 ], [ -77.219606846728567, -9.927272579542118 ], [ -77.219611415158198, -9.927950413375701 ], [ -77.219554823544271, -9.928007276991833 ], [ -77.219498231910819, -9.928064140602473 ], [ -77.219441640257898, -9.928121004207613 ], [ -77.219385048585437, -9.928177867807262 ], [ -77.219328456893479, -9.928234731401414 ], [ -77.219271865182023, -9.928291594990068 ], [ -77.219215273451056, -9.928348458573229 ], [ -77.219158681700591, -9.928405322150889 ], [ -77.219102089930601, -9.928462185723056 ], [ -77.219045498141128, -9.928519049289728 ], [ -77.218988906332129, -9.928575912850901 ], [ -77.218932314503633, -9.928632776406578 ], [ -77.218875722655639, -9.928689639956756 ], [ -77.218819130788134, -9.928746503501438 ], [ -77.218819892015517, -9.928859475859745 ], [ -77.218763300113537, -9.928916339402896 ], [ -77.218706708192059, -9.928973202940556 ], [ -77.218707469398637, -9.929086175305979 ], [ -77.218650877442684, -9.929143038842108 ], [ -77.218594285467219, -9.929199902372734 ], [ -77.218537693472257, -9.929256765897863 ], [ -77.218481101457797, -9.929313629417496 ], [ -77.218481862613615, -9.929426601797978 ], [ -77.218425270564666, -9.929483465316077 ], [ -77.218368678496219, -9.929540328828676 ], [ -77.218369439631218, -9.929653301216279 ], [ -77.21831284752831, -9.929710164727348 ], [ -77.218256255405876, -9.929767028232918 ], [ -77.218257016520056, -9.929880000627636 ], [ -77.218200424363161, -9.929936864131674 ], [ -77.21814383218674, -9.929993727630212 ], [ -77.218145354382514, -9.930219672433065 ], [ -77.218088762156682, -9.930276535934038 ], [ -77.218032169911325, -9.930333399429509 ], [ -77.218032930992933, -9.930446371837643 ], [ -77.2179763387131, -9.930503235331582 ], [ -77.21791974641377, -9.930560098820017 ], [ -77.217863154094914, -9.930616962302956 ], [ -77.217749208391908, -9.930617716824356 ], [ -77.217692616029481, -9.930674580286823 ], [ -77.217636023647572, -9.930731443743786 ], [ -77.217522077887352, -9.930732198196559 ], [ -77.217465485461858, -9.930789061633051 ], [ -77.217466246384717, -9.930902034081669 ], [ -77.217409653924761, -9.930958897516625 ], [ -77.21735306144528, -9.931015760946078 ], [ -77.217296468946273, -9.93107262437003 ], [ -77.217239876427769, -9.931129487788478 ], [ -77.217243680879136, -9.931694350098612 ], [ -77.217187088266286, -9.931751213531381 ], [ -77.217130495633924, -9.931808076958651 ], [ -77.217132017418237, -9.932034021892843 ], [ -77.217075424736421, -9.932090885322538 ], [ -77.21701883203508, -9.932147748746727 ], [ -77.216962239314242, -9.932204612165414 ], [ -77.216905646573878, -9.932261475578597 ], [ -77.21690792913887, -9.93260039302133 ], [ -77.216851336334102, -9.932657256440901 ], [ -77.216794743509809, -9.932714119854966 ], [ -77.216795504353044, -9.932827092342173 ], [ -77.216738911494261, -9.932883955754697 ], [ -77.216682318615966, -9.932940819161718 ], [ -77.216625725718146, -9.932997682563231 ], [ -77.216569132800814, -9.933054545959239 ], [ -77.216571415205408, -9.933393463463517 ], [ -77.216514822223644, -9.933450326865913 ], [ -77.216458229222368, -9.9335071902628 ], [ -77.216401636201567, -9.93356405365418 ], [ -77.216345043161255, -9.93362091704005 ], [ -77.216345803921072, -9.933733889555699 ], [ -77.216289210846256, -9.93379075294003 ], [ -77.216232617751942, -9.933847616318852 ], [ -77.216234899996053, -9.934186533884663 ], [ -77.216178306837293, -9.934243397269867 ], [ -77.216121713659021, -9.934300260649563 ], [ -77.216126278212869, -9.934978095806661 ], [ -77.216069684925202, -9.935034959204629 ], [ -77.216013091618038, -9.935091822597089 ], [ -77.216013852378865, -9.935204795128335 ], [ -77.215957259037182, -9.935261658519247 ], [ -77.215900665676003, -9.935318521904648 ], [ -77.215907512662653, -9.936335274720376 ], [ -77.215964866995364, -9.936391383826336 ], [ -77.216022221347586, -9.93644749291804 ], [ -77.2160245039844, -9.936786410479872 ], [ -77.215967910433022, -9.936843273926263 ], [ -77.215911316862133, -9.936900137367147 ], [ -77.215968671315167, -9.936956246449201 ], [ -77.216026025787713, -9.937012355516998 ], [ -77.216083380279798, -9.93706846457054 ], [ -77.216140734791409, -9.937124573609829 ], [ -77.216198089322532, -9.937180682634859 ], [ -77.216255443873195, -9.937236791645635 ], [ -77.216312798443369, -9.937292900642154 ], [ -77.216370153033068, -9.937349009624414 ], [ -77.216427507642308, -9.937405118592419 ], [ -77.216484862271059, -9.937461227546171 ], [ -77.216487145621812, -9.937800144980963 ], [ -77.216430552031866, -9.937857008522974 ], [ -77.216373958422409, -9.937913872059468 ], [ -77.216376241765062, -9.938252789510679 ], [ -77.216433596566844, -9.938308898440429 ], [ -77.216490951388153, -9.938365007355923 ], [ -77.216495518607672, -9.939042842178862 ], [ -77.216438924852923, -9.939099705764473 ], [ -77.216382331078648, -9.939156569344574 ], [ -77.216383092283735, -9.939269541820126 ], [ -77.216440447302162, -9.939325650706836 ], [ -77.216497802340115, -9.939381759579286 ], [ -77.216498563602443, -9.939494732044455 ], [ -77.216555918684008, -9.939550840897866 ], [ -77.2166132737851, -9.939606949737016 ], [ -77.216617080473796, -9.940171812002768 ], [ -77.216674435714779, -9.94022792080375 ], [ -77.216731790975302, -9.940284029590467 ], [ -77.216733313810707, -9.940509974471905 ], [ -77.216676719909302, -9.940566838139029 ], [ -77.216620125988342, -9.940623701800634 ], [ -77.216620887389723, -9.940736674248059 ], [ -77.21656429343426, -9.940793537908116 ], [ -77.216507699459257, -9.940850401562662 ], [ -77.216509983627958, -9.941189318923799 ], [ -77.216453389588466, -9.941246182584718 ], [ -77.216396795529434, -9.941303046240128 ], [ -77.216399841095026, -9.941754936075219 ], [ -77.216457196643105, -9.941811044856724 ], [ -77.216514552210725, -9.941867153623964 ], [ -77.216457958081307, -9.941924017308667 ], [ -77.216401363932349, -9.941980880987858 ], [ -77.216458719528589, -9.942036989759796 ], [ -77.216572669284218, -9.942036234819323 ], [ -77.216630024914991, -9.942092343553256 ], [ -77.21668738056529, -9.94214845227293 ], [ -77.216744736235128, -9.942204560978334 ], [ -77.216746259379562, -9.942430505831947 ], [ -77.216803615117101, -9.942486614513525 ], [ -77.216860970874151, -9.942542723180843 ], [ -77.216864017464772, -9.942994612839971 ], [ -77.216921373337684, -9.943050721473892 ], [ -77.216978729230149, -9.943106830093551 ], [ -77.216981776158846, -9.943558719701308 ], [ -77.217039132167173, -9.94361482828757 ], [ -77.21709648819504, -9.943670936859565 ], [ -77.217098011810265, -9.943896881639398 ], [ -77.217155367905832, -9.943952990187563 ], [ -77.217212724020939, -9.944009098721464 ], [ -77.217213485890369, -9.944122071100583 ], [ -77.217270842049089, -9.944178179615434 ], [ -77.217328198227364, -9.94423428811602 ], [ -77.21738555442515, -9.944290396602341 ], [ -77.217442910642504, -9.944346505074396 ], [ -77.217500266879384, -9.94440261353218 ], [ -77.217557623135818, -9.944458721975705 ], [ -77.217614979411778, -9.944514830404962 ], [ -77.217672335707277, -9.944570938819954 ], [ -77.217729692022303, -9.944627047220678 ], [ -77.217787048356897, -9.944683155607134 ], [ -77.217844404711002, -9.944739263979322 ], [ -77.217901761084676, -9.944795372337246 ], [ -77.217959117477875, -9.944851480680901 ], [ -77.218016473890614, -9.94490758901029 ], [ -77.218073830322894, -9.944963697325411 ], [ -77.218187780967185, -9.944962941615074 ], [ -77.218245137433996, -9.945019049892178 ], [ -77.218302493920362, -9.945075158155014 ], [ -77.218359088084199, -9.945018294119345 ], [ -77.218415682228482, -9.944961430078161 ], [ -77.218529632845488, -9.944960674251586 ], [ -77.218586989357277, -9.945016782457438 ], [ -77.21864434588862, -9.945072890649021 ], [ -77.218701702439475, -9.945128998826338 ], [ -77.218759059009898, -9.945185106989381 ], [ -77.218816415599846, -9.945241215138156 ], [ -77.218873772209335, -9.945297323272666 ], [ -77.218931128838364, -9.945353431392903 ], [ -77.218988485486946, -9.945409539498868 ], [ -77.219045842155055, -9.945465647590565 ], [ -77.219046604767996, -9.945578619818995 ], [ -77.219103961479746, -9.945634727891633 ], [ -77.219161318211036, -9.945690835950005 ], [ -77.219218674961866, -9.945746943994102 ], [ -77.219276031732235, -9.94580305202393 ], [ -77.219333388522145, -9.945859160039486 ], [ -77.219390745331609, -9.945915268040771 ], [ -77.219448102160612, -9.945971376027787 ], [ -77.219505459009142, -9.946027484000529 ], [ -77.219562815877225, -9.946083591959001 ], [ -77.219620172764863, -9.946139699903201 ], [ -77.219620935627816, -9.946252672082926 ], [ -77.219678292559081, -9.946308780008064 ], [ -77.219735649509886, -9.946364887918934 ], [ -77.219793006480231, -9.946420995815528 ], [ -77.21985036347013, -9.946477103697848 ], [ -77.219907720479554, -9.946533211565892 ], [ -77.219965077508533, -9.946589319419671 ], [ -77.220022434557066, -9.946645427259174 ], [ -77.220079791625125, -9.946701535084404 ], [ -77.220137148712737, -9.946757642895362 ], [ -77.22019450581989, -9.946813750692042 ], [ -77.220251862946583, -9.94686985847445 ], [ -77.22030922009283, -9.946925966242585 ], [ -77.220366577258616, -9.946982073996447 ], [ -77.220423934443943, -9.947038181736033 ], [ -77.220481291648824, -9.947094289461342 ], [ -77.220538648873244, -9.947150397172381 ], [ -77.220596006117191, -9.947206504869142 ], [ -77.220709957342976, -9.947205748131124 ], [ -77.220767314621469, -9.947261855789854 ], [ -77.22082467191953, -9.947317963434308 ], [ -77.220938623166177, -9.947317206610018 ], [ -77.220995980498756, -9.947373314216433 ], [ -77.221053337850876, -9.947429421808575 ], [ -77.221110695222549, -9.947485529386443 ], [ -77.221168052613777, -9.947541636950032 ], [ -77.221395955199696, -9.947540122995097 ], [ -77.221453312640435, -9.947596230496886 ], [ -77.221510670100713, -9.947652337984401 ], [ -77.22156802758056, -9.947708445457639 ], [ -77.221625385079946, -9.947764552916599 ], [ -77.221682742598873, -9.94782066036128 ], [ -77.221740100137339, -9.947876767791682 ], [ -77.221797457695359, -9.947932875207808 ], [ -77.22185481527292, -9.947988982609656 ], [ -77.221912172870034, -9.948045089997228 ], [ -77.221915228122953, -9.94849697795445 ], [ -77.221972585836014, -9.948553085308568 ], [ -77.222029943568629, -9.948609192648407 ], [ -77.222087301320798, -9.948665299973964 ], [ -77.222144659092521, -9.948721407285241 ], [ -77.222145423024926, -9.948834379253324 ], [ -77.222202780840291, -9.94889048654553 ], [ -77.22226013867521, -9.948946593823457 ], [ -77.222261666663798, -9.949172537737985 ], [ -77.222319024566474, -9.949228644992042 ], [ -77.22237638248869, -9.949284752231819 ], [ -77.222380966962461, -9.9499625838982 ], [ -77.22243832504887, -9.950018691094929 ], [ -77.222495683154818, -9.950074798277376 ], [ -77.222497211482079, -9.950300742140431 ], [ -77.222440617481112, -9.950357606902671 ], [ -77.222384023460577, -9.950414471659396 ], [ -77.222327429420503, -9.95047133641061 ], [ -77.222270835360874, -9.950528201156311 ], [ -77.222214241281677, -9.950585065896499 ], [ -77.222157647182939, -9.950641930631175 ], [ -77.222165288466343, -9.951771650135782 ], [ -77.222222646908492, -9.951827757303338 ], [ -77.222678457659015, -9.951824726510187 ], [ -77.222735816180716, -9.951880833568374 ], [ -77.222793174721971, -9.951936940612274 ], [ -77.222850533282781, -9.95199304764189 ], [ -77.222855120007566, -9.952670878979745 ], [ -77.222798525763992, -9.952727743870474 ], [ -77.222741931500877, -9.952784608755682 ], [ -77.222799290235031, -9.952840715761221 ], [ -77.222856648988753, -9.952896822752471 ], [ -77.222914007762014, -9.952952929729438 ], [ -77.222971366554859, -9.953009036692118 ], [ -77.223028725367229, -9.953065143640515 ], [ -77.223086084199181, -9.953121250574625 ], [ -77.223143443050674, -9.953177357494452 ], [ -77.223713208448075, -9.953173566828713 ], [ -77.223769802558706, -9.953116701802061 ], [ -77.223826396649798, -9.953059836769899 ], [ -77.224168255634098, -9.9530575618151 ], [ -77.224224849633273, -9.953000696732422 ], [ -77.224281443612895, -9.952943831644234 ], [ -77.224338037572949, -9.952886966550535 ], [ -77.224394631513448, -9.952830101451323 ], [ -77.224451225434393, -9.952773236346603 ], [ -77.224507819335784, -9.952716371236372 ], [ -77.224564413217621, -9.95265950612063 ], [ -77.224621007079904, -9.95260264099938 ], [ -77.224677600922632, -9.952545775872622 ], [ -77.224734194745793, -9.952488910740348 ], [ -77.224790788549399, -9.952432045602571 ], [ -77.224847382333465, -9.952375180459279 ], [ -77.225075287698587, -9.952373663268876 ], [ -77.225131881414839, -9.952316798090083 ], [ -77.225188475111565, -9.952259932905777 ], [ -77.225245068788709, -9.952203067715967 ], [ -77.225301662446327, -9.95214620252065 ], [ -77.225358256084363, -9.952089337319821 ], [ -77.225414849702858, -9.952032472113483 ], [ -77.225528802227032, -9.952031713370141 ], [ -77.225585395801843, -9.951974848143299 ], [ -77.225641989357115, -9.951917982910954 ], [ -77.22575594182392, -9.951917224098842 ], [ -77.225812535335521, -9.951860358845995 ], [ -77.22586912882754, -9.951803493587638 ], [ -77.226210986028477, -9.951801216828693 ], [ -77.226267579428622, -9.951744351519849 ], [ -77.226324172809186, -9.951687486205499 ], [ -77.226380766170223, -9.95163062088564 ], [ -77.226437359511678, -9.951573755560279 ], [ -77.226494718479927, -9.951629861843466 ], [ -77.226552077467701, -9.95168596811236 ], [ -77.226666029783246, -9.95168520900763 ], [ -77.226723388805567, -9.951741315238454 ], [ -77.226780747847442, -9.951797421454989 ], [ -77.226838106908872, -9.95185352765723 ], [ -77.22689546598987, -9.951909633845178 ], [ -77.226952825090407, -9.951965740018835 ], [ -77.227010184210485, -9.952021846178198 ], [ -77.227124136606847, -9.952021086892017 ], [ -77.227181495761471, -9.952077193013308 ], [ -77.227238854935663, -9.952133299120307 ], [ -77.22729621412941, -9.95218940521301 ], [ -77.227353573342697, -9.952245511291423 ], [ -77.227410932575552, -9.952301617355541 ], [ -77.227468291827961, -9.952357723405365 ], [ -77.227525651099924, -9.9524138294409 ], [ -77.227526417171276, -9.952526800969297 ], [ -77.227583776486924, -9.952582906985729 ], [ -77.227641135822111, -9.95263901298787 ], [ -77.227698495176867, -9.952695118975713 ], [ -77.227755854551177, -9.952751224949262 ], [ -77.227813213945026, -9.952807330908518 ], [ -77.228041119148273, -9.952805811631464 ], [ -77.228098478591647, -9.952861917528857 ], [ -77.228155838054604, -9.95291802341195 ], [ -77.228213197537116, -9.952974129280751 ], [ -77.228270557039181, -9.953030235135255 ], [ -77.228327916560801, -9.953086340975464 ], [ -77.228385276101974, -9.953142446801378 ], [ -77.228613181448495, -9.953140927083792 ], [ -77.228670541039207, -9.953197032847838 ], [ -77.228727900649474, -9.953253138597582 ], [ -77.228841853338992, -9.953252378633048 ], [ -77.228899212983805, -9.95330848434471 ], [ -77.228956572648173, -9.95336459004208 ], [ -77.229013932332094, -9.953420695725146 ], [ -77.22907129203557, -9.953476801393915 ], [ -77.229128651758614, -9.953532907048386 ], [ -77.229186011501199, -9.953589012688564 ], [ -77.229243371263351, -9.953645118314437 ], [ -77.229300731045058, -9.953701223926018 ], [ -77.229642589418475, -9.953698943228831 ], [ -77.229699949264699, -9.953755048754742 ], [ -77.229757309130477, -9.953811154266354 ], [ -77.229814669015823, -9.953867259763667 ], [ -77.229815435988243, -9.953980231105518 ], [ -77.229872795917274, -9.954036336583721 ], [ -77.229930155865858, -9.954092442047621 ], [ -77.229987515834011, -9.954148547497224 ], [ -77.230044875821719, -9.95420465293253 ], [ -77.23010223582898, -9.954260758353531 ], [ -77.230216188760835, -9.954259997844451 ], [ -77.230273548802643, -9.954316103227358 ], [ -77.230330908864005, -9.954372208595966 ], [ -77.230388268944949, -9.954428313950274 ], [ -77.23044562904542, -9.954484419290281 ], [ -77.230559582028079, -9.954483658647252 ], [ -77.23061694216311, -9.95453976394916 ], [ -77.230674302317681, -9.954595869236767 ], [ -77.230902208315484, -9.954594347739187 ], [ -77.230959568519609, -9.954650452964909 ], [ -77.231016928743287, -9.954706558176325 ], [ -77.231074288986534, -9.954762663373439 ], [ -77.231131649249335, -9.954818768556251 ], [ -77.23118900953169, -9.954874873724755 ], [ -77.231246369833613, -9.954930978878959 ], [ -77.231303730155076, -9.954987084018859 ], [ -77.231305265309132, -9.95521302645648 ], [ -77.231362625698452, -9.955269131572454 ], [ -77.231419986107312, -9.955325236674121 ], [ -77.231477346535755, -9.955381341761479 ], [ -77.231534706983737, -9.955437446834537 ], [ -77.231536242367469, -9.955663389230372 ], [ -77.231593602883308, -9.955719494279498 ], [ -77.231650963418701, -9.95577559931432 ], [ -77.231708323973663, -9.955831704334837 ], [ -77.231765684548165, -9.955887809341046 ], [ -77.231823045142249, -9.95594391433295 ], [ -77.231880405755888, -9.956000019310549 ], [ -77.231881173606311, -9.956112990478358 ], [ -77.231938534263662, -9.956169095436836 ], [ -77.231995894940553, -9.956225200381008 ], [ -77.231998198691585, -9.956564113850618 ], [ -77.232055559460477, -9.956620218766041 ], [ -77.232112920248923, -9.956676323667159 ], [ -77.232116760258464, -9.957241179385289 ], [ -77.232174121187185, -9.957297284248023 ], [ -77.232231482135475, -9.957353389096454 ], [ -77.232288843103319, -9.957409493930571 ], [ -77.232346204090746, -9.957465598750387 ], [ -77.232403565097712, -9.957521703555893 ], [ -77.232460926124261, -9.957577808347086 ], [ -77.232518287170393, -9.957633913123972 ], [ -77.232575648236065, -9.957690017886549 ], [ -77.232633009321304, -9.957746122634818 ], [ -77.232690370426099, -9.957802227368777 ], [ -77.232691906976868, -9.958028169553986 ], [ -77.232749268149533, -9.958084274264001 ], [ -77.232806629341766, -9.95814037895971 ], [ -77.232863990553568, -9.958196483641112 ], [ -77.232921351784938, -9.9582525883082 ], [ -77.232978713035862, -9.95830869296098 ], [ -77.233036074306355, -9.958364797599444 ], [ -77.23309343559643, -9.958420902223601 ], [ -77.23315079690606, -9.958477006833446 ], [ -77.233151565388354, -9.958589977886291 ], [ -77.233208926741696, -9.958646082477008 ], [ -77.233266288114606, -9.958702187053417 ], [ -77.233323649507085, -9.95875829161551 ], [ -77.233381010919146, -9.958814396163293 ], [ -77.233438372350761, -9.958870500696765 ], [ -77.233495733801945, -9.958926605215922 ], [ -77.233496502438271, -9.959039576239046 ], [ -77.23349688675988, -9.959096061750296 ] ] ] ] } }
]
}
