{
"type": "FeatureCollection",
"name": "Pariac",
"crs": { "type": "name", "properties": { "name": "urn:ogc:def:crs:OGC:1.3:CRS84" } },
"features": [
{ "type": "Feature", "properties": { "cat": 1, "value": 1, "label": null }, "geometry": { "type": "MultiPolygon", "coordinates": [ [ [ [ -77.491060201707469, -9.594026302892484 ], [ -77.491117106143946, -9.594025893388869 ], [ -77.491458532709444, -9.594023436171247 ], [ -77.49151502445001, -9.593966550443191 ], [ -77.491512548434699, -9.593627693484216 ], [ -77.491569040115309, -9.593570807765062 ], [ -77.491625531777117, -9.593513922041286 ], [ -77.491682023420125, -9.593457036312882 ], [ -77.491738515044332, -9.593400150579861 ], [ -77.491795006649738, -9.593343264842217 ], [ -77.491908815228413, -9.593342445641976 ], [ -77.49196530679113, -9.593285559885961 ], [ -77.492021798335045, -9.593228674125323 ], [ -77.492135606855754, -9.593227854860256 ], [ -77.492192098356981, -9.593170969081248 ], [ -77.492248589839406, -9.593114083297619 ], [ -77.49230508130303, -9.593057197509371 ], [ -77.492361572747853, -9.593000311716503 ], [ -77.492475381162834, -9.592999492359118 ], [ -77.492531872564967, -9.592942606547878 ], [ -77.4925883639483, -9.592885720732019 ], [ -77.492702172305329, -9.592884901309816 ], [ -77.492758663645972, -9.59282801547559 ], [ -77.492815154967801, -9.592771129636745 ], [ -77.492871646270842, -9.59271424379328 ], [ -77.492928137555083, -9.592657357945198 ], [ -77.492984628820508, -9.592600472092492 ], [ -77.49298380310519, -9.592487519891669 ], [ -77.493040294338115, -9.592430634038857 ], [ -77.49309678555224, -9.592373748181426 ], [ -77.493095959819655, -9.592260795988816 ], [ -77.493152451001279, -9.592203910131282 ], [ -77.493208942164088, -9.592147024269126 ], [ -77.49326543330811, -9.592090138402355 ], [ -77.493321924433332, -9.592033252530966 ], [ -77.493378415539752, -9.591976366654958 ], [ -77.493434906627371, -9.591919480774335 ], [ -77.493433255028251, -9.591693576440822 ], [ -77.493489746069656, -9.591636690564602 ], [ -77.493546237092261, -9.591579804683764 ], [ -77.493544585479015, -9.591353900365075 ], [ -77.49360107645542, -9.591297014488648 ], [ -77.49365756741301, -9.5912401286076 ], [ -77.493714058351827, -9.591183242721938 ], [ -77.494624519596911, -9.59117668449332 ], [ -77.494681836482926, -9.59123275055617 ], [ -77.494739153387727, -9.591288816604573 ], [ -77.494796470311343, -9.591344882638534 ], [ -77.494853787253732, -9.591400948658046 ], [ -77.494911104214921, -9.59145701466311 ], [ -77.494968421194912, -9.59151308065373 ], [ -77.495025738193718, -9.591569146629903 ], [ -77.495083055211296, -9.59162521259163 ], [ -77.49514037224769, -9.591681278538912 ], [ -77.49519768930287, -9.591737344471742 ], [ -77.495311497049727, -9.591736524289516 ], [ -77.495367987703801, -9.591679638184294 ], [ -77.495424478339075, -9.591622752074457 ], [ -77.495538286027966, -9.591621931827433 ], [ -77.495595603119156, -9.591677997680415 ], [ -77.495652920229162, -9.591734063518945 ], [ -77.496221958657756, -9.591729961488348 ], [ -77.496279275855073, -9.591786027194553 ], [ -77.496336593071192, -9.591842092886306 ], [ -77.496564208426108, -9.59184045171855 ], [ -77.496621525688411, -9.591896517348701 ], [ -77.49667884296953, -9.591952582964399 ], [ -77.496792650659103, -9.59195176227739 ], [ -77.496849967972707, -9.59200782785506 ], [ -77.496907285305113, -9.592063893418279 ], [ -77.497476323737061, -9.592059789187706 ], [ -77.497533641156778, -9.59211585461858 ], [ -77.497590958595296, -9.592171920034998 ], [ -77.497647448826271, -9.592115033636935 ], [ -77.497703939038473, -9.592058147234262 ], [ -77.497931554299086, -9.592056505131552 ], [ -77.497988044444668, -9.591999618696798 ], [ -77.498044534571477, -9.591942732257435 ], [ -77.498954994823563, -9.591936162134173 ], [ -77.499012312397468, -9.591992227263813 ], [ -77.49906962999016, -9.592048292379001 ], [ -77.499411052498559, -9.592045827825565 ], [ -77.499468370151135, -9.592101892855547 ], [ -77.499525687822526, -9.592157957871073 ], [ -77.499583005512704, -9.592214022872144 ], [ -77.499640323221684, -9.592270087858758 ], [ -77.499867938285831, -9.592268444447878 ], [ -77.499925256040996, -9.592324509372867 ], [ -77.499982573814975, -9.5923805742834 ], [ -77.500039891607742, -9.592436639179477 ], [ -77.500097209419309, -9.59249270406109 ], [ -77.500154527249677, -9.59254876892825 ], [ -77.50021184509886, -9.592604833780952 ], [ -77.500325652697782, -9.592604011878022 ], [ -77.500382970579452, -9.592660076692681 ], [ -77.500440288479908, -9.592716141492879 ], [ -77.500554096096025, -9.59271531950546 ], [ -77.500611414028981, -9.592771384267612 ], [ -77.500668731980753, -9.592827449015306 ], [ -77.501010154849993, -9.59282498268761 ], [ -77.501067472861649, -9.59288104735008 ], [ -77.501124790892106, -9.592937111998092 ], [ -77.50135240614199, -9.592935467498677 ], [ -77.501409724218618, -9.592991532085051 ], [ -77.501467042314047, -9.593047596656964 ], [ -77.501808465194458, -9.593045129486406 ], [ -77.501864954650628, -9.592988242544028 ], [ -77.501921444087984, -9.592931355597043 ], [ -77.501977933506552, -9.592874468645459 ], [ -77.50203442290632, -9.592817581689276 ], [ -77.502090912287287, -9.592760694728488 ], [ -77.502147401649452, -9.592703807763103 ], [ -77.50226120911239, -9.592702985215901 ], [ -77.502317698431838, -9.592646098232187 ], [ -77.502374187732499, -9.592589211243871 ], [ -77.502430677014345, -9.592532324250953 ], [ -77.502429848178281, -9.592419372867168 ], [ -77.502486337427655, -9.592362485874181 ], [ -77.502542826658228, -9.592305598876594 ], [ -77.502541997804983, -9.592192647501056 ], [ -77.50259848700307, -9.5921357605034 ], [ -77.502712294237142, -9.592134937856242 ], [ -77.502768783392511, -9.592078050840257 ], [ -77.50282527252908, -9.592021163819675 ], [ -77.502939079705129, -9.59202034110775 ], [ -77.502995568798994, -9.591963454068841 ], [ -77.503052057874072, -9.591906567025342 ], [ -77.503108546930349, -9.591849679977239 ], [ -77.503165035967825, -9.59179279292454 ], [ -77.503278843038004, -9.591791970120395 ], [ -77.503335332032776, -9.591735083049374 ], [ -77.503391821008762, -9.591678195973754 ], [ -77.503448309965933, -9.59162130889354 ], [ -77.503504798904302, -9.591564421808728 ], [ -77.503561287823885, -9.591507534719319 ], [ -77.503617776724667, -9.591450647625313 ], [ -77.503674265606662, -9.59139376052671 ], [ -77.503673436459223, -9.591280809243377 ], [ -77.503729925308718, -9.591223922144714 ], [ -77.503786414139441, -9.591167035041448 ], [ -77.50378558497485, -9.59105408376637 ], [ -77.503842073773086, -9.590997196663045 ], [ -77.503898562552493, -9.590940309555119 ], [ -77.503955051313142, -9.590883422442603 ], [ -77.504011540054975, -9.590826535325489 ], [ -77.504068028778022, -9.590769648203782 ], [ -77.504124517482268, -9.590712761077478 ], [ -77.504181006167713, -9.590655873946579 ], [ -77.504237494834371, -9.590598986811088 ], [ -77.504293983482228, -9.590542099671001 ], [ -77.504407790036666, -9.590541276602277 ], [ -77.504464278641819, -9.590484389443876 ], [ -77.50446344931305, -9.59037143822318 ], [ -77.504519937885718, -9.590314551064717 ], [ -77.504633744344531, -9.590313727941114 ], [ -77.504690232874509, -9.590256840764342 ], [ -77.504746721385686, -9.590199953582975 ], [ -77.504803209878091, -9.590143066397012 ], [ -77.504859698351666, -9.590086179206462 ], [ -77.504973504704623, -9.590085355990677 ], [ -77.505029993135508, -9.59002846878181 ], [ -77.505086481547622, -9.58997158156836 ], [ -77.505142969940934, -9.589914694350311 ], [ -77.505199458315431, -9.589857807127672 ], [ -77.505255946671156, -9.589800919900442 ], [ -77.505312435008079, -9.589744032668619 ], [ -77.505368923326202, -9.589687145432208 ], [ -77.505425411625538, -9.589630258191205 ], [ -77.505481899906087, -9.589573370945608 ], [ -77.505538388167835, -9.589516483695423 ], [ -77.505594876410797, -9.589459596440648 ], [ -77.505651364634957, -9.589402709181279 ], [ -77.505707852840331, -9.58934582191732 ], [ -77.505764341026904, -9.589288934648774 ], [ -77.50582082919469, -9.589232047375637 ], [ -77.505819999527361, -9.589119096264554 ], [ -77.505876487662675, -9.589062208991361 ], [ -77.505932975779203, -9.58900532171358 ], [ -77.505932146094736, -9.588892370610758 ], [ -77.505988634178806, -9.588835483332923 ], [ -77.506045122244075, -9.588778596050497 ], [ -77.506101610290543, -9.588721708763485 ], [ -77.506158098318224, -9.58866482147188 ], [ -77.50615560916215, -9.588325968213008 ], [ -77.506212097130003, -9.588269080930424 ], [ -77.506268585079084, -9.588212193643253 ], [ -77.506325073009364, -9.58815530635149 ], [ -77.506381560920858, -9.588098419055147 ], [ -77.506438048813578, -9.588041531754211 ], [ -77.506494536687484, -9.587984644448689 ], [ -77.506551024542617, -9.58792775713858 ], [ -77.506607512378949, -9.587870869823881 ], [ -77.506664000196494, -9.587813982504601 ], [ -77.506720487995253, -9.587757095180729 ], [ -77.506719658160293, -9.587644144138189 ], [ -77.50677614592658, -9.587587256814269 ], [ -77.506889951278779, -9.587586433181603 ], [ -77.506946439002377, -9.587529545839388 ], [ -77.507002926707187, -9.587472658492588 ], [ -77.507059414393225, -9.587415771141204 ], [ -77.507115902060448, -9.58735888378523 ], [ -77.507172389708899, -9.587301996424674 ], [ -77.507171559764558, -9.58718904541843 ], [ -77.507228047380551, -9.587132158057823 ], [ -77.507284534977742, -9.587075270692635 ], [ -77.507283705016306, -9.58696231969466 ], [ -77.507340192581054, -9.586905432329424 ], [ -77.507396680127002, -9.586848544959603 ], [ -77.507453167654162, -9.586791657585197 ], [ -77.507509655162551, -9.586734770206212 ], [ -77.507566142652138, -9.586677882822634 ], [ -77.507622630122938, -9.586620995434481 ], [ -77.507679117574966, -9.58656410804174 ], [ -77.507906727428988, -9.586562460320247 ], [ -77.507963214814424, -9.586505572895513 ], [ -77.508019702181045, -9.586448685466197 ], [ -77.508076189528893, -9.586391798032299 ], [ -77.508075359365861, -9.586278847098669 ], [ -77.508131846681252, -9.586221959664723 ], [ -77.508188333977856, -9.586165072226203 ], [ -77.508186673627847, -9.585939170374683 ], [ -77.508243160878337, -9.585882282940659 ], [ -77.508299648110025, -9.58582539550205 ], [ -77.508356135322956, -9.585768508058857 ], [ -77.508469939930649, -9.585767684062196 ], [ -77.508526427100875, -9.585710796600722 ], [ -77.508582914252315, -9.585653909134667 ], [ -77.508810523341367, -9.585652260974664 ], [ -77.508867010426229, -9.585595373476629 ], [ -77.508923497492276, -9.585538485974009 ], [ -77.509606324226738, -9.585533540434639 ], [ -77.509662811130568, -9.585476652845239 ], [ -77.509719298015611, -9.585419765251261 ], [ -77.509775784881896, -9.58536287765271 ], [ -77.50983227172938, -9.585305990049577 ], [ -77.509946076053637, -9.585305165607705 ], [ -77.510002562858432, -9.585248277986295 ], [ -77.510059049644425, -9.585191390360311 ], [ -77.510172853910632, -9.585190565853752 ], [ -77.51022934065395, -9.585133678209491 ], [ -77.510285827378482, -9.585076790560652 ], [ -77.510513435784489, -9.585075141380889 ], [ -77.510569922442428, -9.585018253700078 ], [ -77.510626409081596, -9.584961366014694 ], [ -77.510740213221396, -9.58496054134149 ], [ -77.51079669981786, -9.584903653637831 ], [ -77.510853186395551, -9.584846765929596 ], [ -77.511080794548789, -9.584845116416542 ], [ -77.511137281059874, -9.584788228676345 ], [ -77.511193767552172, -9.584731340931571 ], [ -77.511421375568773, -9.584729691214589 ], [ -77.511478693141143, -9.584785754086028 ], [ -77.511536010732272, -9.584841816942992 ], [ -77.511763618762501, -9.584840166982499 ], [ -77.511820936399744, -9.58489622977781 ], [ -77.511878254055759, -9.584952292558645 ], [ -77.511935571730561, -9.585008355325012 ], [ -77.51199288942415, -9.585064418076902 ], [ -77.512050207136525, -9.585120480814318 ], [ -77.512107524867673, -9.585176543537262 ], [ -77.513245565222789, -9.585168290081951 ], [ -77.513302051320522, -9.585111402067938 ], [ -77.513358537399469, -9.585054514049357 ], [ -77.516545043594576, -9.585031383771021 ], [ -77.516602361853003, -9.58508744556452 ], [ -77.516659680130203, -9.585143507343538 ], [ -77.517683912799924, -9.58513606597811 ], [ -77.517740397964857, -9.585079177430314 ], [ -77.517796883110989, -9.585022288877957 ], [ -77.517853368238363, -9.584965400321037 ], [ -77.517909853346936, -9.584908511759552 ], [ -77.517966338436722, -9.584851623193508 ], [ -77.518022823507749, -9.584794734622902 ], [ -77.518079308559976, -9.584737846047737 ], [ -77.518135793593416, -9.584680957468009 ], [ -77.518192278608083, -9.584624068883723 ], [ -77.518248763603978, -9.584567180294874 ], [ -77.518305248581072, -9.584510291701459 ], [ -77.518361733539393, -9.584453403103492 ], [ -77.518418218478928, -9.584396514500964 ], [ -77.51847470339969, -9.584339625893875 ], [ -77.518929916312672, -9.584336316884791 ], [ -77.518986401118966, -9.584279428218425 ], [ -77.519042885906444, -9.584222539547502 ], [ -77.519099370675178, -9.584165650872022 ], [ -77.519155855425112, -9.584108762191983 ], [ -77.519724870856493, -9.584104624818201 ], [ -77.519782189305531, -9.584160685993698 ], [ -77.519839507773327, -9.584216747154708 ], [ -77.51989682625991, -9.584272808301231 ], [ -77.519954144765279, -9.584328869433264 ], [ -77.520295554064319, -9.584326386278317 ], [ -77.520352872629388, -9.584382447325041 ], [ -77.52041019121323, -9.584438508357275 ], [ -77.520751600501498, -9.584436024725131 ], [ -77.52080891914504, -9.584492085672048 ], [ -77.520866237807368, -9.584548146604476 ], [ -77.520980040910146, -9.584547318605306 ], [ -77.52103652531305, -9.584490429683644 ], [ -77.521093009697168, -9.584433540757425 ], [ -77.521206812741809, -9.584432712693625 ], [ -77.521263297083209, -9.584375823749177 ], [ -77.521319781405836, -9.584318934800178 ], [ -77.521376265709691, -9.584262045846625 ], [ -77.521432749994759, -9.584205156888514 ], [ -77.52148923426104, -9.584148267925853 ], [ -77.521545718508548, -9.584091378958634 ], [ -77.52160220273727, -9.584034489986864 ], [ -77.521658686947205, -9.583977601010542 ], [ -77.521715171138368, -9.583920712029665 ], [ -77.521711833378333, -9.583468912979987 ], [ -77.521768317496196, -9.583412024012821 ], [ -77.521824801595258, -9.583355135041106 ], [ -77.521767483068288, -9.583299074252954 ], [ -77.521710164560105, -9.583243013450312 ], [ -77.52165284607068, -9.583186952633179 ], [ -77.521595527600041, -9.583130891801556 ], [ -77.521594693254215, -9.583017942024769 ], [ -77.521537374826281, -9.582961881173286 ], [ -77.521480056417118, -9.58290582030731 ], [ -77.52147505084541, -9.582228121565178 ], [ -77.521417732598579, -9.582172060652484 ], [ -77.52136041437052, -9.582115999725305 ], [ -77.521357911867156, -9.581777150311126 ], [ -77.521414395852318, -9.581720261453455 ], [ -77.521470879818693, -9.581663372591231 ], [ -77.521460870404511, -9.580307974971547 ], [ -77.521403552564337, -9.580251913967539 ], [ -77.52134623474295, -9.580195852949048 ], [ -77.52128891694035, -9.58013979191607 ], [ -77.521231599156494, -9.580083730868605 ], [ -77.521174281391438, -9.580027669806654 ], [ -77.521116963645127, -9.579971608730217 ], [ -77.521059645917603, -9.579915547639295 ], [ -77.521002328208866, -9.579859486533886 ], [ -77.520945010518872, -9.579803425413994 ], [ -77.520887692847666, -9.579747364279614 ], [ -77.520886025234432, -9.579521464557633 ], [ -77.520828707629832, -9.579465403398029 ], [ -77.520771390044004, -9.57940934222394 ], [ -77.520714072476935, -9.579353281035367 ], [ -77.520656754928652, -9.579297219832309 ], [ -77.520654253872991, -9.578958370178855 ], [ -77.520710737660963, -9.578901481517294 ], [ -77.520767221430177, -9.578844592851185 ], [ -77.520823705180604, -9.578787704180526 ], [ -77.520880188912287, -9.578730815505319 ], [ -77.520876854097438, -9.578279016029123 ], [ -77.520933337755835, -9.578222127367622 ], [ -77.520989821395474, -9.578165238701573 ], [ -77.521046305016341, -9.578108350030975 ], [ -77.521102788618421, -9.578051461355827 ], [ -77.521159272201757, -9.577994572676131 ], [ -77.521215755766306, -9.577937683991891 ], [ -77.521272239312097, -9.577880795303097 ], [ -77.521328722839129, -9.577823906609758 ], [ -77.521324554007208, -9.577259157428982 ], [ -77.521381037447355, -9.577202268753924 ], [ -77.52143752086873, -9.577145380074317 ], [ -77.521494004271347, -9.577088491390162 ], [ -77.52155048765519, -9.577031602701462 ], [ -77.521546318808191, -9.576466853591855 ], [ -77.521602802105164, -9.576409964921435 ], [ -77.521659285383379, -9.576353076246473 ], [ -77.521715768642849, -9.576296187566964 ], [ -77.52194336919159, -9.576294532385809 ], [ -77.521999852384454, -9.576237643674443 ], [ -77.52205633555856, -9.57618075495853 ], [ -77.522112818713893, -9.576123866238071 ], [ -77.522111150933611, -9.575897966683138 ], [ -77.522053833944412, -9.575841905611219 ], [ -77.521996516973985, -9.575785844524814 ], [ -77.521995683147111, -9.575672894735396 ], [ -77.521938366219374, -9.575616833629139 ], [ -77.52188104931038, -9.575560772508396 ], [ -77.521880215541628, -9.575447822707428 ], [ -77.521822898675325, -9.575391761566832 ], [ -77.521765581827765, -9.575335700411756 ], [ -77.521764748117121, -9.575222750599234 ], [ -77.521707431312237, -9.575166689424304 ], [ -77.521650114526139, -9.575110628234889 ], [ -77.521592797758785, -9.575054567030993 ], [ -77.52153548101019, -9.574998505812617 ], [ -77.521478164280367, -9.57494244457976 ], [ -77.521420847569317, -9.574886383332419 ], [ -77.521420014012406, -9.574773433486865 ], [ -77.521362697344017, -9.574717372219673 ], [ -77.521305380694386, -9.574661310938001 ], [ -77.521248064063514, -9.574605249641847 ], [ -77.521190747451413, -9.574549188331213 ], [ -77.521185746899903, -9.573871489112079 ], [ -77.521128430449991, -9.573815427754743 ], [ -77.521071114018838, -9.573759366382927 ], [ -77.521068614025438, -9.573420516730264 ], [ -77.521011297684765, -9.573364455327859 ], [ -77.520953981362851, -9.573308393910974 ], [ -77.520896665059695, -9.573252332479612 ], [ -77.520839348775297, -9.573196271033767 ], [ -77.520782032509658, -9.573140209573447 ], [ -77.520724716262777, -9.573084148098648 ], [ -77.520667400034654, -9.573028086609371 ], [ -77.520610083825275, -9.572972025105617 ], [ -77.520552767634683, -9.572915963587384 ], [ -77.520097570504817, -9.572919270820735 ], [ -77.520040254387439, -9.572863209193684 ], [ -77.519982938288805, -9.57280714755216 ], [ -77.51992562220893, -9.572751085896156 ], [ -77.519868306147814, -9.572695024225677 ], [ -77.519810990105455, -9.572638962540722 ], [ -77.519753674081855, -9.572582900841292 ], [ -77.519696358076999, -9.572526839127386 ], [ -77.519694692531175, -9.572300939103654 ], [ -77.519637376592897, -9.572244877364541 ], [ -77.519580060673363, -9.57218881561095 ], [ -77.519573399283814, -9.571285215397943 ], [ -77.519516083574217, -9.571229153586939 ], [ -77.519288485970094, -9.571230806309943 ], [ -77.519231170306483, -9.571174744437307 ], [ -77.519173854661631, -9.5711186825502 ], [ -77.519060055871392, -9.571119508808696 ], [ -77.519002740258898, -9.571063446883532 ], [ -77.518945424665162, -9.571007384943899 ], [ -77.518888109090184, -9.57095132298979 ], [ -77.518830793533951, -9.570895261021214 ], [ -77.518773477996476, -9.570839199038163 ], [ -77.518716162477759, -9.570783137040641 ], [ -77.518658846977786, -9.570727075028646 ], [ -77.518601531496586, -9.570671013002181 ], [ -77.518544216034115, -9.570614950961243 ], [ -77.518486900590418, -9.570558888905838 ], [ -77.518429585165464, -9.570502826835957 ], [ -77.518372269759269, -9.570446764751606 ], [ -77.518314954371832, -9.570390702652787 ], [ -77.518257639003139, -9.570334640539494 ], [ -77.51820032365319, -9.570278578411733 ], [ -77.51819949156841, -9.57016562825512 ], [ -77.518142176261108, -9.570109566107529 ], [ -77.518084860972564, -9.570053503945461 ], [ -77.518141344210477, -9.569996615944746 ], [ -77.518197827429645, -9.569939727939483 ], [ -77.518140512170135, -9.569883665781161 ], [ -77.518083196929382, -9.569827603608365 ], [ -77.518078205046493, -9.569149902577763 ], [ -77.518134688175508, -9.569093014613522 ], [ -77.518191171285778, -9.569036126644738 ], [ -77.518187843460524, -9.568584325978046 ], [ -77.518244326497594, -9.568527438022953 ], [ -77.518300809515935, -9.568470550063315 ], [ -77.518297481746245, -9.568018749420224 ], [ -77.518353964691386, -9.567961861474283 ], [ -77.518410447617782, -9.567904973523794 ], [ -77.51846693052542, -9.567848085568764 ], [ -77.518523413414329, -9.567791197609189 ], [ -77.518522581443165, -9.567678247464645 ], [ -77.518579064299715, -9.567621359505088 ], [ -77.518635547137507, -9.567564471540988 ], [ -77.518692029956554, -9.567507583572343 ], [ -77.518805827577594, -9.567506757743175 ], [ -77.51886231035401, -9.56744986975634 ], [ -77.518918793111681, -9.56739298176497 ], [ -77.518975275850593, -9.567336093769052 ], [ -77.519031758570776, -9.567279205768598 ], [ -77.5190882412722, -9.567222317763598 ], [ -77.519085744981382, -9.56688346746437 ], [ -77.51902843025799, -9.566827405349771 ], [ -77.518971115553356, -9.566771343220704 ], [ -77.518968619498381, -9.566432492882042 ], [ -77.518911304884142, -9.566376430722409 ], [ -77.518853990288662, -9.566320368548306 ], [ -77.518796675711911, -9.566264306359743 ], [ -77.518739361153919, -9.566208244156709 ], [ -77.51879584378581, -9.566151356229147 ], [ -77.518852326398957, -9.566094468297043 ], [ -77.518848998742925, -9.565642667784862 ], [ -77.518905481282914, -9.565585779866465 ], [ -77.518961963804159, -9.565528891943522 ], [ -77.518961131888659, -9.565415941822591 ], [ -77.51901761437756, -9.565359053899671 ], [ -77.519074096847717, -9.565302165972216 ], [ -77.519130579299144, -9.565245278040218 ], [ -77.519187061731813, -9.56518839010368 ], [ -77.519185397822824, -9.564962489895887 ], [ -77.519241880209549, -9.564905601963931 ], [ -77.519298362577544, -9.564848714027439 ], [ -77.519295866709555, -9.564509863737083 ], [ -77.519352349018007, -9.564452975809738 ], [ -77.519408831307729, -9.564396087877855 ], [ -77.519406335450697, -9.56405723760763 ], [ -77.519349021283588, -9.564001175429581 ], [ -77.519291707135238, -9.563945113237068 ], [ -77.519288379660864, -9.563493312822576 ], [ -77.519231065626769, -9.563437250594133 ], [ -77.519173751611433, -9.563381188351224 ], [ -77.519172919816299, -9.563268238234858 ], [ -77.519229401999041, -9.563211350371327 ], [ -77.51928588416304, -9.563154462503258 ], [ -77.519285052351009, -9.563041512395214 ], [ -77.519341534482678, -9.56298462452717 ], [ -77.519398016595616, -9.562927736654588 ], [ -77.519454498689811, -9.56287084877747 ], [ -77.519510980765261, -9.562813960895818 ], [ -77.519567462821996, -9.56275707300963 ], [ -77.519681258786434, -9.562756247299756 ], [ -77.519737740800537, -9.562699359395399 ], [ -77.519736908879736, -9.562586409323846 ], [ -77.519793390861508, -9.562529521419515 ], [ -77.519849872824551, -9.562472633510644 ], [ -77.519848208959402, -9.562246733383384 ], [ -77.519904690876501, -9.562189845479104 ], [ -77.519961172774885, -9.56213295757029 ], [ -77.519959508896491, -9.561907057458063 ], [ -77.520015990748945, -9.561850169553841 ], [ -77.520072472582655, -9.561793281645086 ], [ -77.520069144840576, -9.561341481447485 ], [ -77.520125626601171, -9.561284593552449 ], [ -77.520182108343064, -9.561227705652881 ], [ -77.520238590066214, -9.561170817748778 ], [ -77.520295071770619, -9.56111392984014 ], [ -77.520294239806432, -9.56100097980698 ], [ -77.520350721478522, -9.560944091898376 ], [ -77.520407203131882, -9.560887203985239 ], [ -77.520463684766497, -9.560830316067566 ], [ -77.520520166382383, -9.560773428145364 ], [ -77.520518502376163, -9.560547528113146 ], [ -77.520574983946148, -9.560490640195541 ], [ -77.520631465497388, -9.560433752273397 ], [ -77.52063063348254, -9.560320802265215 ], [ -77.520573319953911, -9.560264740169234 ], [ -77.520516006443998, -9.560208678058787 ], [ -77.520458692952829, -9.560152615933882 ], [ -77.52040137948039, -9.56009655379451 ], [ -77.520400547571327, -9.559983603764046 ], [ -77.520343234141507, -9.559927541604839 ], [ -77.520285920730416, -9.559871479431171 ], [ -77.520228607338041, -9.559815417243041 ], [ -77.52017129396441, -9.559759355040443 ], [ -77.520113980609494, -9.559703292823384 ], [ -77.520056667273323, -9.559647230591862 ], [ -77.520055835517795, -9.559534280528389 ], [ -77.519998522224228, -9.559478218277036 ], [ -77.51994120894939, -9.559422156011221 ], [ -77.519883895693269, -9.559366093730944 ], [ -77.519826582455906, -9.559310031436203 ], [ -77.519825750806135, -9.559197081350458 ], [ -77.519768437611361, -9.55914101903589 ], [ -77.519711124435318, -9.559084956706858 ], [ -77.519653811278005, -9.559028894363365 ], [ -77.519596498139421, -9.558972832005413 ], [ -77.519539185019568, -9.558916769632999 ], [ -77.519481871918444, -9.55886070724612 ], [ -77.519424558836036, -9.558804644844788 ], [ -77.519367245772372, -9.55874858242899 ], [ -77.519309932727438, -9.558692519998731 ], [ -77.519252619701234, -9.558636457554014 ], [ -77.519195306693732, -9.558580395094832 ], [ -77.518284949451257, -9.558586995603925 ], [ -77.518227636571211, -9.558530932941856 ], [ -77.51817032370991, -9.55847487026533 ], [ -77.517942734350854, -9.558476519926577 ], [ -77.517886252476458, -9.558533407448609 ], [ -77.517829770583347, -9.558590294966107 ], [ -77.517488386324501, -9.558592769097338 ], [ -77.517431073539612, -9.558536706270409 ], [ -77.517373760773438, -9.558480643429023 ], [ -77.51731644802598, -9.558424580573178 ], [ -77.51725913529728, -9.558368517702879 ], [ -77.517201822587282, -9.558312454818124 ], [ -77.517144509896028, -9.55825639191891 ], [ -77.51680312578938, -9.558258865291601 ], [ -77.516746643703513, -9.558315752668213 ], [ -77.516690161598916, -9.558372640040288 ], [ -77.516348777256653, -9.558375112996558 ], [ -77.51629146465541, -9.558319049923407 ], [ -77.516234152072883, -9.558262986835802 ], [ -77.515437588438502, -9.558268755436099 ], [ -77.515381106066272, -9.558325642649118 ], [ -77.515324623675326, -9.558382529857594 ], [ -77.515097033877666, -9.558384177639944 ], [ -77.51504055142027, -9.558441064816611 ], [ -77.514984068944145, -9.558497951988739 ], [ -77.514927586449289, -9.558554839156324 ], [ -77.514871103935704, -9.55861172631937 ], [ -77.514757308926036, -9.558612550100232 ], [ -77.5146999964674, -9.558556486708136 ], [ -77.514642684027507, -9.558500423301588 ], [ -77.51452888903475, -9.558501246998176 ], [ -77.514471576627173, -9.558445183553632 ], [ -77.514414264238326, -9.558389120094638 ], [ -77.513845289256693, -9.558393237784394 ], [ -77.513787976954561, -9.558337174193229 ], [ -77.513730664671158, -9.558281110587611 ], [ -77.512820304384661, -9.558287696581104 ], [ -77.512762992228801, -9.558231632772703 ], [ -77.51276216300414, -9.558118682064119 ], [ -77.512704850890856, -9.558062618235914 ], [ -77.512647538796301, -9.558006554393264 ], [ -77.512590226720476, -9.557950490536165 ], [ -77.512532914663367, -9.557894426664619 ], [ -77.512475602624988, -9.557838362778627 ], [ -77.512418290605339, -9.557782298878189 ], [ -77.512417461534085, -9.557669348136695 ], [ -77.512360149557011, -9.55761328421646 ], [ -77.512302837598682, -9.557557220281778 ], [ -77.512245525659068, -9.557501156332648 ], [ -77.512131730788028, -9.557501979159316 ], [ -77.512074418880744, -9.557445915172204 ], [ -77.51206695889654, -9.5564293581808 ], [ -77.512009647222655, -9.556373294131079 ], [ -77.511952335567486, -9.556317230066917 ], [ -77.511949849233716, -9.555978377689877 ], [ -77.511892537668828, -9.55592231359522 ], [ -77.511835226122656, -9.555866249486117 ], [ -77.5117779145952, -9.555810185362574 ], [ -77.511664120244916, -9.555811007892055 ], [ -77.511606808749789, -9.555754943730534 ], [ -77.511549497273393, -9.555698879554569 ], [ -77.511094319878495, -9.555702169112518 ], [ -77.511037836912564, -9.555759055702712 ], [ -77.510981353927903, -9.55581594228836 ], [ -77.510867559505868, -9.555816764557646 ], [ -77.51081024810594, -9.555760700231385 ], [ -77.510752936724742, -9.555704635890685 ], [ -77.510639142319647, -9.55570545807573 ], [ -77.510581830970764, -9.555649393697058 ], [ -77.510524519640612, -9.555593329303942 ], [ -77.510183136445491, -9.555595795494867 ], [ -77.510125825174867, -9.555539731016717 ], [ -77.510068513922945, -9.555483666524131 ], [ -77.509954719531279, -9.555484488466368 ], [ -77.509897408311701, -9.55542842393581 ], [ -77.509840097110839, -9.555372359390811 ], [ -77.509782785928707, -9.555316294831377 ], [ -77.50972547476529, -9.555260230257506 ], [ -77.509497886060032, -9.555261873842229 ], [ -77.509440574942545, -9.555205809206857 ], [ -77.509383263843787, -9.555149744557049 ], [ -77.50926946950301, -9.555150566246597 ], [ -77.509212158436554, -9.555094501558823 ], [ -77.509154847388842, -9.555038436856611 ], [ -77.509097536359846, -9.554982372139966 ], [ -77.509096708630764, -9.554869421091453 ], [ -77.509039397644329, -9.554813356355021 ], [ -77.50898208667661, -9.554757291604155 ], [ -77.508977948423265, -9.554192536296091 ], [ -77.508920637593476, -9.554136471504059 ], [ -77.508863326782404, -9.554080406697597 ], [ -77.508919809997366, -9.554023520434692 ], [ -77.508976293193598, -9.553966634167239 ], [ -77.508969672684515, -9.553063025619727 ], [ -77.508912362093113, -9.553006960774244 ], [ -77.508855051520428, -9.552950895914332 ], [ -77.508854224050538, -9.552837944831589 ], [ -77.508796913520385, -9.552781879951899 ], [ -77.508739603008991, -9.552725815057773 ], [ -77.508737948195261, -9.552499912868502 ], [ -77.508680637750246, -9.552443847949251 ], [ -77.508623327323917, -9.552387783015568 ], [ -77.508622499980106, -9.55227483190904 ], [ -77.508565189596339, -9.552218766955582 ], [ -77.508507879231303, -9.552162701987688 ], [ -77.508506224669688, -9.551936799750845 ], [ -77.50844891437103, -9.551880734757829 ], [ -77.508391604091102, -9.551824669750387 ], [ -77.508389949665769, -9.551598767488953 ], [ -77.508332639452206, -9.551542702456388 ], [ -77.508275329257373, -9.551486637409393 ], [ -77.508274502107724, -9.551373686266782 ], [ -77.508217191955424, -9.551317621200013 ], [ -77.508159881821854, -9.55126155611881 ], [ -77.5081590547301, -9.551148604964713 ], [ -77.508101744639063, -9.551092539863738 ], [ -77.508044434566742, -9.551036474748331 ], [ -77.507987124513136, -9.550980409618489 ], [ -77.507759538345923, -9.550982051337032 ], [ -77.507702228338218, -9.550925986145728 ], [ -77.507644918349229, -9.550869920939997 ], [ -77.507303539103233, -9.550872383098056 ], [ -77.507246229173759, -9.550816317807344 ], [ -77.507188919262987, -9.550760252502203 ], [ -77.506506160657935, -9.550765175533023 ], [ -77.506448850847477, -9.550709110072365 ], [ -77.50639154105572, -9.550653044597274 ], [ -77.506163954826604, -9.550654685216275 ], [ -77.506107471447649, -9.550711571015681 ], [ -77.506050988049992, -9.550768456810532 ], [ -77.505140642343235, -9.550775017582241 ], [ -77.505084158736253, -9.550831903263429 ], [ -77.505027675110554, -9.550888788940066 ], [ -77.50491388180356, -9.550889608842065 ], [ -77.504857398135314, -9.550946494500504 ], [ -77.504800914448367, -9.551003380154388 ], [ -77.504743604794271, -9.55094731435171 ], [ -77.504686295158876, -9.550891248534601 ], [ -77.504231121746884, -9.550894527473844 ], [ -77.504173812184632, -9.550838461548269 ], [ -77.504116502641082, -9.55078239560827 ], [ -77.50400270928975, -9.550783215203181 ], [ -77.50394539977853, -9.550727149225251 ], [ -77.503888090286011, -9.550671083232897 ], [ -77.503830780812223, -9.550615017226121 ], [ -77.503773471357135, -9.550558951204923 ], [ -77.503716161920764, -9.550502885169305 ], [ -77.503658852503108, -9.550446819119268 ], [ -77.503601543104153, -9.550390753054804 ], [ -77.503544233723915, -9.550334686975921 ], [ -77.503487749837831, -9.550391572447998 ], [ -77.503431265933031, -9.550448457915515 ], [ -77.503317472632659, -9.550449277257915 ], [ -77.503260988685327, -9.550506162707235 ], [ -77.503204504719264, -9.550563048152 ], [ -77.5031480207345, -9.550619933592207 ], [ -77.50309153673102, -9.550676819027858 ], [ -77.50275015648279, -9.550679276668419 ], [ -77.502693672389128, -9.550736162058579 ], [ -77.502637188276779, -9.550793047444184 ], [ -77.501840633673325, -9.550798780447456 ], [ -77.501784149375496, -9.55085566573298 ], [ -77.501727665058965, -9.550912551013944 ], [ -77.501671180723733, -9.550969436290348 ], [ -77.501614696369757, -9.551026321562189 ], [ -77.50150090271886, -9.551027140359453 ], [ -77.501443593459356, -9.550971073875022 ], [ -77.501386284218569, -9.550915007376171 ], [ -77.501158696940593, -9.550916644765223 ], [ -77.501102212486259, -9.550973529973385 ], [ -77.50104572801321, -9.551030415176987 ], [ -77.500989243521445, -9.551087300376029 ], [ -77.500932759010965, -9.551144185570509 ], [ -77.500818965261388, -9.55114500415471 ], [ -77.500762480708389, -9.551201889330979 ], [ -77.500705996136659, -9.551258774502687 ], [ -77.500649511546214, -9.551315659669831 ], [ -77.500593026937068, -9.551372544832413 ], [ -77.500536542309192, -9.551429429990437 ], [ -77.500480057662614, -9.551486315143894 ], [ -77.500252469847055, -9.551487952037025 ], [ -77.500195985134113, -9.551544837158618 ], [ -77.500139500402454, -9.551601722275645 ], [ -77.500083015652095, -9.551658607388115 ], [ -77.500026530883005, -9.551715492496015 ], [ -77.499912736864658, -9.551716310832241 ], [ -77.49985625205305, -9.551773195921928 ], [ -77.499799767222711, -9.551830081007047 ], [ -77.499743282373672, -9.551886966087604 ], [ -77.499686797505902, -9.5519438511636 ], [ -77.499630312619416, -9.552000736235026 ], [ -77.499573827714215, -9.552057621301893 ], [ -77.499118650967219, -9.552060893947534 ], [ -77.499061341779239, -9.552004827017456 ], [ -77.499004032609989, -9.551948760072968 ], [ -77.498662650024357, -9.551951214026024 ], [ -77.498605340914665, -9.551895146996614 ], [ -77.498548031823702, -9.55183907995279 ], [ -77.498206649227996, -9.551841533430419 ], [ -77.498149340196591, -9.551785466301677 ], [ -77.498092031183916, -9.551729399158523 ], [ -77.497978236992196, -9.551730216863087 ], [ -77.497920928011851, -9.551674149682022 ], [ -77.497863619050207, -9.551618082486543 ], [ -77.497180853849258, -9.551622987651619 ], [ -77.497124368479732, -9.551679872409057 ], [ -77.497067883091489, -9.551736757161922 ], [ -77.497011397684517, -9.551793641910221 ], [ -77.496954912258829, -9.551850526653947 ], [ -77.496897603377263, -9.551794459266711 ], [ -77.496840294514399, -9.551738391865063 ], [ -77.496726500210571, -9.551739209160896 ], [ -77.496669191380036, -9.551683141721345 ], [ -77.496611882568232, -9.55162707426738 ], [ -77.496554573775143, -9.551571006799009 ], [ -77.496497265000755, -9.551514939316228 ], [ -77.496439956245098, -9.551458871819039 ], [ -77.496439132998404, -9.55134591965008 ], [ -77.496381824285251, -9.551289852133163 ], [ -77.496324515590828, -9.551233784601838 ], [ -77.496320399748228, -9.550669023691819 ], [ -77.496263091191565, -9.550612956119487 ], [ -77.496205782653604, -9.550556888532748 ], [ -77.496204959563258, -9.5504439363377 ], [ -77.496147651067815, -9.550387868731233 ], [ -77.496090342591103, -9.550331801110358 ], [ -77.496089519558552, -9.550218848903873 ], [ -77.496032211124358, -9.550162781263273 ], [ -77.495974902708852, -9.550106713608269 ], [ -77.49591759431209, -9.550050645938859 ], [ -77.495860285934015, -9.549994578255044 ], [ -77.49580297757467, -9.549938510556821 ], [ -77.495745669234026, -9.549882442844194 ], [ -77.495688360912112, -9.549826375117158 ], [ -77.495574567142683, -9.549827191874236 ], [ -77.495517258853084, -9.549771124109304 ], [ -77.495459950582216, -9.549715056329966 ], [ -77.495402642330035, -9.549658988536232 ], [ -77.495345334096584, -9.549602920728082 ], [ -77.495288025881834, -9.549546852905534 ], [ -77.4952307176858, -9.54949078506858 ], [ -77.495173409508467, -9.549434717217224 ], [ -77.495116101349865, -9.549378649351461 ], [ -77.495002307679229, -9.549379465883463 ], [ -77.494944999552942, -9.549323397979807 ], [ -77.494887691445371, -9.549267330061749 ], [ -77.494091135656546, -9.549273044416749 ], [ -77.494034649930299, -9.549329928710559 ], [ -77.49397816418535, -9.54938681299979 ], [ -77.493864370412922, -9.549387629160311 ], [ -77.493807884625468, -9.549444513431311 ], [ -77.493751398819299, -9.549501397697737 ], [ -77.49363760498909, -9.549502213793783 ], [ -77.493580297002467, -9.549446145613583 ], [ -77.493522989034574, -9.54939007741898 ], [ -77.4932954013981, -9.549391709405686 ], [ -77.493238093476165, -9.549335641149705 ], [ -77.493180785572932, -9.549279572879326 ], [ -77.49261181643999, -9.549283651961142 ], [ -77.492555330404372, -9.549340536077352 ], [ -77.492498844350038, -9.549397420188988 ], [ -77.491588492827688, -9.549403944569589 ], [ -77.49153200656427, -9.549460828567337 ], [ -77.491475520282151, -9.549517712560503 ], [ -77.491419033981316, -9.549574596549094 ], [ -77.491362547661765, -9.549631480533106 ], [ -77.491306061323513, -9.549688364512541 ], [ -77.491306882733312, -9.549801317135772 ], [ -77.491250396362702, -9.54985820111513 ], [ -77.491193909973404, -9.549915085089918 ], [ -77.491137423565377, -9.549971969060119 ], [ -77.491080937138634, -9.550028853025742 ], [ -77.491024450693175, -9.550085736986782 ], [ -77.490967964229014, -9.550142620943246 ], [ -77.490968785567205, -9.550255573592722 ], [ -77.4909122990707, -9.55031245754911 ], [ -77.490115738432095, -9.55031816342122 ], [ -77.49005925175031, -9.550375047277347 ], [ -77.490002765049809, -9.550431931128893 ], [ -77.489433792622293, -9.550436005500563 ], [ -77.489376484949574, -9.550379936493917 ], [ -77.489319177295556, -9.550323867472875 ], [ -77.489205382806858, -9.550324682188791 ], [ -77.489148075185184, -9.550268613129877 ], [ -77.48909076758224, -9.550212544056571 ], [ -77.489033459998026, -9.550156474968873 ], [ -77.4889761524325, -9.550100405866779 ], [ -77.488862357988168, -9.550101220451618 ], [ -77.488805050454999, -9.550045151311657 ], [ -77.488747742940532, -9.549989082157303 ], [ -77.488690435444795, -9.549933012988555 ], [ -77.488633127967759, -9.549876943805415 ], [ -77.488405539157696, -9.54987857267581 ], [ -77.488348231726647, -9.549822503431319 ], [ -77.488290924314313, -9.549766434172442 ], [ -77.487949541104882, -9.549768877058538 ], [ -77.487893054039219, -9.549825760632389 ], [ -77.487836566954854, -9.549882644201658 ], [ -77.487153799976397, -9.549887528806709 ], [ -77.487096492695358, -9.549831459303974 ], [ -77.487039185433034, -9.549775389786847 ], [ -77.486925390928363, -9.54977620371071 ], [ -77.486868083698383, -9.549720134155724 ], [ -77.486810776487104, -9.549664064586345 ], [ -77.486753469294555, -9.549607995002583 ], [ -77.486696162120694, -9.549551925404431 ], [ -77.486638854965562, -9.549495855791895 ], [ -77.486581547829147, -9.549439786164969 ], [ -77.486524240711432, -9.549383716523653 ], [ -77.486466933612434, -9.549327646867956 ], [ -77.486409626532151, -9.549271577197867 ], [ -77.486352319470583, -9.549215507513393 ], [ -77.486295012427703, -9.549159437814536 ], [ -77.486237705403568, -9.549103368101289 ], [ -77.486180398398119, -9.549047298373656 ], [ -77.486123091411386, -9.548991228631637 ], [ -77.48600929708752, -9.54899204218972 ], [ -77.485952809712956, -9.549048925499617 ], [ -77.485896322319689, -9.549105808804923 ], [ -77.485839834907694, -9.549162692105639 ], [ -77.485783347476996, -9.54921957540177 ], [ -77.485555758608555, -9.549221202297081 ], [ -77.485498451661172, -9.549165132433917 ], [ -77.485441144732476, -9.549109062556367 ], [ -77.485383837822525, -9.549052992664427 ], [ -77.48532653093126, -9.548996922758111 ], [ -77.485212736536383, -9.54899773605616 ], [ -77.485155429677491, -9.548941666111988 ], [ -77.485098122837286, -9.548885596153431 ], [ -77.484642945265492, -9.548888848786396 ], [ -77.484585638498572, -9.548832778719575 ], [ -77.484528331750354, -9.548776708638371 ], [ -77.484300742958197, -9.548778334638097 ], [ -77.484243436255966, -9.548722264495575 ], [ -77.484186129572464, -9.548666194338672 ], [ -77.483958540794305, -9.548667820095941 ], [ -77.483901234156789, -9.548611749877718 ], [ -77.48384392753799, -9.548555679645117 ], [ -77.483786620937906, -9.548499609398139 ], [ -77.483785802119797, -9.548386656118305 ], [ -77.48372849556219, -9.548330585851652 ], [ -77.483671189023298, -9.548274515570613 ], [ -77.483613882503107, -9.548218445275195 ], [ -77.483556576001632, -9.548162374965399 ], [ -77.483554938586025, -9.547936468360977 ], [ -77.483497632150801, -9.547880398026212 ], [ -77.483440325734293, -9.547824327677066 ], [ -77.483439507089258, -9.547711374363065 ], [ -77.483382200715226, -9.547655303994247 ], [ -77.483324894359924, -9.54759923361105 ], [ -77.483315071980357, -9.546243793653515 ], [ -77.483257765929054, -9.546187723192416 ], [ -77.483200459896437, -9.546131652716943 ], [ -77.483143153882523, -9.546075582227088 ], [ -77.483085847887324, -9.546019511722857 ], [ -77.483028541910826, -9.545963441204252 ], [ -77.482914748323438, -9.545964253495161 ], [ -77.482857442379284, -9.545908182938719 ], [ -77.482800136453847, -9.545852112367896 ], [ -77.482686342883596, -9.545852924574751 ], [ -77.482629036990488, -9.545796853966099 ], [ -77.482571731116096, -9.545740783343064 ], [ -77.482116556842939, -9.545744031611457 ], [ -77.482059251041804, -9.545687960880217 ], [ -77.48200194525937, -9.545631890134604 ], [ -77.481660564530003, -9.545634325805239 ], [ -77.481603258807198, -9.545578254974876 ], [ -77.48154595310308, -9.545522184130144 ], [ -77.480863191534624, -9.545527054187302 ], [ -77.480805885931076, -9.545470983187462 ], [ -77.480748580346244, -9.545414912173248 ], [ -77.480179612230543, -9.545418969298478 ], [ -77.480123124080023, -9.545475851767065 ], [ -77.480066635910802, -9.545532734231054 ], [ -77.479839048498619, -9.545534356766487 ], [ -77.47978256026316, -9.545591239198517 ], [ -77.479726072009001, -9.545648121625948 ], [ -77.478929515414933, -9.545653799138689 ], [ -77.478872210019574, -9.545597727745426 ], [ -77.478814904642917, -9.545541656337791 ], [ -77.477790759967888, -9.545548952901203 ], [ -77.477733454732771, -9.545492881268153 ], [ -77.477676149516356, -9.545436809620735 ], [ -77.477562355640316, -9.545437620117431 ], [ -77.477505050456259, -9.545381548432196 ], [ -77.477447745290903, -9.5453254767326 ], [ -77.477220157563082, -9.545327097520799 ], [ -77.477162852443726, -9.545271025759938 ], [ -77.477105547343072, -9.545214953984717 ], [ -77.476650371875323, -9.545218194927928 ], [ -77.476593066847983, -9.545162123044554 ], [ -77.47653576183933, -9.545106051146814 ], [ -77.476479272969428, -9.545162933164077 ], [ -77.47642278408081, -9.545219815176733 ], [ -77.476081402313255, -9.545222245271443 ], [ -77.476024913334655, -9.545279127238434 ], [ -77.475968424337367, -9.545336009200822 ], [ -77.475911935321363, -9.545392891158604 ], [ -77.475855446286673, -9.545449773111779 ], [ -77.475798141307365, -9.545393701074838 ], [ -77.475796509485903, -9.545167793101417 ], [ -77.475739204572818, -9.545111721039561 ], [ -77.475511616691449, -9.545113340674719 ], [ -77.475454311824379, -9.545057268551608 ], [ -77.47539700697601, -9.545001196414141 ], [ -77.475169419108852, -9.54500281580699 ], [ -77.475112114306484, -9.544946743608277 ], [ -77.475054809522831, -9.5448906713952 ], [ -77.47499750475788, -9.544834599167762 ], [ -77.474940200011631, -9.544778526925965 ], [ -77.474882895284082, -9.54472245466981 ], [ -77.474825590575236, -9.544666382399294 ], [ -77.474768285885105, -9.54461031011442 ], [ -77.474710981213661, -9.544554237815184 ], [ -77.474597187374144, -9.544555047268371 ], [ -77.474539882735073, -9.544498974931336 ], [ -77.474482578114689, -9.544442902579945 ], [ -77.474368784292395, -9.544443711949119 ], [ -77.474311479704369, -9.544387639559925 ], [ -77.474254175135044, -9.544331567156378 ], [ -77.474196870584436, -9.54427549473847 ], [ -77.474139566052514, -9.544219422306202 ], [ -77.474082261539294, -9.544163349859581 ], [ -77.474024957044776, -9.5441072773986 ], [ -77.473911163294304, -9.544108086590004 ], [ -77.473853858832143, -9.544052014091228 ], [ -77.473796554388699, -9.543995941578093 ], [ -77.473682760655436, -9.543996750685492 ], [ -77.473625456244335, -9.543940678134561 ], [ -77.473568151851936, -9.543884605569282 ], [ -77.473454358135896, -9.543885414592671 ], [ -77.473397053775855, -9.543829341989593 ], [ -77.473339749434501, -9.543773269372158 ], [ -77.473282445111863, -9.543717196740369 ], [ -77.473225140807926, -9.543661124094221 ], [ -77.473167836522677, -9.543605051433724 ], [ -77.473110532256143, -9.543548978758867 ], [ -77.473053228008311, -9.543492906069659 ], [ -77.472995923779166, -9.543436833366092 ], [ -77.472938619568723, -9.543380760648173 ], [ -77.472881315376995, -9.543324687915904 ], [ -77.472824011203954, -9.543268615169275 ], [ -77.472766707049615, -9.543212542408291 ], [ -77.472709402913978, -9.543156469632958 ], [ -77.472652098797042, -9.54310039684327 ], [ -77.470831401027056, -9.543113330918711 ], [ -77.470774097147327, -9.54305725773974 ], [ -77.4707167932863, -9.543001184546421 ], [ -77.470147824840353, -9.543005224261595 ], [ -77.470091334900005, -9.543062105427154 ], [ -77.47003484494094, -9.543118986588096 ], [ -77.469807257397051, -9.543120602159506 ], [ -77.469750767371806, -9.543177483288444 ], [ -77.469694277327875, -9.543234364412763 ], [ -77.469637787265256, -9.543291245532474 ], [ -77.469581297183922, -9.543348126647562 ], [ -77.469524807083886, -9.543405007758036 ], [ -77.469468316965163, -9.543461888863895 ], [ -77.469240729096086, -9.54346350412243 ], [ -77.469184238911168, -9.543520385196279 ], [ -77.469127748707564, -9.543577266265508 ], [ -77.469071258485243, -9.543634147330122 ], [ -77.469014768244222, -9.543691028390116 ], [ -77.468559592005349, -9.543694258242471 ], [ -77.468502288280149, -9.543638184621241 ], [ -77.468444984573651, -9.543582110985668 ], [ -77.468387680885854, -9.543526037335743 ], [ -77.468330377216759, -9.543469963671477 ], [ -77.468273073566365, -9.543413889992866 ], [ -77.468215769934659, -9.543357816299908 ], [ -77.468101975931745, -9.543358623529613 ], [ -77.468045485523135, -9.543415504461999 ], [ -77.467988995095808, -9.543472385389768 ], [ -77.467078642330165, -9.5434788416716 ], [ -77.467022151694266, -9.543535722485135 ], [ -77.466965661039666, -9.543592603294051 ], [ -77.466738072652632, -9.543594216938422 ], [ -77.466680769169827, -9.543538142937111 ], [ -77.466623465705737, -9.543482068921456 ], [ -77.465826906225445, -9.543487715179287 ], [ -77.465770415328464, -9.543544595842075 ], [ -77.465713924412796, -9.543601476500244 ], [ -77.46514495281626, -9.543605508290659 ], [ -77.465087649524847, -9.543549433961427 ], [ -77.465030346252107, -9.543493359617857 ], [ -77.463437224826933, -9.543504643037199 ], [ -77.463380733431649, -9.543561523412125 ], [ -77.463324242017649, -9.543618403782425 ], [ -77.463096652986835, -9.543620015050582 ], [ -77.463040161506697, -9.543676895388826 ], [ -77.462983670007844, -9.543733775722444 ], [ -77.462869875429902, -9.543734581273409 ], [ -77.46281338388863, -9.543791461588686 ], [ -77.462756892328642, -9.543848341899334 ], [ -77.461277561284277, -9.543858810326556 ], [ -77.461221069397169, -9.543915690454297 ], [ -77.46116457749136, -9.543972570577401 ], [ -77.460823193020772, -9.543974985394891 ], [ -77.460766701025079, -9.544031865472215 ], [ -77.460710209010685, -9.544088745544906 ], [ -77.459686054629714, -9.544095987745427 ], [ -77.459629562383128, -9.544152867690023 ], [ -77.459573070117827, -9.544209747629983 ], [ -77.459459275088975, -9.544210552105836 ], [ -77.459402782781254, -9.544267432027439 ], [ -77.459346290454846, -9.544324311944406 ], [ -77.459118700272143, -9.544325920729838 ], [ -77.459062207879569, -9.544382800614729 ], [ -77.459005715468322, -9.544439680494978 ], [ -77.458891920314471, -9.544440484804555 ], [ -77.458835427860777, -9.544497364666451 ], [ -77.458778935388395, -9.544554244523702 ], [ -77.458665140177075, -9.544555048768707 ], [ -77.45860864766226, -9.544611928607596 ], [ -77.458552155128729, -9.544668808441854 ], [ -77.458438359859954, -9.544669612622279 ], [ -77.458381867284004, -9.544726492438171 ], [ -77.458325374689366, -9.544783372249427 ], [ -77.458211579363095, -9.544784176365273 ], [ -77.458155086726023, -9.544841056158164 ], [ -77.45809859407025, -9.544897935946414 ], [ -77.457871003292752, -9.544899544011813 ], [ -77.457814510570827, -9.544956423767976 ], [ -77.457758017830201, -9.5450133035195 ], [ -77.457701525070888, -9.545070183266382 ], [ -77.457645032292845, -9.545127063008625 ], [ -77.457588539496129, -9.545183942746224 ], [ -77.457532046680683, -9.545240822479181 ], [ -77.45741825113457, -9.545241626373832 ], [ -77.457361758276704, -9.545298506088423 ], [ -77.457305265400137, -9.545355385798372 ], [ -77.457248772504869, -9.545412265503678 ], [ -77.457192279590885, -9.545469145204347 ], [ -77.457135786658199, -9.545526024900369 ], [ -77.457079293706812, -9.54558290459175 ], [ -77.457022800736709, -9.545639784278487 ], [ -77.456966307747919, -9.545696663960582 ], [ -77.456909814740399, -9.545753543638035 ], [ -77.456853321714192, -9.545810423310845 ], [ -77.456796828669269, -9.545867302979012 ], [ -77.456740335605645, -9.54592418264253 ], [ -77.456683842523319, -9.545981062301408 ], [ -77.45668465220443, -9.546094017916497 ], [ -77.456628159089689, -9.546150897575171 ], [ -77.456571665956247, -9.546207777229203 ], [ -77.456574094977583, -9.546546644096304 ], [ -77.456517601784341, -9.546603523759016 ], [ -77.456461108572398, -9.546660403417079 ], [ -77.456404615341754, -9.546717283070498 ], [ -77.456348122092407, -9.54677416271927 ], [ -77.456291628824331, -9.546831042363399 ], [ -77.456235135537554, -9.546887922002883 ], [ -77.456235945149217, -9.547000877650294 ], [ -77.456179451830039, -9.547057757289569 ], [ -77.455951859289939, -9.547059364460196 ], [ -77.45589536590461, -9.547116244067364 ], [ -77.455838872500564, -9.547173123669886 ], [ -77.455725076168065, -9.547173927172016 ], [ -77.4556685827216, -9.54723080675616 ], [ -77.455612089256419, -9.547287686335652 ], [ -77.455270700056417, -9.547290096536791 ], [ -77.455214206501367, -9.547346976070436 ], [ -77.455215015816336, -9.547459931801749 ], [ -77.455158522228885, -9.547516811335182 ], [ -77.454817132684127, -9.547519221148644 ], [ -77.454760639006821, -9.547576100636222 ], [ -77.454704145310799, -9.547632980119154 ], [ -77.454248958921127, -9.547636192573851 ], [ -77.454192465111518, -9.547693071997184 ], [ -77.454135971283208, -9.54774995141587 ], [ -77.453453191113638, -9.547754768818697 ], [ -77.453396697124305, -9.547811648150304 ], [ -77.453340203116255, -9.547868527477254 ], [ -77.45328370908949, -9.547925406799557 ], [ -77.453284517818417, -9.548038362691292 ], [ -77.453228023759237, -9.548095242013376 ], [ -77.452886633142427, -9.548097650077445 ], [ -77.452829330404171, -9.548041573424053 ], [ -77.452772027684617, -9.547985496756336 ], [ -77.452658230819736, -9.54798629932325 ], [ -77.452600928132597, -9.547930222617813 ], [ -77.452543625464187, -9.547874145898053 ], [ -77.452429828616715, -9.547874948381008 ], [ -77.452373334400235, -9.547931827593391 ], [ -77.452316840165054, -9.547988706801114 ], [ -77.451861652485348, -9.547991916251542 ], [ -77.45180515813658, -9.548048795399644 ], [ -77.451748663769123, -9.548105674543093 ], [ -77.451692169382952, -9.548162553681884 ], [ -77.451635674978064, -9.548219432816021 ], [ -77.451521877938248, -9.548220235030787 ], [ -77.451465383490955, -9.548277114146524 ], [ -77.451408889024918, -9.548333993257604 ], [ -77.451181294820472, -9.548335597520715 ], [ -77.451124800288284, -9.54839247659965 ], [ -77.451068305737408, -9.548449355673929 ], [ -77.451011003147343, -9.548393278661742 ], [ -77.450953700575994, -9.548337201635237 ], [ -77.450897205996398, -9.54839408068668 ], [ -77.450840711398087, -9.548450959733469 ], [ -77.450783408835434, -9.548394882674476 ], [ -77.450726106291512, -9.54833880560116 ], [ -77.450668803766277, -9.548282728513534 ], [ -77.450667187999869, -9.548056816287971 ], [ -77.450609885540786, -9.548000739175571 ], [ -77.450040900165916, -9.548004748109692 ], [ -77.44998440543776, -9.548061627037887 ], [ -77.449927910690903, -9.548118505961423 ], [ -77.449814113538508, -9.548119307609314 ], [ -77.449756811170403, -9.548063230324011 ], [ -77.449699508820999, -9.548007153024397 ], [ -77.44964220649031, -9.547951075710468 ], [ -77.449641398968907, -9.547838119508789 ], [ -77.449584096680638, -9.547782042175323 ], [ -77.449526794411085, -9.547725964827539 ], [ -77.449469492160247, -9.547669887465446 ], [ -77.449014303929488, -9.547673093085319 ], [ -77.448957001752206, -9.547617015615314 ], [ -77.448899699593639, -9.547560938130999 ], [ -77.448842397453774, -9.547504860632374 ], [ -77.448785095332624, -9.547448783119435 ], [ -77.448727793230177, -9.547392705592188 ], [ -77.448670491146444, -9.547336628050626 ], [ -77.448613189081428, -9.547280550494756 ], [ -77.448555887035099, -9.547224472924574 ], [ -77.448498585007499, -9.547168395340082 ], [ -77.448441282998601, -9.547112317741281 ], [ -77.447986095156494, -9.547115521830923 ], [ -77.447929600111323, -9.547172400476256 ], [ -77.447873105047435, -9.547229279116928 ], [ -77.447759308014525, -9.547230080018981 ], [ -77.44770200608292, -9.547174002270717 ], [ -77.447644704170031, -9.547117924508143 ], [ -77.447587402275843, -9.547061846731262 ], [ -77.447530100400357, -9.547005768940069 ], [ -77.4474727985436, -9.546949691134571 ], [ -77.447415496705545, -9.546893613314763 ], [ -77.447358194886192, -9.546837535480647 ], [ -77.44730089308554, -9.546781457632225 ], [ -77.447243591303604, -9.546725379769491 ], [ -77.447186289540397, -9.546669301892452 ], [ -77.446617304911797, -9.546673304675862 ], [ -77.446560809637049, -9.546730183138513 ], [ -77.446504314343599, -9.546787061596495 ], [ -77.44604912627139, -9.546790263044651 ], [ -77.445991824640345, -9.546734184924603 ], [ -77.445934523028001, -9.54667810679025 ], [ -77.445820726012428, -9.546678907012648 ], [ -77.445763424432513, -9.546622828840601 ], [ -77.4457061228713, -9.546566750654245 ], [ -77.445137137780932, -9.546570750975206 ], [ -77.445079836307016, -9.546514672657601 ], [ -77.445022534851816, -9.546458594325692 ], [ -77.444965233415331, -9.546402515979485 ], [ -77.444964427567896, -9.546289559371187 ], [ -77.444907126173817, -9.54623348100546 ], [ -77.444849824798425, -9.546177402625426 ], [ -77.444792523441762, -9.546121324231089 ], [ -77.444735222103802, -9.546065245822451 ], [ -77.444677920784542, -9.546009167399509 ], [ -77.444620619483999, -9.545953088962271 ], [ -77.444563318202142, -9.545897010510728 ], [ -77.444449521328735, -9.54589781021998 ], [ -77.444392220079322, -9.545841731730748 ], [ -77.444391414468853, -9.545728775070289 ], [ -77.444334113261831, -9.545672696561539 ], [ -77.444276812073525, -9.545616618038492 ], [ -77.44427439544414, -9.545277748021025 ], [ -77.444217094345618, -9.545221669468027 ], [ -77.444103297666757, -9.545222469008069 ], [ -77.444045996600664, -9.545166390417389 ], [ -77.443988695553273, -9.545110311812408 ], [ -77.443931394524583, -9.545054233193127 ], [ -77.443874093514594, -9.544998154559547 ], [ -77.443816792523322, -9.544942075911667 ], [ -77.44375949155075, -9.544885997249491 ], [ -77.443702190596881, -9.544829918573013 ], [ -77.443644889661712, -9.544773839882238 ], [ -77.44358758874526, -9.544717761177164 ], [ -77.443530287847508, -9.544661682457789 ], [ -77.443472986968459, -9.54460560372412 ], [ -77.443415686108111, -9.544549524976151 ], [ -77.443301889583907, -9.544550324198459 ], [ -77.443244588755988, -9.54449424541281 ], [ -77.44318728794677, -9.544438166612865 ], [ -77.443129987156254, -9.544382087798624 ], [ -77.443072686384454, -9.544326008970081 ], [ -77.442958889905157, -9.544326808061733 ], [ -77.442901589165771, -9.544270729195514 ], [ -77.442844288445073, -9.544214650314998 ], [ -77.442786987743105, -9.544158571420187 ], [ -77.442729687059824, -9.544102492511083 ], [ -77.442672386395259, -9.544046413587678 ], [ -77.442615085749381, -9.543990334649983 ], [ -77.442557785122233, -9.543934255697986 ], [ -77.442500484513758, -9.543878176731695 ], [ -77.442443183923999, -9.543822097751114 ], [ -77.442385883352941, -9.54376601875623 ], [ -77.441930697884871, -9.543769213816336 ], [ -77.441873397387383, -9.543713134713649 ], [ -77.441816096908624, -9.543657055596666 ], [ -77.441758796448553, -9.543600976465392 ], [ -77.441701496007184, -9.543544897319826 ], [ -77.441360106966144, -9.543547292944504 ], [ -77.441302806584631, -9.543491213714514 ], [ -77.441245506221833, -9.543435134470231 ], [ -77.441188205877737, -9.543379055211656 ], [ -77.441130905552328, -9.543322975938789 ], [ -77.441073605245649, -9.543266896651629 ], [ -77.441016304957657, -9.543210817350179 ], [ -77.440788712378463, -9.543212413967145 ], [ -77.440732216320754, -9.543269291591507 ], [ -77.440675720244343, -9.543326169211197 ], [ -77.440448127530587, -9.543327765624623 ], [ -77.44039163138811, -9.543384643212129 ], [ -77.440335135226931, -9.543441520794959 ], [ -77.439083374068346, -9.543450298111333 ], [ -77.439026877627981, -9.543507175538153 ], [ -77.438970381168929, -9.543564052960296 ], [ -77.438515194805021, -9.543567243487711 ], [ -77.438458698232523, -9.543624120850135 ], [ -77.438402201641352, -9.543680998207885 ], [ -77.438345705031452, -9.543737875560954 ], [ -77.438289208402878, -9.543794752909347 ], [ -77.437834021500905, -9.543797942622481 ], [ -77.437776721497514, -9.543741862678351 ], [ -77.437719421512824, -9.543685782719937 ], [ -77.437662121546836, -9.543629702747236 ], [ -77.437604821599578, -9.543573622760251 ], [ -77.437547521670993, -9.543517542758975 ], [ -77.437490221761109, -9.543461462743421 ], [ -77.437262628415183, -9.543463057096771 ], [ -77.437205328551471, -9.543406977020192 ], [ -77.437148028706446, -9.543350896929329 ], [ -77.436806638695344, -9.54335328804067 ], [ -77.436749338910218, -9.54329720786542 ], [ -77.436692039143821, -9.54324112767589 ], [ -77.436634739396098, -9.543185047472072 ], [ -77.436577439667076, -9.543128967253974 ], [ -77.43652013995677, -9.543072887021593 ], [ -77.43646284026515, -9.543016806774929 ], [ -77.436235247039463, -9.543018400383113 ], [ -77.436177947394015, -9.542962320075436 ], [ -77.436120647767268, -9.542906239753476 ], [ -77.435893054556729, -9.542907833119683 ], [ -77.435835754976139, -9.542851752736713 ], [ -77.435778455414265, -9.542795672339462 ], [ -77.435721155871079, -9.542739591927932 ], [ -77.435663856346594, -9.542683511502117 ], [ -77.434867280181123, -9.542689086460129 ], [ -77.434809980771462, -9.542633005856501 ], [ -77.434752681380516, -9.542576925238592 ], [ -77.434183698244411, -9.542580906004007 ], [ -77.434126398940819, -9.542524825255017 ], [ -77.434069099655943, -9.542468744491748 ], [ -77.434011800389754, -9.542412663714199 ], [ -77.433954501142267, -9.542356582922373 ], [ -77.433613111306229, -9.542358970655782 ], [ -77.433555812118655, -9.542302889779601 ], [ -77.433498512949768, -9.542246808889146 ], [ -77.433441213799583, -9.542190727984417 ], [ -77.433383914668099, -9.542134647065408 ], [ -77.433326615555316, -9.542078566132126 ], [ -77.433269316461235, -9.542022485184569 ], [ -77.433155519911779, -9.542023280881304 ], [ -77.433098220850127, -9.541967199896112 ], [ -77.433040921807176, -9.541911118896646 ], [ -77.432813328733403, -9.54191271008531 ], [ -77.432756831183369, -9.54196958669349 ], [ -77.432700333614619, -9.542026463296981 ], [ -77.432643836027182, -9.542083339895788 ], [ -77.43258733842103, -9.542140216489909 ], [ -77.43253084079619, -9.542197093079338 ], [ -77.432531642197901, -9.542310050764751 ], [ -77.432475144540618, -9.542366927353886 ], [ -77.432418646864647, -9.542423803938334 ], [ -77.432420249642902, -9.542649719324341 ], [ -77.432363751920761, -9.54270659591289 ], [ -77.432307254179904, -9.54276347249675 ], [ -77.432308055556433, -9.542876430197344 ], [ -77.432251557783133, -9.542933306780908 ], [ -77.432137760845123, -9.542934102220192 ], [ -77.43208126302946, -9.542990978785292 ], [ -77.432024765195095, -9.543047855345707 ], [ -77.431114388955024, -9.543054217302945 ], [ -77.431057890912655, -9.543111093748479 ], [ -77.43100139285157, -9.54316797018932 ], [ -77.429522029492205, -9.543178302943423 ], [ -77.429465531104825, -9.543235179200476 ], [ -77.429409032698757, -9.543292055452836 ], [ -77.429352534273988, -9.543348931700498 ], [ -77.429296035830504, -9.543405807943467 ], [ -77.429239537368332, -9.543462684181739 ], [ -77.429183038887459, -9.543519560415314 ], [ -77.428955444091812, -9.543521149347491 ], [ -77.428898945544915, -9.543578025548809 ], [ -77.428842446979303, -9.543634901745435 ], [ -77.428785948394989, -9.543691777937362 ], [ -77.428729449791987, -9.543748654124592 ], [ -77.428388057240298, -9.543751037079 ], [ -77.42833075840089, -9.543694955190761 ], [ -77.428273459580183, -9.543638873288256 ], [ -77.428159662070627, -9.543639667485419 ], [ -77.428102363282377, -9.543583585545298 ], [ -77.42804506451283, -9.543527503590905 ], [ -77.427987765761983, -9.543471421622248 ], [ -77.427930467029839, -9.543415339639324 ], [ -77.42787316831641, -9.543359257642134 ], [ -77.427815869621668, -9.543303175630676 ], [ -77.427758570945642, -9.543247093604954 ], [ -77.427701272288303, -9.543191011564964 ], [ -77.42764397364968, -9.54313492951071 ], [ -77.427586675029744, -9.543078847442191 ], [ -77.427529376428524, -9.543022765359401 ], [ -77.427472077846005, -9.54296668326235 ], [ -77.427414779282174, -9.542910601151034 ], [ -77.427357480737058, -9.542854519025454 ], [ -77.427300182210644, -9.542798436885606 ], [ -77.427242883702931, -9.542742354731496 ], [ -77.426901491774771, -9.542744735979461 ], [ -77.426844193327014, -9.542688653741044 ], [ -77.426786894897944, -9.542632571488369 ], [ -77.42672959648759, -9.542576489221426 ], [ -77.426672298095923, -9.54252040694022 ], [ -77.426614999722972, -9.542464324644751 ], [ -77.426557701368708, -9.542408242335016 ], [ -77.426500403033145, -9.542352160011022 ], [ -77.426443104716284, -9.542296077672768 ], [ -77.426385806418125, -9.542239995320246 ], [ -77.426385007045951, -9.542127037117025 ], [ -77.426327708790154, -9.542070954745064 ], [ -77.426270410553045, -9.542014872358841 ], [ -77.426213112334636, -9.541958789958356 ], [ -77.425985518071158, -9.541960376691952 ], [ -77.42592821989895, -9.541904294230516 ], [ -77.425870921745442, -9.54184821175482 ], [ -77.425643327497355, -9.541849798246538 ], [ -77.425586029390047, -9.5417937157099 ], [ -77.425528731301441, -9.541737633158998 ], [ -77.425301137068772, -9.541739219408846 ], [ -77.425243839026351, -9.541683136797003 ], [ -77.425186541002645, -9.541627054170895 ], [ -77.425072743898966, -9.541627847193451 ], [ -77.425015445907718, -9.541571764529746 ], [ -77.424958147935158, -9.541515681851783 ], [ -77.424730553753108, -9.541517267692155 ], [ -77.424673255826761, -9.541461184953253 ], [ -77.424615957919102, -9.541405102200091 ], [ -77.424502160840731, -9.541405895017911 ], [ -77.42444486296553, -9.541349812227152 ], [ -77.424387565109015, -9.541293729422135 ], [ -77.42433026727123, -9.541237646602864 ], [ -77.424272969452119, -9.541181563769333 ], [ -77.424215671651709, -9.541125480921547 ], [ -77.424158373869986, -9.541069398059504 ], [ -77.424044576864247, -9.541070190700168 ], [ -77.423987279114996, -9.54101410780053 ], [ -77.423929981384433, -9.540958024886637 ], [ -77.423872683672556, -9.540901941958483 ], [ -77.423815385979381, -9.540845859016075 ], [ -77.423758088304922, -9.540789776059412 ], [ -77.42370079064915, -9.540733693088496 ], [ -77.423643493012079, -9.540677610103321 ], [ -77.423586195393696, -9.540621527103893 ], [ -77.423472398488073, -9.54062231952074 ], [ -77.423415100902147, -9.540566236483718 ], [ -77.423357803334923, -9.540510153432443 ], [ -77.423300505786401, -9.540454070366916 ], [ -77.423243208256551, -9.540397987287129 ], [ -77.423185910745417, -9.540341904193092 ], [ -77.42312861325297, -9.540285821084799 ], [ -77.422901019577111, -9.54028740552711 ], [ -77.422843722130864, -9.540231322357895 ], [ -77.422786424703332, -9.540175239174426 ], [ -77.422729127294488, -9.540119155976708 ], [ -77.422671829904331, -9.540063072764733 ], [ -77.422558033106597, -9.540063864836876 ], [ -77.422500735748883, -9.540007781587315 ], [ -77.422443438409886, -9.539951698323502 ], [ -77.422215844839741, -9.539953282263101 ], [ -77.422158547546942, -9.539897198938371 ], [ -77.422101250272831, -9.539841115599392 ], [ -77.422043953017422, -9.53978503224616 ], [ -77.421986655780699, -9.539728948878675 ], [ -77.42187285903583, -9.539729740699471 ], [ -77.421815561831565, -9.539673657294404 ], [ -77.421758264645987, -9.539617573875088 ], [ -77.421700967479126, -9.539561490441523 ], [ -77.421643670330951, -9.539505406993705 ], [ -77.421416076921574, -9.539506990337298 ], [ -77.421358779819599, -9.539450906828574 ], [ -77.421301482736311, -9.539394823305598 ], [ -77.421244185671739, -9.539338739768372 ], [ -77.421186888625854, -9.539282656216894 ], [ -77.420959295286977, -9.539284239225388 ], [ -77.420901998287292, -9.539228155613007 ], [ -77.420844701306308, -9.53917207198638 ], [ -77.420275717923829, -9.539176028624803 ], [ -77.420218421030313, -9.539119944867291 ], [ -77.420161124155499, -9.539063861095531 ], [ -77.420103827299371, -9.539007777309521 ], [ -77.420046530461946, -9.538951693509267 ], [ -77.41970514047901, -9.538954066767023 ], [ -77.419647843701554, -9.538897982882544 ], [ -77.419590546942771, -9.538841898983822 ], [ -77.419476750289576, -9.538842689948863 ], [ -77.419420250357746, -9.53889956482216 ], [ -77.419424234478356, -9.539464358858156 ], [ -77.419367734459058, -9.539521233748586 ], [ -77.419311234421045, -9.539578108634304 ], [ -77.419254734364344, -9.539634983515315 ], [ -77.419198234288956, -9.53969185839161 ], [ -77.419199031087658, -9.539804817213891 ], [ -77.419142530979812, -9.539861692089843 ], [ -77.419028733950611, -9.539862482992225 ], [ -77.418972233800432, -9.539919357849675 ], [ -77.41891573363155, -9.539976232702406 ], [ -77.418119153819916, -9.539981767786644 ], [ -77.418061857022408, -9.539925683622105 ], [ -77.418004560243602, -9.539869599443323 ], [ -77.417549371672806, -9.539872761345389 ], [ -77.417492871215444, -9.539929636023514 ], [ -77.417436370739367, -9.539986510696917 ], [ -77.417379870244602, -9.54004338536561 ], [ -77.41732336973115, -9.540100260029584 ], [ -77.417095775197524, -9.540101840647537 ], [ -77.417038478500274, -9.540045756278248 ], [ -77.416981181821697, -9.539989671894718 ], [ -77.416867384567638, -9.539990462101372 ], [ -77.416810087921519, -9.539934377680277 ], [ -77.41680929189819, -9.539821418658679 ], [ -77.416751995294405, -9.539765334218181 ], [ -77.416694698709335, -9.539709249763446 ], [ -77.416637402142939, -9.539653165294469 ], [ -77.416580105595244, -9.539597080811252 ], [ -77.416522809066251, -9.539540996313793 ], [ -77.416465512555945, -9.539484911802095 ], [ -77.41640821606434, -9.539428827276156 ], [ -77.416294418947928, -9.539429617249597 ], [ -77.416237122488766, -9.539373532686099 ], [ -77.416179826048335, -9.539317448108362 ], [ -77.416122529626563, -9.539261363516385 ], [ -77.41606523322352, -9.53920527891017 ], [ -77.415837639071199, -9.539206858559147 ], [ -77.41578034271437, -9.539150773892061 ], [ -77.415723046376229, -9.539094689210726 ], [ -77.41492646672539, -9.539100216486551 ], [ -77.414869170502314, -9.539044131627763 ], [ -77.414860422647152, -9.537801580495898 ], [ -77.414803126702594, -9.537745495566149 ], [ -77.414745830776724, -9.537689410622168 ], [ -77.414802331525777, -9.537632536362407 ], [ -77.414858832256144, -9.537575662097929 ], [ -77.414858037075419, -9.53746270289775 ], [ -77.414800741201702, -9.537406617952533 ], [ -77.414743445346687, -9.537350532993075 ], [ -77.41474185510927, -9.5371246145697 ], [ -77.414684559320193, -9.537068529585701 ], [ -77.414627263549789, -9.537012444587466 ], [ -77.414569967798087, -9.536956359574999 ], [ -77.414512672065072, -9.536900274548296 ], [ -77.414511877055602, -9.53678731531479 ], [ -77.414454581364893, -9.536731230268698 ], [ -77.414397285692885, -9.536675145208372 ], [ -77.414395695797978, -9.536449226718345 ], [ -77.41433840019188, -9.536393141633477 ], [ -77.41428110460447, -9.536337056534373 ], [ -77.414278719977702, -9.535998178762426 ], [ -77.414221424479805, -9.535942093633624 ], [ -77.414164129000625, -9.535886008490591 ], [ -77.414163334191969, -9.535773049221371 ], [ -77.414106038755079, -9.535716964058949 ], [ -77.414048743336878, -9.5356608788823 ], [ -77.413991447937363, -9.535604793691416 ], [ -77.413934152556536, -9.535548708486303 ], [ -77.413876857194396, -9.535492623266956 ], [ -77.413819561850957, -9.535436538033379 ], [ -77.413818767193817, -9.535323578732434 ], [ -77.41376147189267, -9.535267493479473 ], [ -77.41370417661021, -9.535211408212277 ], [ -77.413702587419934, -9.534985489587385 ], [ -77.413645292203384, -9.534929404295651 ], [ -77.413587997005507, -9.534873318989693 ], [ -77.413530701826318, -9.534817233669502 ], [ -77.413473406665815, -9.534761148335084 ], [ -77.413416111524015, -9.534705062986433 ], [ -77.413358816400887, -9.534648977623554 ], [ -77.413354049916393, -9.53397122154421 ], [ -77.413296754953592, -9.53391513613618 ], [ -77.413239460009493, -9.533859050713925 ], [ -77.413238665677085, -9.533746091354274 ], [ -77.413181370775277, -9.533690005912637 ], [ -77.413124075892156, -9.53363392045677 ], [ -77.413066781027709, -9.533577834986678 ], [ -77.413009486181949, -9.533521749502356 ], [ -77.412952191354861, -9.533465664003808 ], [ -77.412894896546476, -9.533409578491034 ], [ -77.412837601756763, -9.53335349296403 ], [ -77.412780306985738, -9.533297407422802 ], [ -77.412779512852026, -9.533184448021137 ], [ -77.412722218123292, -9.533128362460527 ], [ -77.412664923413232, -9.533072276885695 ], [ -77.412607628721858, -9.533016191296632 ], [ -77.412550334049172, -9.532960105693348 ], [ -77.412493039395159, -9.532904020075838 ], [ -77.412435744759819, -9.532847934444099 ], [ -77.41237845014318, -9.532791848798139 ], [ -77.412321155545214, -9.532735763137948 ], [ -77.412263860965922, -9.532679677463539 ], [ -77.412206566405331, -9.5326235917749 ], [ -77.412149271863399, -9.532567506072038 ], [ -77.412091977340168, -9.53251142035495 ], [ -77.412034682835611, -9.53245533462364 ], [ -77.41197738834974, -9.532399248878106 ], [ -77.411920093882543, -9.532343163118343 ], [ -77.411862799434019, -9.532287077344362 ], [ -77.411805505004196, -9.532230991556155 ], [ -77.411748210593046, -9.532174905753722 ], [ -77.41169091620057, -9.53211881993707 ], [ -77.41163362182678, -9.532062734106191 ], [ -77.411576327471664, -9.53200664826109 ], [ -77.411519033135249, -9.531950562401768 ], [ -77.411461738817493, -9.531894476528221 ], [ -77.411404444518411, -9.531838390640454 ], [ -77.411347150238029, -9.531782304738462 ], [ -77.411289855976321, -9.531726218822248 ], [ -77.411232561733286, -9.531670132891813 ], [ -77.411175267508938, -9.531614046947155 ], [ -77.411117973303277, -9.531557960988279 ], [ -77.411060679116289, -9.531501875015179 ], [ -77.411003384947975, -9.531445789027856 ], [ -77.410946090798348, -9.531389703026313 ], [ -77.410888796667379, -9.531333617010551 ], [ -77.410831502555098, -9.531277530980564 ], [ -77.410774208461518, -9.53122144493636 ], [ -77.410716914386597, -9.531165358877935 ], [ -77.41065962033035, -9.531109272805288 ], [ -77.410602326292789, -9.531053186718424 ], [ -77.410545032273916, -9.530997100617338 ], [ -77.410487738273716, -9.53094101450203 ], [ -77.410430444292189, -9.530884928372505 ], [ -77.410089059898311, -9.530887290225452 ], [ -77.41003176597674, -9.530831204011834 ], [ -77.409974472073841, -9.530775117783998 ], [ -77.409860677283731, -9.530775904947564 ], [ -77.409803383413305, -9.530719818682218 ], [ -77.409746089561523, -9.530663732402655 ], [ -77.409688795728442, -9.530607646108875 ], [ -77.409631501914021, -9.530551559800873 ], [ -77.408834938493314, -9.530557068255414 ], [ -77.408778437383916, -9.53061394152347 ], [ -77.408721936255844, -9.5306708147868 ], [ -77.408380551643702, -9.530673174914018 ], [ -77.408323257975766, -9.530617088340774 ], [ -77.408265964326503, -9.53056100175332 ], [ -77.408152169463662, -9.53056178834165 ], [ -77.408094875846842, -9.530505701716692 ], [ -77.40803758224871, -9.530449615077519 ], [ -77.407923787403561, -9.530450401582195 ], [ -77.407866493837858, -9.530394314905523 ], [ -77.407809200290842, -9.530338228214637 ], [ -77.407695405463414, -9.530339014635658 ], [ -77.407638111948827, -9.530282927907274 ], [ -77.407580818452928, -9.530226841164675 ], [ -77.406898049447207, -9.530231558632684 ], [ -77.40684154797809, -9.530288431653153 ], [ -77.406785046490299, -9.530345304668899 ], [ -77.405647096890107, -9.530353163873052 ], [ -77.405589803623329, -9.530297076725567 ], [ -77.405532510375252, -9.530240989563877 ], [ -77.40507733037046, -9.530244132020991 ], [ -77.405020037196124, -9.530188044751966 ], [ -77.404962744040461, -9.530131957468736 ], [ -77.404166178847092, -9.530137455015126 ], [ -77.404108885806508, -9.530081367554736 ], [ -77.404051592784597, -9.530025280080142 ], [ -77.403937797745272, -9.530026065249031 ], [ -77.403880504755818, -9.529969977736952 ], [ -77.403823211785038, -9.529913890210667 ], [ -77.403368031639829, -9.529917030329193 ], [ -77.403310738742817, -9.529860942695596 ], [ -77.403253445864493, -9.529804855047795 ], [ -77.403196153004828, -9.52974876738579 ], [ -77.40313886016385, -9.529692679709582 ], [ -77.403025065158118, -9.529693464553409 ], [ -77.402967772349584, -9.529637376839721 ], [ -77.402910479559736, -9.529581289111828 ], [ -77.402853186788548, -9.529525201369733 ], [ -77.402795894036032, -9.529469113613436 ], [ -77.402568304105372, -9.529470683003659 ], [ -77.402511011399085, -9.529414595186608 ], [ -77.402453718711484, -9.529358507355356 ], [ -77.402396426042543, -9.529302419509902 ], [ -77.402395635662074, -9.529189459216184 ], [ -77.402338343035396, -9.529133371351392 ], [ -77.402281050427376, -9.529077283472404 ], [ -77.402280260103865, -9.528964323167626 ], [ -77.402222967538123, -9.528908235269306 ], [ -77.402165674991039, -9.528852147356782 ], [ -77.402108382462629, -9.528796059430055 ], [ -77.402051089952892, -9.528739971489129 ], [ -77.402047929134042, -9.528288130179968 ], [ -77.401990636737281, -9.528232042204319 ], [ -77.401933344359179, -9.528175954214468 ], [ -77.401876051999764, -9.528119866210421 ], [ -77.401818759659037, -9.52806377819217 ], [ -77.401761467336954, -9.528007690159718 ], [ -77.401704175033558, -9.527951602113067 ], [ -77.401646882748835, -9.527895514052222 ], [ -77.401589590482786, -9.527839425977172 ], [ -77.401532298235395, -9.527783337887927 ], [ -77.401475006006692, -9.527727249784476 ], [ -77.401417713796661, -9.527671161666833 ], [ -77.40136042160529, -9.527615073534987 ], [ -77.401303129432605, -9.527558985388946 ], [ -77.40124583727858, -9.527502897228707 ], [ -77.401188545143228, -9.527446809054268 ], [ -77.401131253026549, -9.527390720865633 ], [ -77.401130463223481, -9.527277760454279 ], [ -77.401073171149051, -9.527221672246316 ], [ -77.401015879093293, -9.527165584024155 ], [ -77.401013509884294, -9.526826702754555 ], [ -77.40107001212904, -9.526769830572437 ], [ -77.401126514355127, -9.526712958385588 ], [ -77.401124145151655, -9.526374077134832 ], [ -77.401180647317759, -9.526317204956248 ], [ -77.401237149465175, -9.52626033277293 ], [ -77.401233990554232, -9.525808491128796 ], [ -77.401176698772417, -9.525752402877425 ], [ -77.401119407009261, -9.525696314611857 ], [ -77.401062115264779, -9.52564022633209 ], [ -77.401004823538955, -9.525584138038132 ], [ -77.401004033929993, -9.525471177604595 ], [ -77.40094674224639, -9.525415089291311 ], [ -77.400889450581488, -9.52535900096383 ], [ -77.400832158935231, -9.525302912622156 ], [ -77.400774867307661, -9.525246824266286 ], [ -77.400772498822278, -9.524907942899373 ], [ -77.400715207284051, -9.524851854513924 ], [ -77.400657915764498, -9.524795766114281 ], [ -77.400600624263618, -9.524739677700444 ], [ -77.400543332781396, -9.524683589272412 ], [ -77.400541754028623, -9.52445766831614 ], [ -77.400484462612184, -9.524401579863659 ], [ -77.400256875650257, -9.524403146919353 ], [ -77.400199584280031, -9.524347058406164 ], [ -77.400142292928479, -9.524290969878777 ], [ -77.39991470598244, -9.524292536693197 ], [ -77.399857414677086, -9.524236448105107 ], [ -77.399800123390392, -9.524180359502818 ], [ -77.399742832122357, -9.524124270886341 ], [ -77.399685540872994, -9.524068182255673 ], [ -77.399628249642277, -9.524012093610811 ], [ -77.39957095843026, -9.52395600495176 ], [ -77.399513667236874, -9.523899916278516 ], [ -77.399456376062176, -9.52384382759108 ], [ -77.399399084906122, -9.523787738889459 ], [ -77.399341793768755, -9.523731650173639 ], [ -77.399228000418745, -9.52373243329269 ], [ -77.399170709313807, -9.523676344539428 ], [ -77.399113418227515, -9.523620255771975 ], [ -77.399056127159895, -9.523564166990335 ], [ -77.398998836110948, -9.523508078194503 ], [ -77.39894154508066, -9.523451989384482 ], [ -77.398884254069031, -9.523395900560269 ], [ -77.398770460791852, -9.523396683502733 ], [ -77.398713169812652, -9.523340594641079 ], [ -77.398655878852125, -9.523284505765234 ], [ -77.398598587910257, -9.523228416875202 ], [ -77.398541296987062, -9.523172327970981 ], [ -77.398427503755173, -9.523173110783379 ], [ -77.398370212864393, -9.523117021841715 ], [ -77.3983129219923, -9.523060932885864 ], [ -77.398255631138838, -9.523004843915825 ], [ -77.398198340304063, -9.522948754931598 ], [ -77.398141049487947, -9.522892665933187 ], [ -77.398083758690476, -9.522836576920584 ], [ -77.397969965531431, -9.522837359556407 ], [ -77.397912674766417, -9.522781270506369 ], [ -77.397855384020048, -9.522725181442143 ], [ -77.397798093292351, -9.52266909236373 ], [ -77.397740802583314, -9.522613003271131 ], [ -77.397627009469559, -9.522613785776898 ], [ -77.397569718792951, -9.52255769664686 ], [ -77.397512428135002, -9.522501607502637 ], [ -77.397455137495712, -9.522445518344231 ], [ -77.397397846875094, -9.522389429171637 ], [ -77.397340556273136, -9.52233333998486 ], [ -77.397283265689836, -9.522277250783894 ], [ -77.397169472648926, -9.52227803311311 ], [ -77.39711218209807, -9.522221943874714 ], [ -77.397054891565858, -9.522165854622132 ], [ -77.396997601052306, -9.522109765355365 ], [ -77.396940310557426, -9.522053676074412 ], [ -77.396598931541291, -9.522056022560777 ], [ -77.396541641106367, -9.521999933195898 ], [ -77.396484350690116, -9.521943843816837 ], [ -77.396370557692734, -9.521944625858364 ], [ -77.396314055074271, -9.522001497288395 ], [ -77.396257552437135, -9.522058368713687 ], [ -77.395688587068051, -9.522062278227532 ], [ -77.395631296743318, -9.522006188676679 ], [ -77.395574006437258, -9.521950099111649 ], [ -77.395460213361659, -9.521950880856776 ], [ -77.395402923088014, -9.521894791254317 ], [ -77.395345632833042, -9.521838701637677 ], [ -77.395231839775221, -9.521839483299267 ], [ -77.395174549552678, -9.521783393645199 ], [ -77.395117259348808, -9.521727303976954 ], [ -77.395059969163583, -9.521671214294532 ], [ -77.395002678997031, -9.521615124597925 ], [ -77.394888885984528, -9.521615906129488 ], [ -77.394831595850405, -9.521559816395458 ], [ -77.394830808609314, -9.521446855423031 ], [ -77.394773518517397, -9.521390765669709 ], [ -77.394659725560004, -9.521391547108298 ], [ -77.394602435500516, -9.521335457317555 ], [ -77.394545145459688, -9.521279367512626 ], [ -77.393976180663898, -9.521283273917442 ], [ -77.393919677633605, -9.521340145031633 ], [ -77.393863174584652, -9.521397016141087 ], [ -77.393635588503784, -9.521398578388448 ], [ -77.393579085389106, -9.521455449465536 ], [ -77.393522582255756, -9.521512320537886 ], [ -77.393181202919962, -9.521514663548219 ], [ -77.393123913016026, -9.521458573460453 ], [ -77.39306662313075, -9.521402483358514 ], [ -77.39261145065656, -9.521405606667702 ], [ -77.392554947329984, -9.52146247762051 ], [ -77.392498443984763, -9.521519348568578 ], [ -77.392441940620884, -9.5215762195119 ], [ -77.392385437238332, -9.521633090450468 ], [ -77.392271644001227, -9.521633871129904 ], [ -77.392214354183977, -9.521577780861337 ], [ -77.392157064385387, -9.521521690578599 ], [ -77.391246718357621, -9.521527934308512 ], [ -77.391189428687952, -9.521471843825704 ], [ -77.391132139036927, -9.521415753328725 ], [ -77.391018345767108, -9.521416533581771 ], [ -77.390961056148541, -9.521360443047381 ], [ -77.390903766548618, -9.521304352498822 ], [ -77.390846476967354, -9.521248261936091 ], [ -77.390789187404749, -9.521192171359186 ], [ -77.390731897860817, -9.521136080768114 ], [ -77.390674608335516, -9.521079990162869 ], [ -77.390617318828902, -9.521023899543453 ], [ -77.390560029340946, -9.520967808909864 ], [ -77.390502739871636, -9.520911718262107 ], [ -77.390445450420998, -9.520855627600179 ], [ -77.390217864127735, -9.520857187530446 ], [ -77.390161360375799, -9.520914058171638 ], [ -77.390104856605177, -9.520970928808076 ], [ -77.390048352815924, -9.521027799439766 ], [ -77.389991849007984, -9.521084670066706 ], [ -77.389935345181414, -9.521141540688893 ], [ -77.389878841336156, -9.521198411306329 ], [ -77.389651254721485, -9.521199970922639 ], [ -77.389594750810517, -9.521256841507693 ], [ -77.389538246880889, -9.521313712087997 ], [ -77.389424453511864, -9.521314491812948 ], [ -77.389367949540031, -9.521371362374683 ], [ -77.389311445549552, -9.521428232931665 ], [ -77.389197652123713, -9.521429012591938 ], [ -77.389141148091028, -9.521485883130349 ], [ -77.389084644039684, -9.52154275366401 ], [ -77.389028139969682, -9.521599624192914 ], [ -77.38897163588102, -9.521656494717067 ], [ -77.3889151317737, -9.521713365236469 ], [ -77.388858627647721, -9.521770235751113 ], [ -77.388744834070934, -9.52177101529143 ], [ -77.388688329902749, -9.521827885787506 ], [ -77.388631825715919, -9.521884756278823 ], [ -77.388290444785866, -9.521887094594563 ], [ -77.388233940509764, -9.521943965039672 ], [ -77.388177436215003, -9.522000835480021 ], [ -77.388120931901597, -9.522057705915616 ], [ -77.388064427569503, -9.522114576346455 ], [ -77.388007923218765, -9.522171446772541 ], [ -77.387951418849369, -9.522228317193871 ], [ -77.387837625045336, -9.522229096475428 ], [ -77.387781120633733, -9.522285966878179 ], [ -77.387724616203485, -9.522342837276174 ], [ -77.38766811175455, -9.522399707669409 ], [ -77.387611607286971, -9.522456578057893 ], [ -77.387555102800732, -9.522513448441616 ], [ -77.387498598295807, -9.522570318820581 ], [ -77.387442093772236, -9.522627189194788 ], [ -77.387385589230021, -9.52268405956424 ], [ -77.387158001216193, -9.522685617795045 ], [ -77.387101496608224, -9.522742488132092 ], [ -77.387044991981611, -9.522799358464383 ], [ -77.386931197913029, -9.522800137496558 ], [ -77.386874693244209, -9.522857007810265 ], [ -77.386818188556731, -9.52291387811921 ], [ -77.386704394431334, -9.522914657086682 ], [ -77.386647889701663, -9.522971527377047 ], [ -77.38659138495332, -9.523028397662648 ], [ -77.386477590771136, -9.523029176565416 ], [ -77.386421085980601, -9.523086046832436 ], [ -77.386364581171406, -9.523142917094694 ], [ -77.386308076343539, -9.523199787352192 ], [ -77.386251571497013, -9.523256657604929 ], [ -77.386195066631814, -9.523313527852908 ], [ -77.38613856174797, -9.523370398096121 ], [ -77.386082056845453, -9.523427268334578 ], [ -77.386082841378396, -9.523540230018874 ], [ -77.386026336443436, -9.523597100256874 ], [ -77.385969831489788, -9.523653970490113 ], [ -77.385913326517482, -9.523710840718586 ], [ -77.385856821526502, -9.523767710942302 ], [ -77.385800316516878, -9.523824581161255 ], [ -77.385743811488567, -9.523881451375443 ], [ -77.385744595948466, -9.523994413084774 ], [ -77.385688090887697, -9.524051283298503 ], [ -77.38563158580827, -9.524108153507473 ], [ -77.385575080710183, -9.52416502371168 ], [ -77.385518575593409, -9.524221893911124 ], [ -77.38546207045799, -9.524278764105805 ], [ -77.385405565303898, -9.524335634295722 ], [ -77.385349060131134, -9.524392504480875 ], [ -77.38529255493971, -9.524449374661268 ], [ -77.385236049729627, -9.524506244836893 ], [ -77.38512225494533, -9.524507023417193 ], [ -77.385065749693041, -9.524563893574225 ], [ -77.385009244422079, -9.524620763726491 ], [ -77.384895449580995, -9.524621542242066 ], [ -77.384838160048204, -9.524565450595974 ], [ -77.384780870534073, -9.524509358935715 ], [ -77.38409810144887, -9.524514028972106 ], [ -77.384041595984797, -9.524570899004651 ], [ -77.383985090502065, -9.524627769032431 ], [ -77.38330232078431, -9.524632437568602 ], [ -77.383245815141734, -9.524689307508607 ], [ -77.383189309480471, -9.524746177443843 ], [ -77.38227894893582, -9.524752399861892 ], [ -77.382222443067675, -9.52480926968167 ], [ -77.382165937180872, -9.524866139496678 ], [ -77.382108647932327, -9.524810047303305 ], [ -77.382051358702455, -9.524753955095779 ], [ -77.381937563571185, -9.524754732657128 ], [ -77.381881057632455, -9.524811602435392 ], [ -77.381824551675081, -9.524868472208889 ], [ -77.381483166081807, -9.524870804587531 ], [ -77.381425876916111, -9.524814712254809 ], [ -77.381368587769089, -9.524758619907937 ], [ -77.381311298640711, -9.524702527546905 ], [ -77.38125400953102, -9.524646435171714 ], [ -77.380685033624104, -9.524650321263724 ], [ -77.380627744602137, -9.524594228758266 ], [ -77.380570455598814, -9.524538136238654 ], [ -77.380342865223284, -9.524539690323131 ], [ -77.38028557626626, -9.524483597742925 ], [ -77.38022828732791, -9.524427505148561 ], [ -77.380170998408204, -9.524371412540042 ], [ -77.380169433098274, -9.524145488205045 ], [ -77.380112144244279, -9.524089395572199 ], [ -77.380054855408972, -9.524033302925197 ], [ -77.379997566592309, -9.52397721026405 ], [ -77.379883771547512, -9.523977987092614 ], [ -77.379826482763335, -9.523921894394091 ], [ -77.379769193997831, -9.523865801681412 ], [ -77.379711905250971, -9.523809708954584 ], [ -77.379654616522785, -9.5237536162136 ], [ -77.379597327813286, -9.523697523458468 ], [ -77.379540039122432, -9.523641430689185 ], [ -77.379482750450251, -9.523585337905747 ], [ -77.379425461796728, -9.523529245108156 ], [ -77.379368173161865, -9.523473152296416 ], [ -77.379310884545674, -9.523417059470527 ], [ -77.379253595948143, -9.523360966630483 ], [ -77.379196307369284, -9.523304873776288 ], [ -77.379139018809084, -9.523248780907945 ], [ -77.379138236582321, -9.523135818648505 ], [ -77.379080948064313, -9.523079725760926 ], [ -77.379023659564965, -9.523023632859195 ], [ -77.378966371084275, -9.522967539943316 ], [ -77.378909082622243, -9.522911447013282 ], [ -77.378851794178885, -9.522855354069105 ], [ -77.378794505754186, -9.522799261110775 ], [ -77.378737217348146, -9.522743168138296 ], [ -77.378623422607177, -9.522743944456089 ], [ -77.378566134233623, -9.522687851446245 ], [ -77.37856535224202, -9.522574889135964 ], [ -77.378508063910644, -9.522518796106887 ], [ -77.378450775597912, -9.522462703063665 ], [ -77.378449993663054, -9.522349740742424 ], [ -77.378392705392514, -9.522293647679966 ], [ -77.378335417140633, -9.522237554603363 ], [ -77.378334635262505, -9.522124592271158 ], [ -77.378277347052787, -9.522068499175326 ], [ -77.378220058861743, -9.522012406065345 ], [ -77.378162770689372, -9.521956312941215 ], [ -77.378048976161153, -9.521957089008128 ], [ -77.377991688021226, -9.521900995846638 ], [ -77.377934399899985, -9.521844902671003 ], [ -77.377365427251476, -9.521848782217683 ], [ -77.377308139217945, -9.521792688911846 ], [ -77.377250851203073, -9.521736595591864 ], [ -77.376909467580447, -9.521738922735997 ], [ -77.376852960979789, -9.521795791789424 ], [ -77.376796454360473, -9.521852660838073 ], [ -77.376568865136193, -9.52185421202687 ], [ -77.376512358451208, -9.521911081043058 ], [ -77.376455851747551, -9.521967950054464 ], [ -77.376399345025234, -9.522024819061093 ], [ -77.376342838284259, -9.522081688062945 ], [ -77.376001454092986, -9.522084014402123 ], [ -77.375944947262823, -9.522140883357661 ], [ -77.375888440414002, -9.522197752308417 ], [ -77.375831933546507, -9.522254621254397 ], [ -77.375775426660354, -9.522311490195595 ], [ -77.375718919755542, -9.522368359132011 ], [ -77.37571970079459, -9.522481321678081 ], [ -77.375663193857292, -9.522538190614 ], [ -77.375606686901335, -9.522595059545143 ], [ -77.375550179926719, -9.522651928471502 ], [ -77.375493672933445, -9.522708797393079 ], [ -77.375437165921497, -9.522765666309878 ], [ -77.375380658890876, -9.522822535221893 ], [ -77.375381439856739, -9.522935497792872 ], [ -77.375324932793646, -9.522992366704393 ], [ -77.37526842571188, -9.523049235611126 ], [ -77.375211918611456, -9.523106104513081 ], [ -77.37509812345786, -9.523106879710239 ], [ -77.375041616315272, -9.523163748593563 ], [ -77.374985109154011, -9.5232206174721 ], [ -77.374757518723726, -9.523222167699856 ], [ -77.374700230725836, -9.523166073921157 ], [ -77.374642942746604, -9.523109980128311 ], [ -77.374529147544564, -9.523110755140189 ], [ -77.374471859597818, -9.523054661309995 ], [ -77.374414571669732, -9.522998567465661 ], [ -77.374357283760318, -9.522942473607188 ], [ -77.374299995869563, -9.522886379734574 ], [ -77.374242707997482, -9.522830285847817 ], [ -77.374185420144059, -9.522774191946919 ], [ -77.374071625015233, -9.522774966782501 ], [ -77.374014337194296, -9.522718872844257 ], [ -77.373957049392018, -9.522662778891872 ], [ -77.373046688234027, -9.522668975871229 ], [ -77.372989400560982, -9.522612881719073 ], [ -77.372932112906597, -9.522556787552777 ], [ -77.37287482527087, -9.522500693372342 ], [ -77.372817537653816, -9.522444599177772 ], [ -77.372760250055421, -9.522388504969062 ], [ -77.372702962475685, -9.522332410746218 ], [ -77.372645674914622, -9.522276316509233 ], [ -77.372588387372204, -9.522220222258115 ], [ -77.372019411886697, -9.522224093237826 ], [ -77.371962124432073, -9.522167998856563 ], [ -77.371904836996094, -9.522111904461166 ], [ -77.371791041897609, -9.522112678499548 ], [ -77.37173375449413, -9.522056584066815 ], [ -77.37167646710931, -9.522000489619945 ], [ -77.371448876938587, -9.522002037492747 ], [ -77.371391589600066, -9.521945942985344 ], [ -77.371334302280232, -9.521889848463807 ], [ -77.371277014979029, -9.521833753928139 ], [ -77.371219727696513, -9.521777659378333 ], [ -77.371162440432656, -9.521721564814397 ], [ -77.371105153187443, -9.521665470236327 ], [ -77.371047865960904, -9.521609375644124 ], [ -77.370990578753023, -9.521553281037786 ], [ -77.370933291563816, -9.521497186417315 ], [ -77.370876004393253, -9.521441091782712 ], [ -77.370762209431618, -9.521441865431553 ], [ -77.370704922293555, -9.52138577075962 ], [ -77.370647635174137, -9.521329676073556 ], [ -77.370533840230479, -9.521330449638954 ], [ -77.370476553143561, -9.521274354915564 ], [ -77.370419266075288, -9.521218260178037 ], [ -77.370191676214276, -9.521219807104902 ], [ -77.370134389192316, -9.521163712306853 ], [ -77.370077102189015, -9.521107617494676 ], [ -77.369621922461533, -9.521110710718247 ], [ -77.369565414439663, -9.521167578859666 ], [ -77.369508906399133, -9.521224446996294 ], [ -77.369451619460122, -9.521168352059078 ], [ -77.369394332539784, -9.521112257107735 ], [ -77.369337045638105, -9.521056162142264 ], [ -77.369393553693143, -9.52099929403283 ], [ -77.369450061729523, -9.520942425918603 ], [ -77.36939277485618, -9.520886330957127 ], [ -77.369335488001482, -9.520830235981524 ], [ -77.369334709197673, -9.520717272899967 ], [ -77.369277422385125, -9.520661177905168 ], [ -77.369220135591249, -9.520605082896243 ], [ -77.369217799378774, -9.520266193616418 ], [ -77.369160512674028, -9.520210098578174 ], [ -77.368932923272041, -9.520211644521888 ], [ -77.368875636613609, -9.520155549423128 ], [ -77.368818349973822, -9.520099454310241 ], [ -77.368761063352707, -9.520043359183228 ], [ -77.368703776750252, -9.519987264042086 ], [ -77.368646490166455, -9.519931168886821 ], [ -77.368589203601317, -9.519875073717428 ], [ -77.368531917054824, -9.519818978533907 ], [ -77.36847463052699, -9.519762883336258 ], [ -77.368417344017828, -9.519706788124488 ], [ -77.368416565609195, -9.519593824960317 ], [ -77.368359279142183, -9.519537729729354 ], [ -77.368301992693802, -9.519481634484267 ], [ -77.368244706264093, -9.519425539225056 ], [ -77.368187419853044, -9.519369443951716 ], [ -77.368186641548036, -9.519256480766499 ], [ -77.368129355179121, -9.519200385473971 ], [ -77.368072068828866, -9.519144290167324 ], [ -77.368071290580488, -9.51903132697119 ], [ -77.368014004272382, -9.518975231645349 ], [ -77.367956717982935, -9.518919136305385 ], [ -77.367899431712146, -9.518863040951299 ], [ -77.367842145460003, -9.518806945583085 ], [ -77.367835142504859, -9.51779027659998 ], [ -77.367777856482732, -9.51773418117209 ], [ -77.367720570479264, -9.51767808573007 ], [ -77.367719792468421, -9.517565122495638 ], [ -77.367662506507074, -9.517509027034439 ], [ -77.3676052205644, -9.517452931559117 ], [ -77.367597441456766, -9.516323299069979 ], [ -77.367540155767557, -9.516267203529921 ], [ -77.367482870096993, -9.516211107975739 ], [ -77.367425584445087, -9.51615501240744 ], [ -77.367368298811812, -9.516098916825021 ], [ -77.367311013197209, -9.516042821228481 ], [ -77.367253727601252, -9.515986725617818 ], [ -77.367196442023925, -9.515930629993038 ], [ -77.367139156465271, -9.51587453435414 ], [ -77.367081870925247, -9.515818438701119 ], [ -77.367024585403882, -9.515762343033977 ], [ -77.366967299901162, -9.515706247352719 ], [ -77.366910014417101, -9.515650151657344 ], [ -77.366852728951685, -9.515594055947847 ], [ -77.366738935591925, -9.515594827814885 ], [ -77.366681650158981, -9.515538732068093 ], [ -77.366680872667331, -9.515425768734643 ], [ -77.366623587276521, -9.515369672968674 ], [ -77.366566301904356, -9.515313577188582 ], [ -77.366565524469323, -9.515200613844224 ], [ -77.366508239139264, -9.515144518044957 ], [ -77.366450953827865, -9.515088422231576 ], [ -77.366450176449447, -9.514975458876306 ], [ -77.366392891180169, -9.514919363043747 ], [ -77.366335605929535, -9.514863267197065 ], [ -77.366334051295553, -9.514637340463917 ], [ -77.366276766110531, -9.514581244593005 ], [ -77.366219480944139, -9.514525148707976 ], [ -77.366217149206406, -9.514186258571959 ], [ -77.366159864129088, -9.514130162657636 ], [ -77.366102579070414, -9.514074066729199 ], [ -77.366101801890764, -9.513961103338827 ], [ -77.366044516874211, -9.513905007391216 ], [ -77.365987231876304, -9.51384891142949 ], [ -77.36592994689704, -9.513792815453648 ], [ -77.365872661936407, -9.513736719463692 ], [ -77.365815376994448, -9.513680623459621 ], [ -77.365701584181792, -9.513681394834913 ], [ -77.36564429927229, -9.513625298793556 ], [ -77.365587014381447, -9.513569202738083 ], [ -77.36552972950922, -9.513513106668496 ], [ -77.365528952564262, -9.513400143227548 ], [ -77.36547166773417, -9.513344047138787 ], [ -77.365414382922722, -9.513287951035917 ], [ -77.365357098129905, -9.513231854918933 ], [ -77.365299813355733, -9.513175758787835 ], [ -77.365242528600206, -9.513119662642621 ], [ -77.365185243863337, -9.513063566483297 ], [ -77.365179806504599, -9.512272822162073 ], [ -77.365122521950639, -9.512216725953243 ], [ -77.364325975047365, -9.512222122399971 ], [ -77.364268690608782, -9.512166026014858 ], [ -77.364211406188829, -9.512109929615637 ], [ -77.364154121787536, -9.512053833202307 ], [ -77.364096837404873, -9.511997736774868 ], [ -77.363869252599102, -9.511999278098328 ], [ -77.363811968262723, -9.51194318161045 ], [ -77.36375468394499, -9.51188708510846 ], [ -77.363697399645886, -9.511830988592362 ], [ -77.363640115365442, -9.511774892062153 ], [ -77.363412530631663, -9.511776433052249 ], [ -77.363356022489299, -9.511833300091476 ], [ -77.363299514328304, -9.511890167125909 ], [ -77.363071929462109, -9.511891707912554 ], [ -77.363015421235545, -9.511948574914488 ], [ -77.362958912990351, -9.512005441911629 ], [ -77.362902404726498, -9.512062308903975 ], [ -77.362845896444, -9.512119175891524 ], [ -77.361935555842905, -9.512125337114282 ], [ -77.361878271718041, -9.512069240237684 ], [ -77.361820987611807, -9.51201314334698 ], [ -77.361763703524232, -9.511957046442166 ], [ -77.361706419455288, -9.511900949523254 ], [ -77.361649135404988, -9.511844852590229 ], [ -77.361591851373333, -9.511788755643108 ], [ -77.361534567360323, -9.511732658681879 ], [ -77.361477283365957, -9.511676561706544 ], [ -77.361420774838592, -9.511733428506034 ], [ -77.361364266292583, -9.511790295300726 ], [ -77.361306982307227, -9.511734198293176 ], [ -77.361249698340501, -9.511678101271523 ], [ -77.361193189766226, -9.511734968043305 ], [ -77.361136681173306, -9.511791834810287 ], [ -77.36107939721559, -9.511735737756419 ], [ -77.361022113276519, -9.511679640688451 ], [ -77.359997980011869, -9.511686566232472 ], [ -77.359941471179567, -9.511743432851846 ], [ -77.359884962328621, -9.511800299466415 ], [ -77.357950485459355, -9.511813372398452 ], [ -77.357893976191065, -9.51187023877262 ], [ -77.35783746690413, -9.511927105141986 ], [ -77.357780957598536, -9.511983971506542 ], [ -77.357724448274325, -9.512040837866294 ], [ -77.357383069433212, -9.512043143577545 ], [ -77.357325785884953, -9.511987045769631 ], [ -77.357382295284339, -9.511930179460521 ], [ -77.357438804665094, -9.511873313146602 ], [ -77.357431837633584, -9.510856636095976 ], [ -77.357488346871207, -9.510799769815497 ], [ -77.357544856090158, -9.510742903530211 ], [ -77.357544081995997, -9.510629939418017 ], [ -77.357600591182489, -9.510573073132178 ], [ -77.357657100350352, -9.510516206841535 ], [ -77.357654003959155, -9.510064350418837 ], [ -77.35771051305305, -9.51000748414039 ], [ -77.357767022128314, -9.509950617857136 ], [ -77.357764699852922, -9.509611725557303 ], [ -77.357821208868074, -9.509554859281998 ], [ -77.357877717864568, -9.509497993001887 ], [ -77.357876169673773, -9.509272064815043 ], [ -77.357818886637773, -9.509215966987792 ], [ -77.357761603620418, -9.509159869146448 ], [ -77.357758507541803, -9.508708012722927 ], [ -77.357701224636855, -9.508651914847325 ], [ -77.357643941750553, -9.508595816957625 ], [ -77.357642393862733, -9.508369888720955 ], [ -77.357585111041942, -9.508313790807078 ], [ -77.357527828239782, -9.508257692879111 ], [ -77.357527054357192, -9.508144728749505 ], [ -77.357469771597124, -9.508088630802405 ], [ -77.357412488855672, -9.508032532841211 ], [ -77.357411715029585, -9.507919568700732 ], [ -77.357354432330226, -9.507863470720405 ], [ -77.357297149649497, -9.507807372725985 ], [ -77.357295602119933, -9.507581444422495 ], [ -77.357238319504717, -9.507525346403899 ], [ -77.357181036908131, -9.507469248371217 ], [ -77.357180263204654, -9.507356284208203 ], [ -77.357122980650146, -9.507300186156387 ], [ -77.357065698114283, -9.507244088090479 ], [ -77.357008415597036, -9.507187990010483 ], [ -77.356951133098434, -9.507131891916391 ], [ -77.356948038755718, -9.506680035175789 ], [ -77.356890756369509, -9.506623937047449 ], [ -77.356833474001917, -9.506567838905019 ], [ -77.356776191652955, -9.5065117407485 ], [ -77.356718909322623, -9.50645564257789 ], [ -77.356718135854749, -9.506342678370604 ], [ -77.356660853566481, -9.506286580180864 ], [ -77.356603571296873, -9.506230481977042 ], [ -77.356602797885458, -9.506117517758884 ], [ -77.356545515657913, -9.506061419535929 ], [ -77.356488233448971, -9.506005321298884 ], [ -77.356430951258687, -9.505949223047752 ], [ -77.356373669087006, -9.50589312478253 ], [ -77.356316386933983, -9.505837026503221 ], [ -77.356202595931137, -9.505837794155761 ], [ -77.356146087044067, -9.505894660096899 ], [ -77.356089578138366, -9.505951526033234 ], [ -77.35506545825848, -9.505958432992164 ], [ -77.355008949123246, -9.50601529879901 ], [ -77.354952439969381, -9.506072164601047 ], [ -77.354724857574425, -9.506073699018485 ], [ -77.354668348355062, -9.506130564788007 ], [ -77.354611839117069, -9.506187430552721 ], [ -77.354156674024438, -9.506190498832849 ], [ -77.35410016467408, -9.50624736453733 ], [ -77.354043655305091, -9.506304230236999 ], [ -77.353247115695211, -9.506309598109013 ], [ -77.353189833840403, -9.506253499211102 ], [ -77.35313255200424, -9.506197400299101 ], [ -77.353018760620657, -9.506198166943724 ], [ -77.352961478816937, -9.506142067994514 ], [ -77.352904197031862, -9.506085969031217 ], [ -77.352846915265403, -9.50602987005384 ], [ -77.352789633517574, -9.505973771062383 ], [ -77.352732351788376, -9.505917672056844 ], [ -77.352675070077822, -9.505861573037221 ], [ -77.352219904779474, -9.505864638690639 ], [ -77.352163395072296, -9.505921504146791 ], [ -77.352106885346501, -9.505978369598131 ], [ -77.351765511131418, -9.505980668366622 ], [ -77.351709001316692, -9.506037533771567 ], [ -77.35165249148335, -9.506094399171701 ], [ -77.35153870001227, -9.506095165326155 ], [ -77.351481418411822, -9.50603906607121 ], [ -77.351424136829991, -9.505982966802188 ], [ -77.351310345376987, -9.505983732873396 ], [ -77.351253063827613, -9.505927633567165 ], [ -77.351195782296884, -9.505871534246856 ], [ -77.350854407963354, -9.505873832099756 ], [ -77.35079789797507, -9.505930697389562 ], [ -77.350741387968142, -9.505987562674552 ], [ -77.350684877942598, -9.506044427954729 ], [ -77.350628367898409, -9.506101293230095 ], [ -77.350571857835604, -9.506158158500646 ], [ -77.350515347754168, -9.506215023766382 ], [ -77.350458066254788, -9.506158924308309 ], [ -77.350400784774052, -9.506102824836159 ], [ -77.34892149353098, -9.506112776668848 ], [ -77.348864212248756, -9.506056676881988 ], [ -77.348806930985177, -9.506000577081052 ], [ -77.348749649740213, -9.505944477266041 ], [ -77.348692368513895, -9.505888377436962 ], [ -77.348635087306192, -9.505832277593804 ], [ -77.34857780611712, -9.505776177736575 ], [ -77.348520524946693, -9.505720077865274 ], [ -77.348463243794882, -9.505663977979898 ], [ -77.348405962661715, -9.50560787808045 ], [ -77.348348681547179, -9.505551778166929 ], [ -77.348234889984397, -9.505552543202343 ], [ -77.348177608902319, -9.505496443251628 ], [ -77.34812032783887, -9.505440343286843 ], [ -77.348006536294193, -9.505441108239024 ], [ -77.347949255263217, -9.505385008237045 ], [ -77.347891974250871, -9.50532890822099 ], [ -77.347778182724298, -9.505329673089941 ], [ -77.34772090174441, -9.505273573036698 ], [ -77.34766362078318, -9.505217472969385 ], [ -77.347549829274698, -9.505218237755104 ], [ -77.347492548345926, -9.505162137650597 ], [ -77.34743526743577, -9.505106037532023 ], [ -77.347377986544245, -9.505049937399376 ], [ -77.347320705671351, -9.504993837252661 ], [ -77.347263424817086, -9.504937737091879 ], [ -77.347206143981438, -9.504881636917023 ], [ -77.347148863164435, -9.504825536728099 ], [ -77.347091582366048, -9.504769436525104 ], [ -77.347034301586305, -9.504713336308043 ], [ -77.346977020825165, -9.504657236076914 ], [ -77.346919740082669, -9.504601135831711 ], [ -77.346918969982113, -9.504488170813932 ], [ -77.346861689281653, -9.504432070549646 ], [ -77.346634106642668, -9.504433599436773 ], [ -77.346576825988521, -9.504377499112184 ], [ -77.346519545353004, -9.504321398773525 ], [ -77.346405754046842, -9.504322163115377 ], [ -77.346349243338949, -9.504379027805136 ], [ -77.346292732612412, -9.504435892490072 ], [ -77.345496192873512, -9.504441241653263 ], [ -77.345438912357778, -9.504385141097519 ], [ -77.34538163186069, -9.504329040527706 ], [ -77.345324351382217, -9.50427293994383 ], [ -77.345267070922375, -9.504216839345888 ], [ -77.345153279548185, -9.504217603271655 ], [ -77.345095999120815, -9.504161502636537 ], [ -77.345038718712075, -9.504105401987353 ], [ -77.344981438321952, -9.504049301324105 ], [ -77.344924157950459, -9.503993200646793 ], [ -77.344866877597596, -9.503937099955417 ], [ -77.34480959726335, -9.503880999249974 ], [ -77.344468223332612, -9.503883290389352 ], [ -77.344410943058534, -9.503827189600509 ], [ -77.344353662803073, -9.503771088797606 ], [ -77.344296382566256, -9.50371498798064 ], [ -77.344239102348041, -9.503658887149609 ], [ -77.344125311074052, -9.503659650696324 ], [ -77.344068030888309, -9.503603549828124 ], [ -77.34401075072121, -9.503547448945858 ], [ -77.343953470572728, -9.503491348049534 ], [ -77.343896190442877, -9.503435247139146 ], [ -77.343838910331641, -9.5033791462147 ], [ -77.343838141342133, -9.503266180938672 ], [ -77.343780861272933, -9.503210079995149 ], [ -77.343723581222363, -9.503153979037565 ], [ -77.343666301190396, -9.503097878065921 ], [ -77.343609021177087, -9.503041777080217 ], [ -77.343551741182381, -9.502985676080451 ], [ -77.343494461206305, -9.502929575066625 ], [ -77.343492154716444, -9.502590679143569 ], [ -77.3434348748292, -9.502534578100647 ], [ -77.343377594960586, -9.502478477043663 ], [ -77.343372982519796, -9.501800685116075 ], [ -77.34331570281023, -9.501744584014956 ], [ -77.343258423119266, -9.501688482899779 ], [ -77.343257654459393, -9.501575517565724 ], [ -77.343200374810465, -9.501519416431478 ], [ -77.343143095180139, -9.501463315283173 ], [ -77.343085815568443, -9.50140721412081 ], [ -77.342516862349612, -9.501411028712136 ], [ -77.342459582825768, -9.501354927420198 ], [ -77.34240230332054, -9.5012988261142 ], [ -77.342288512675779, -9.501299588875339 ], [ -77.342231233203023, -9.501243487532184 ], [ -77.342173953748869, -9.501187386174978 ], [ -77.342116674313331, -9.501131284803714 ], [ -77.342059394896438, -9.501075183418392 ], [ -77.342002115498147, -9.501019082019017 ], [ -77.342001347305271, -9.500906116578674 ], [ -77.341944067949001, -9.500850015160234 ], [ -77.341886788611362, -9.500793913727737 ], [ -77.341829509292324, -9.500737812281185 ], [ -77.341260556665247, -9.500741624562096 ], [ -77.341203277434062, -9.500685522985989 ], [ -77.341145998221492, -9.500629421395837 ], [ -77.340804626613703, -9.50063170818213 ], [ -77.340748115215874, -9.50068857205283 ], [ -77.340691603799414, -9.500745435918709 ], [ -77.340577813197598, -9.500746198079115 ], [ -77.34052130173913, -9.500803061926289 ], [ -77.340464790262033, -9.500859925768635 ], [ -77.340009627572158, -9.500862973929546 ], [ -77.339952348469879, -9.500806872104373 ], [ -77.33989506938623, -9.500750770265149 ], [ -77.339781278717595, -9.500751532166754 ], [ -77.339723999666418, -9.50069543029038 ], [ -77.339666720633844, -9.500639328399961 ], [ -77.339610209002075, -9.500696192131915 ], [ -77.33955369735169, -9.500753055859045 ], [ -77.338870953024923, -9.500757626048589 ], [ -77.338814441215575, -9.500814489687626 ], [ -77.338757929387583, -9.500871353321827 ], [ -77.338701417540989, -9.500928216951198 ], [ -77.338644905675778, -9.500985080575736 ], [ -77.338588393791937, -9.501041944195439 ], [ -77.33853188188948, -9.501098807810314 ], [ -77.338475369968393, -9.501155671420353 ], [ -77.338418858028703, -9.501212535025561 ], [ -77.337849903225077, -9.501216341944955 ], [ -77.337792624315796, -9.501160239695984 ], [ -77.337735345425116, -9.501104137432968 ], [ -77.337678066553067, -9.501048035155904 ], [ -77.337620787699649, -9.500991932864789 ], [ -77.337563508864832, -9.500935830559632 ], [ -77.337506230048646, -9.500879728240427 ], [ -77.336709693504943, -9.500885055404803 ], [ -77.336652414804348, -9.500828952909911 ], [ -77.336595136122369, -9.500772850400974 ], [ -77.336537857459021, -9.500716747877997 ], [ -77.336480578814303, -9.500660645340973 ], [ -77.336025415086993, -9.500663688252065 ], [ -77.3359681365163, -9.500607585608636 ], [ -77.335910857964237, -9.500551482951169 ], [ -77.335455694195318, -9.500554525085997 ], [ -77.335398415717293, -9.500498422322133 ], [ -77.335341137257885, -9.500442319544229 ], [ -77.334772182470957, -9.500446121150034 ], [ -77.334714904099457, -9.500390018242658 ], [ -77.334657625746587, -9.500333915321239 ], [ -77.334600347412319, -9.500277812385775 ], [ -77.334543069096682, -9.500221709436277 ], [ -77.334315487226107, -9.500223229635118 ], [ -77.334258208956797, -9.500167126625408 ], [ -77.334200930706118, -9.50011102360166 ], [ -77.334087139784259, -9.500111783599454 ], [ -77.334029861566052, -9.500055680538582 ], [ -77.33397258336646, -9.499999577463672 ], [ -77.333915305185485, -9.499943474374721 ], [ -77.33385802702314, -9.499887371271734 ], [ -77.333744236147197, -9.499888131140224 ], [ -77.333686958017324, -9.499832028000116 ], [ -77.333629679906068, -9.499775924845968 ], [ -77.333174516417984, -9.499778963765582 ], [ -77.33311800356411, -9.499835826672621 ], [ -77.333061490691648, -9.499892689574819 ], [ -77.33294769974907, -9.499893449184526 ], [ -77.332891186834601, -9.499950312067991 ], [ -77.332834673901502, -9.500007174946616 ], [ -77.3327781609498, -9.500064037820398 ], [ -77.332721647979469, -9.500120900689337 ], [ -77.332665134990521, -9.500177763553429 ], [ -77.332608621982942, -9.500234626412677 ], [ -77.332552108956762, -9.500291489267086 ], [ -77.332495595911951, -9.500348352116648 ], [ -77.332381804772851, -9.500349111578275 ], [ -77.332325291686047, -9.500405974409103 ], [ -77.332268778580627, -9.500462837235087 ], [ -77.332212265456576, -9.500519700056225 ], [ -77.332155752313909, -9.500576562872521 ], [ -77.332099239152626, -9.50063342568397 ], [ -77.332042725972713, -9.500690288490576 ], [ -77.331986212774197, -9.500747151292332 ], [ -77.331929699557051, -9.500804014089246 ], [ -77.331873186321289, -9.500860876881312 ], [ -77.331873951190147, -9.500973843142084 ], [ -77.331817437921899, -9.501030705933506 ], [ -77.33176092463502, -9.501087568720079 ], [ -77.331704411329511, -9.50114443150181 ], [ -77.3316478980054, -9.501201294278694 ], [ -77.331591384662659, -9.501258157050728 ], [ -77.331477593149529, -9.501258916290089 ], [ -77.331421079764795, -9.501315779043386 ], [ -77.33136456636143, -9.501372641791834 ], [ -77.331250774792025, -9.501373400966434 ], [ -77.331194261346681, -9.501430263696141 ], [ -77.331137747882707, -9.501487126421001 ], [ -77.331023956257027, -9.501487885530837 ], [ -77.33096744275106, -9.501544748236952 ], [ -77.330910929226462, -9.50160161093822 ], [ -77.330854415683234, -9.50165847363464 ], [ -77.33079790212139, -9.501715336326212 ], [ -77.330456526906843, -9.501717613267113 ], [ -77.330400013256252, -9.501774475912146 ], [ -77.330343499587016, -9.50183133855233 ], [ -77.330229707783076, -9.501832097430885 ], [ -77.330173194071861, -9.50188896005232 ], [ -77.330116680342016, -9.501945822668908 ], [ -77.330002888481815, -9.50194658148269 ], [ -77.329946374709962, -9.502003444080527 ], [ -77.329889860919508, -9.502060306673515 ], [ -77.329833347110423, -9.502117169261648 ], [ -77.329776833282708, -9.502174031844932 ], [ -77.329321665372845, -9.502177066507905 ], [ -77.329265151433006, -9.502233929030742 ], [ -77.329208637474551, -9.502290791548727 ], [ -77.329094845426582, -9.502291550094222 ], [ -77.329038331426105, -9.502348412593452 ], [ -77.32898181740704, -9.502405275087829 ], [ -77.32886802530281, -9.502406033568546 ], [ -77.328811511241739, -9.50246289604417 ], [ -77.328754997162036, -9.502519758514941 ], [ -77.327844659612296, -9.502525824806964 ], [ -77.327788145326991, -9.502582687161661 ], [ -77.327731631023056, -9.502639549511501 ], [ -77.32704887718144, -9.502644097510501 ], [ -77.326992362718656, -9.502700959772055 ], [ -77.326935848237227, -9.502757822028759 ], [ -77.326822055850329, -9.502758579871346 ], [ -77.326764777982092, -9.502702475448064 ], [ -77.326707500132471, -9.502646371010757 ], [ -77.326479915385704, -9.50264788649269 ], [ -77.326423400806064, -9.502704748684717 ], [ -77.326366886207794, -9.502761610871888 ], [ -77.325001376369258, -9.502770700323307 ], [ -77.324944861471948, -9.502827562338718 ], [ -77.324888346555994, -9.50288442434927 ], [ -77.324774553961063, -9.502885181535357 ], [ -77.324718039003116, -9.502942043527133 ], [ -77.324661524026553, -9.502998905514051 ], [ -77.324547731375404, -9.502999662635336 ], [ -77.324491216356847, -9.50305652460348 ], [ -77.32443470131966, -9.50311338656676 ], [ -77.324320908612293, -9.50311414362324 ], [ -77.324264393533127, -9.503171005567747 ], [ -77.324207878435317, -9.503227867507388 ], [ -77.32415136331889, -9.50328472944217 ], [ -77.324094848183833, -9.503341591372086 ], [ -77.324038333030174, -9.503398453297137 ], [ -77.323981817857856, -9.503455315217328 ], [ -77.323925302666922, -9.503512177132651 ], [ -77.323868787457371, -9.503569039043114 ], [ -77.323812272229191, -9.503625900948709 ], [ -77.323755756982379, -9.503682762849442 ], [ -77.323699241716938, -9.503739624745309 ], [ -77.32364272643288, -9.503796486636309 ], [ -77.323586211130191, -9.503853348522448 ], [ -77.323529695808858, -9.503910210403717 ], [ -77.323473180468909, -9.503967072280124 ], [ -77.323474705216057, -9.504193006115862 ], [ -77.323418189829709, -9.504249867995769 ], [ -77.323361674424717, -9.504306729870811 ], [ -77.323305159001123, -9.504363591740987 ], [ -77.323248643558884, -9.504420453606294 ], [ -77.323192128098015, -9.504477315466739 ], [ -77.323135612618529, -9.504534177322316 ], [ -77.323079097120399, -9.50459103917302 ], [ -77.323022581603652, -9.504647901018863 ], [ -77.322966066068261, -9.50470476285984 ], [ -77.32290955051424, -9.504761624695949 ], [ -77.322853034941602, -9.504818486527189 ], [ -77.322511654716479, -9.504820756444285 ], [ -77.322455139055094, -9.504877618228901 ], [ -77.322398623375094, -9.504934480008652 ], [ -77.322284829901037, -9.504935236545865 ], [ -77.322228314179043, -9.504992098306825 ], [ -77.322171798438418, -9.505048960062918 ], [ -77.321830417819186, -9.505051229369105 ], [ -77.321773901989843, -9.505108091078565 ], [ -77.321717386141856, -9.505164952783154 ], [ -77.321262211663353, -9.505167977895495 ], [ -77.321204933984873, -9.505111872446115 ], [ -77.321204172275912, -9.504998905351913 ], [ -77.321146894639426, -9.504942799883548 ], [ -77.321089617021556, -9.504886694401161 ], [ -77.321032339422331, -9.504830588904758 ], [ -77.320975061841722, -9.504774483394336 ], [ -77.320917784279743, -9.504718377869898 ], [ -77.320690197224948, -9.504719889909 ], [ -77.320632919709382, -9.504663784324407 ], [ -77.320575642212461, -9.504607678725796 ], [ -77.32051836473417, -9.504551573113172 ], [ -77.320461087274495, -9.504495467486526 ], [ -77.320403809833465, -9.504439361845865 ], [ -77.320346532411037, -9.504383256191185 ], [ -77.320005152007965, -9.50438552355722 ], [ -77.319947874645877, -9.504329417819324 ], [ -77.319890597302404, -9.504273312067417 ], [ -77.319833319977562, -9.504217206301496 ], [ -77.31977604267135, -9.504161100521559 ], [ -77.319718765383783, -9.504104994727602 ], [ -77.319717243114454, -9.50387906028644 ], [ -77.319659965892214, -9.503822954468539 ], [ -77.318749618997458, -9.503828997897157 ], [ -77.31869310269019, -9.503885859184761 ], [ -77.31863658636432, -9.50394272046749 ], [ -77.318580070019792, -9.503999581745347 ], [ -77.318523553656661, -9.504056443018326 ], [ -77.318467037274885, -9.504113304286429 ], [ -77.318410520874494, -9.504170165549656 ], [ -77.318354004455472, -9.504227026808008 ], [ -77.318297488017805, -9.504283888061485 ], [ -77.318183694426537, -9.504284643212221 ], [ -77.318127177946891, -9.504341504446893 ], [ -77.31807066144863, -9.504398365676691 ], [ -77.318014144931723, -9.504455226901612 ], [ -77.317957628396215, -9.504512088121656 ], [ -77.317901111842048, -9.504568949336825 ], [ -77.317844595269264, -9.504625810547111 ], [ -77.317788078677864, -9.504682671752523 ], [ -77.317788839240635, -9.504795639123323 ], [ -77.317732322616692, -9.504852500328031 ], [ -77.317675805974119, -9.50490936152786 ], [ -77.317619289312915, -9.50496622272281 ], [ -77.317562772633067, -9.505023083912883 ], [ -77.317506255934603, -9.505079945098078 ], [ -77.317449739217508, -9.505136806278392 ], [ -77.317393222481797, -9.505193667453831 ], [ -77.317051840558463, -9.505195932126524 ], [ -77.316995323734048, -9.505252793255291 ], [ -77.316938806890974, -9.505309654379181 ], [ -77.316882290029298, -9.50536651549819 ], [ -77.316825773148977, -9.505423376612317 ], [ -77.316598184965983, -9.505424886097703 ], [ -77.316541668020321, -9.50548174717909 ], [ -77.316485151056028, -9.505538608255593 ], [ -77.316371356903645, -9.505539362914934 ], [ -77.316314839897359, -9.505596223972624 ], [ -77.316258322872443, -9.505653085025433 ], [ -77.316201805828896, -9.505709946073361 ], [ -77.316145288766734, -9.505766807116409 ], [ -77.316088771685926, -9.505823668154571 ], [ -77.316032254586489, -9.505880529187854 ], [ -77.315975737468406, -9.505937390216253 ], [ -77.315919220331708, -9.505994251239768 ], [ -77.315805425983029, -9.505995005750648 ], [ -77.315748908804338, -9.50605186675535 ], [ -77.315692391607016, -9.506108727755167 ], [ -77.315578597202176, -9.506109482201182 ], [ -77.315522079962861, -9.506166343182182 ], [ -77.315465562704915, -9.506223204158296 ], [ -77.315409045428353, -9.506280065129529 ], [ -77.315409805340906, -9.506393032681002 ], [ -77.315353288031787, -9.506449893651519 ], [ -77.315296770704052, -9.506506754617151 ], [ -77.315240253357658, -9.506563615577896 ], [ -77.315183735992647, -9.506620476533758 ], [ -77.315127218608993, -9.506677337484737 ], [ -77.315070701206707, -9.506734198430832 ], [ -77.315014183785792, -9.506791059372041 ], [ -77.314957666346231, -9.506847920308362 ], [ -77.31490114888804, -9.506904781239799 ], [ -77.314673559414956, -9.506906289704608 ], [ -77.31461704189141, -9.506963150603283 ], [ -77.314560524349247, -9.507020011497072 ], [ -77.314446729551833, -9.507020765646104 ], [ -77.314390211967677, -9.507077626521063 ], [ -77.314333694364876, -9.507134487391141 ], [ -77.31427717674346, -9.507191348256333 ], [ -77.314220659103384, -9.507248209116634 ], [ -77.314164141444707, -9.50730506997205 ], [ -77.314165660629371, -9.5075310052607 ], [ -77.314222937936322, -9.50758711203593 ], [ -77.314280215261874, -9.507643218797151 ], [ -77.314280974915093, -9.507756186430388 ], [ -77.314338252282653, -9.507812293172647 ], [ -77.314395529668857, -9.507868399900897 ], [ -77.314396289378223, -9.507981367523429 ], [ -77.314339771664109, -9.508038228426836 ], [ -77.314283253931364, -9.508095089325352 ], [ -77.31422673617999, -9.508151950218981 ], [ -77.31417021840997, -9.508208811107716 ], [ -77.31411370062132, -9.508265671991571 ], [ -77.314057182814039, -9.508322532870535 ], [ -77.3140006649881, -9.50837939374461 ], [ -77.313944147143545, -9.508436254613795 ], [ -77.313887629280345, -9.508493115478094 ], [ -77.313773833941738, -9.508493869523669 ], [ -77.313717316036531, -9.508550730369132 ], [ -77.313660798112693, -9.50860759120971 ], [ -77.313604280170225, -9.508664452045394 ], [ -77.313547762209126, -9.508721312876188 ], [ -77.313491244229368, -9.508778173702094 ], [ -77.313434726230994, -9.508835034523109 ], [ -77.313378208213962, -9.508891895339236 ], [ -77.313378967672818, -9.509004863036738 ], [ -77.313322449623243, -9.509061723852136 ], [ -77.313265931555009, -9.509118584662646 ], [ -77.313209413468158, -9.509175445468262 ], [ -77.313095617849271, -9.509176199346502 ], [ -77.313039099720413, -9.509233060133282 ], [ -77.313042137278373, -9.509684931018487 ], [ -77.312985619075178, -9.509741791817028 ], [ -77.312871823251029, -9.509742545666823 ], [ -77.312815305005856, -9.509799406446524 ], [ -77.312758786742037, -9.509856267221334 ], [ -77.312644990861727, -9.509857021006226 ], [ -77.312588472555916, -9.509913881762193 ], [ -77.312589231838743, -9.510026849516404 ], [ -77.31253271350036, -9.510083710271639 ], [ -77.312476195143347, -9.510140571021983 ], [ -77.312485306938996, -9.511496184110843 ], [ -77.312428788396247, -9.511553044906236 ], [ -77.312372269834839, -9.511609905696737 ], [ -77.312315751254786, -9.511666766482342 ], [ -77.312259232656103, -9.511723627263052 ], [ -77.312202714038762, -9.511780488038866 ], [ -77.312146195402775, -9.511837348809783 ], [ -77.312089676748144, -9.511894209575805 ], [ -77.312033158074883, -9.511951070336931 ], [ -77.312034676616733, -9.512177005907279 ], [ -77.311978157896959, -9.512233866671831 ], [ -77.311921639158541, -9.512290727431484 ], [ -77.311865120401478, -9.512347588186243 ], [ -77.311808601625771, -9.512404448936106 ], [ -77.311813916429344, -9.513195223523971 ], [ -77.311757397537477, -9.513252084298063 ], [ -77.311700878626965, -9.513308945067253 ], [ -77.311644359697809, -9.513365805831548 ], [ -77.311587840749993, -9.513422666590943 ], [ -77.311591637042582, -9.513987505641808 ], [ -77.311648915360792, -9.514043612665255 ], [ -77.31170619369766, -9.514099719674695 ], [ -77.311763472053173, -9.51415582667012 ], [ -77.31182075042733, -9.514211933651541 ], [ -77.311764231410081, -9.514268794463074 ], [ -77.311707712374172, -9.514325655269714 ], [ -77.311708471726575, -9.514438623066042 ], [ -77.311765750152176, -9.514494730046618 ], [ -77.311823028596436, -9.514550837013189 ], [ -77.311823788005, -9.514663804798825 ], [ -77.311767268932002, -9.514720665627003 ], [ -77.311710749840358, -9.514777526450285 ], [ -77.311713028039051, -9.515116429827422 ], [ -77.311770306604856, -9.5151725367783 ], [ -77.311827585189306, -9.515228643715167 ], [ -77.311832142121759, -9.515906450388725 ], [ -77.311889420865072, -9.515962557281879 ], [ -77.311946699627043, -9.51601866416102 ], [ -77.312003978407674, -9.516074771026149 ], [ -77.312061257206949, -9.516130877877268 ], [ -77.312062016822182, -9.516243845633632 ], [ -77.312119295663479, -9.516299952465785 ], [ -77.312176574523434, -9.516356059283929 ], [ -77.312177334194828, -9.516469027029597 ], [ -77.31223461309682, -9.516525133828775 ], [ -77.312291892017456, -9.516581240613942 ], [ -77.312295690749693, -9.517146079280934 ], [ -77.312352969805843, -9.51720218602733 ], [ -77.312410248880639, -9.517258292759712 ], [ -77.312412528373429, -9.517597195920724 ], [ -77.312356009054938, -9.517654056926904 ], [ -77.312299489717802, -9.517710917928186 ], [ -77.312242970361993, -9.517767778924563 ], [ -77.312186450987539, -9.517824639916041 ], [ -77.312129931594413, -9.517881500902618 ], [ -77.312073412182642, -9.517938361884289 ], [ -77.312016892752197, -9.517995222861058 ], [ -77.311960373303123, -9.518052083832927 ], [ -77.311903853835361, -9.518108944799897 ], [ -77.311847334348968, -9.518165805761958 ], [ -77.311790814843903, -9.518222666719117 ], [ -77.311734295320193, -9.518279527671378 ], [ -77.311735055002714, -9.51839249544007 ], [ -77.31167853544639, -9.518449356391587 ], [ -77.311622015871421, -9.518506217338196 ], [ -77.311624294891899, -9.518845120664496 ], [ -77.311567775256449, -9.518901981618685 ], [ -77.311511255602326, -9.518958842567971 ], [ -77.311454735929559, -9.519015703512347 ], [ -77.311398216238103, -9.519072564451827 ], [ -77.311341696528018, -9.519129425386398 ], [ -77.311285176799259, -9.519186286316064 ], [ -77.311228657051842, -9.519243147240825 ], [ -77.311172137285766, -9.519300008160682 ], [ -77.311174416056502, -9.519638911579708 ], [ -77.311117896229916, -9.519695772507138 ], [ -77.311061376384686, -9.519752633429661 ], [ -77.311065174385035, -9.520317472487168 ], [ -77.311122453942303, -9.520373579348819 ], [ -77.311179733518244, -9.520429686196456 ], [ -77.311237013112816, -9.520485793030083 ], [ -77.311294292726075, -9.52054189984969 ], [ -77.311301890369123, -9.521671577707494 ], [ -77.311359170234837, -9.521727684463592 ], [ -77.311416450119196, -9.521783791205671 ], [ -77.311428609057913, -9.523591275455447 ], [ -77.311372088789867, -9.523648136556407 ], [ -77.311315568503176, -9.523704997652459 ], [ -77.311316328489113, -9.523817965419674 ], [ -77.311259808169794, -9.523874826514977 ], [ -77.311203287831788, -9.523931687605367 ], [ -77.311146767475137, -9.523988548690852 ], [ -77.311090247099798, -9.524045409771423 ], [ -77.311091766988326, -9.524271345336757 ], [ -77.311035246566419, -9.524328206420737 ], [ -77.310978726125839, -9.524385067499807 ], [ -77.310980245996262, -9.524611003078613 ], [ -77.310923725509085, -9.52466786416109 ], [ -77.310867205003262, -9.524724725238654 ], [ -77.310810684478767, -9.524781586311311 ], [ -77.310754163935584, -9.524838447379052 ], [ -77.310757203566283, -9.525290318593726 ], [ -77.310700682948607, -9.525347179673188 ], [ -77.310644162312272, -9.525404040747741 ], [ -77.310645682128353, -9.52562997636697 ], [ -77.310589161445421, -9.525686837444926 ], [ -77.310532640743816, -9.525743698517969 ], [ -77.310476120023537, -9.525800559586097 ], [ -77.310419599284586, -9.525857420649315 ], [ -77.310363078526947, -9.525914281707621 ], [ -77.310306557750664, -9.52597114276101 ], [ -77.310250036955694, -9.526028003809488 ], [ -77.310136235522592, -9.52602875804506 ], [ -77.310079714685571, -9.526085619074637 ], [ -77.310023193829863, -9.526142480099301 ], [ -77.309966672955483, -9.52619934111905 ], [ -77.309910152062415, -9.526256202133885 ], [ -77.309796350526355, -9.526256956276439 ], [ -77.309739829591251, -9.526313817272371 ], [ -77.30968330863746, -9.526370678263392 ], [ -77.309626787664996, -9.526427539249493 ], [ -77.309570266673859, -9.526484400230681 ], [ -77.309513745664049, -9.526541261206953 ], [ -77.309457224635551, -9.526598122178308 ], [ -77.309400703588395, -9.526654983144747 ], [ -77.309344182522551, -9.52671184410627 ], [ -77.309287661438049, -9.526768705062878 ], [ -77.309231140334859, -9.526825566014569 ], [ -77.309003536766738, -9.526827073908695 ], [ -77.308947015598093, -9.526883934827493 ], [ -77.30889049441079, -9.526940795741369 ], [ -77.308833973204813, -9.526997656650332 ], [ -77.308777451980148, -9.527054517554379 ], [ -77.308720930736811, -9.527111378453503 ], [ -77.308664409474801, -9.527168239347711 ], [ -77.308607888194103, -9.527225100237002 ], [ -77.308551366894747, -9.527281961121375 ], [ -77.308494845576703, -9.527338822000829 ], [ -77.308495604930613, -9.527451789970346 ], [ -77.308439083579941, -9.527508650849036 ], [ -77.308382562210568, -9.527565511722809 ], [ -77.30832604082255, -9.527622372591656 ], [ -77.30826951941583, -9.527679233455592 ], [ -77.308212997990438, -9.527736094314601 ], [ -77.308156476546358, -9.527792955168692 ], [ -77.308157235825888, -9.527905923162345 ], [ -77.30810071434918, -9.527962784015671 ], [ -77.308044192853799, -9.528019644864077 ], [ -77.307987671339717, -9.528076505707563 ], [ -77.307931149806976, -9.528133366546129 ], [ -77.30793190904005, -9.528246334555602 ], [ -77.307875387474652, -9.5283031953934 ], [ -77.307818865890596, -9.528360056226278 ], [ -77.307762344287838, -9.528416917054235 ], [ -77.307705822666406, -9.528473777877268 ], [ -77.307707341049039, -9.528699713927066 ], [ -77.307650819380996, -9.528756574753487 ], [ -77.307594297694266, -9.528813435574982 ], [ -77.307605686345539, -9.53050795597226 ], [ -77.30754916443054, -9.530564816851117 ], [ -77.307492642496854, -9.530621677725049 ], [ -77.30743612054448, -9.530678538594058 ], [ -77.307379598573434, -9.530735399458143 ], [ -77.307381117108562, -9.530961335530892 ], [ -77.307438398403207, -9.531017442689537 ], [ -77.307495679716567, -9.531073549834167 ], [ -77.307500235828599, -9.531751357974127 ], [ -77.307443713736475, -9.531808218884656 ], [ -77.307387191625651, -9.531865079790258 ], [ -77.307388710349088, -9.532091015847193 ], [ -77.307332188191637, -9.532147876756175 ], [ -77.307275666015485, -9.53220473766023 ], [ -77.30721914382066, -9.532261598559359 ], [ -77.307162621607134, -9.532318459453561 ], [ -77.307106099374934, -9.532375320342837 ], [ -77.307049577124047, -9.532432181227188 ], [ -77.306993054854473, -9.532489042106612 ], [ -77.306936532566212, -9.532545902981107 ], [ -77.306880010259249, -9.532602763850678 ], [ -77.306823487933613, -9.532659624715318 ], [ -77.30676696558929, -9.532716485575035 ], [ -77.306710443226279, -9.532773346429824 ], [ -77.306653920844568, -9.532830207279686 ], [ -77.306597398444183, -9.532887068124616 ], [ -77.30659891681384, -9.533113004294618 ], [ -77.306542394366801, -9.533169865142922 ], [ -77.306485871901074, -9.533226725986299 ], [ -77.306487390252457, -9.533452662169736 ], [ -77.306430867740076, -9.533509523016484 ], [ -77.306374345208994, -9.533566383858302 ], [ -77.306317822659238, -9.533623244695194 ], [ -77.306261300090796, -9.533680105527154 ], [ -77.306204777503652, -9.533736966354187 ], [ -77.306148254897835, -9.533793827176288 ], [ -77.306091732273302, -9.533850687993461 ], [ -77.306035209630096, -9.533907548805704 ], [ -77.305978686968203, -9.533964409613016 ], [ -77.305922164287622, -9.534021270415399 ], [ -77.305865641588326, -9.534078131212851 ], [ -77.305809118870357, -9.53413499200537 ], [ -77.305752596133715, -9.534191852792963 ], [ -77.305696073378371, -9.534248713575622 ], [ -77.305696832372391, -9.534361681724242 ], [ -77.305640309584362, -9.534418542506119 ], [ -77.305583786777646, -9.534475403283064 ], [ -77.305585304737974, -9.534701339594525 ], [ -77.30552878188459, -9.534758200374835 ], [ -77.305472259012518, -9.534815061150214 ], [ -77.305415736121745, -9.534871921920661 ], [ -77.305359213212299, -9.534928782686174 ], [ -77.305361490055503, -9.535267687197212 ], [ -77.305418771987462, -9.535323794583871 ], [ -77.305476053938122, -9.535379901956508 ], [ -77.305476812951468, -9.535492870115398 ], [ -77.305534094944207, -9.535548977469078 ], [ -77.305591376955661, -9.53560508480874 ], [ -77.305592136025211, -9.535718052956955 ], [ -77.305649418078744, -9.535774160277661 ], [ -77.305706700150964, -9.535830267584345 ], [ -77.305708218411894, -9.536056203858653 ], [ -77.305765500549612, -9.536112311141439 ], [ -77.305822782706016, -9.536168418410201 ], [ -77.305766259717586, -9.536225279272465 ], [ -77.305709736710455, -9.536282140129797 ], [ -77.305710495873853, -9.536395108264184 ], [ -77.305653972834037, -9.536451969120726 ], [ -77.305597449775519, -9.536508829972341 ], [ -77.305654731992846, -9.53656493725847 ], [ -77.30571201422886, -9.536621044530582 ], [ -77.305769296483589, -9.53667715178867 ], [ -77.305826578756992, -9.536733259032738 ], [ -77.305827337995424, -9.536846227154875 ], [ -77.305884620310934, -9.536902334379981 ], [ -77.305941902645145, -9.536958441591068 ], [ -77.305999184998043, -9.537014548788134 ], [ -77.306056467369643, -9.537070655971174 ], [ -77.30611374975993, -9.537126763140197 ], [ -77.306171032168919, -9.537182870295194 ], [ -77.306228314596609, -9.53723897743617 ], [ -77.306285597042987, -9.537295084563123 ], [ -77.30634287950808, -9.537351191676056 ], [ -77.306400161991846, -9.537407298774964 ], [ -77.306457444494328, -9.53746340585985 ], [ -77.306514727015497, -9.537519512930709 ], [ -77.306515486544157, -9.537632480992771 ], [ -77.306572769107433, -9.53768858804467 ], [ -77.306630051689396, -9.537744695082543 ], [ -77.306687334290061, -9.537800802106394 ], [ -77.306801139901808, -9.537800048074665 ], [ -77.306858422535171, -9.537856155061386 ], [ -77.306859182204263, -9.537969123093797 ], [ -77.30691646487972, -9.53802523006155 ], [ -77.307144076205731, -9.538023721776113 ], [ -77.307201358927855, -9.538079828683625 ], [ -77.307258641668696, -9.538135935577113 ], [ -77.307372447345571, -9.538135181332491 ], [ -77.307429730119082, -9.538191288188846 ], [ -77.307430490003412, -9.53830425617342 ], [ -77.307487772819044, -9.538360363010806 ], [ -77.307545055653378, -9.538416469834164 ], [ -77.307602338506399, -9.538472576643494 ], [ -77.307659621378136, -9.538528683438802 ], [ -77.307716904268574, -9.53858479022008 ], [ -77.307774187177699, -9.538640896987333 ], [ -77.307774947211882, -9.53875386494146 ], [ -77.307832230163129, -9.538809971689741 ], [ -77.307889513133063, -9.538866078423993 ], [ -77.307946796121698, -9.538922185144221 ], [ -77.308743437098869, -9.538916902647303 ], [ -77.308800720204133, -9.538973009191722 ], [ -77.308858003328098, -9.539029115722103 ], [ -77.308915286470764, -9.539085222238459 ], [ -77.308972569632132, -9.539141328740781 ], [ -77.309029852812202, -9.539197435229079 ], [ -77.309087136010973, -9.539253541703342 ], [ -77.309144419228446, -9.539309648163579 ], [ -77.309201702464605, -9.539365754609783 ], [ -77.309258985719481, -9.539421861041957 ], [ -77.309316268993058, -9.539477967460099 ], [ -77.309373552285322, -9.539534073864212 ], [ -77.309430835596302, -9.539590180254294 ], [ -77.30948811892597, -9.539646286630342 ], [ -77.309545402274352, -9.539702392992362 ], [ -77.309602685641423, -9.539758499340351 ], [ -77.309659969027223, -9.539814605674307 ], [ -77.309717252431696, -9.539870711994231 ], [ -77.309774535854871, -9.539926818300122 ], [ -77.310457372121419, -9.539922286501209 ], [ -77.310514655647253, -9.539978392654364 ], [ -77.31057193919176, -9.540034498793483 ], [ -77.310629222754969, -9.54009060491857 ], [ -77.310686506336907, -9.540146711029623 ], [ -77.310743789937518, -9.540202817126639 ], [ -77.31080107355686, -9.540258923209624 ], [ -77.311711522055546, -9.540252877622034 ], [ -77.311768805805471, -9.540308983506019 ], [ -77.311826089574083, -9.540365089375968 ], [ -77.311939895621947, -9.540364333464183 ], [ -77.311997179423258, -9.540420439296973 ], [ -77.312054463243271, -9.540476545115723 ], [ -77.312282075366625, -9.540475033088274 ], [ -77.312339359233306, -9.540531138846744 ], [ -77.312396643118703, -9.540587244591178 ], [ -77.312851867364017, -9.5405842199057 ], [ -77.312908389446434, -9.540527358012682 ], [ -77.31296491151015, -9.540470496114747 ], [ -77.313021433555178, -9.540413634211884 ], [ -77.313077955581491, -9.540356772304103 ], [ -77.31319176152553, -9.540356015983871 ], [ -77.313248283509722, -9.540299154057156 ], [ -77.313304805475198, -9.540242292125521 ], [ -77.313361327421987, -9.540185430188963 ], [ -77.313417849350074, -9.540128568247486 ], [ -77.313474371259446, -9.540071706301084 ], [ -77.31353089315013, -9.540014844349763 ], [ -77.313644698944188, -9.540014087908359 ], [ -77.313701220792737, -9.539957225938108 ], [ -77.313757742622599, -9.539900363962937 ], [ -77.313814264433745, -9.539843501982846 ], [ -77.313870786226175, -9.539786639997834 ], [ -77.314098397598599, -9.539785126891598 ], [ -77.314154919325489, -9.539728264873657 ], [ -77.314211441033692, -9.539671402850797 ], [ -77.314325246658882, -9.539670646213976 ], [ -77.314381768324964, -9.53961378417219 ], [ -77.314438289972315, -9.53955692212549 ], [ -77.314552095541231, -9.539556165423534 ], [ -77.314608617146476, -9.539499303357909 ], [ -77.314665138733019, -9.539442441287363 ], [ -77.314778944245617, -9.539441684520277 ], [ -77.31483546579004, -9.539384822430808 ], [ -77.314891987315761, -9.539327960336427 ], [ -77.31500579277207, -9.539327203504204 ], [ -77.31506231425567, -9.539270341390905 ], [ -77.315118835720554, -9.539213479272684 ], [ -77.315175357166751, -9.539156617149546 ], [ -77.315231878594247, -9.539099755021491 ], [ -77.315288400003041, -9.539042892888519 ], [ -77.315344921393134, -9.538986030750634 ], [ -77.315401442764511, -9.538929168607829 ], [ -77.315457964117215, -9.538872306460107 ], [ -77.315514485451217, -9.538815444307467 ], [ -77.315571006766504, -9.538758582149915 ], [ -77.315627528063104, -9.538701719987445 ], [ -77.315684049341002, -9.538644857820058 ], [ -77.315740570600184, -9.538587995647758 ], [ -77.315797091840693, -9.538531133470542 ], [ -77.315853613062487, -9.538474271288411 ], [ -77.315910134265593, -9.53841740910136 ], [ -77.315966655449984, -9.538360546909399 ], [ -77.316023176615687, -9.538303684712522 ], [ -77.316079697762703, -9.538246822510731 ], [ -77.316078935036202, -9.538133855218614 ], [ -77.316135456150533, -9.538076993016073 ], [ -77.316191977246177, -9.538020130808624 ], [ -77.316191214501188, -9.53790716352405 ], [ -77.316247735564147, -9.537850301315853 ], [ -77.316304256608433, -9.537793439102739 ], [ -77.316360777634003, -9.537736576884717 ], [ -77.316417298640872, -9.537679714661778 ], [ -77.316415773067504, -9.537453780123611 ], [ -77.316472294027747, -9.537396917904097 ], [ -77.316528814969288, -9.537340055679669 ], [ -77.316585335892128, -9.537283193450332 ], [ -77.316641856796281, -9.537226331216081 ], [ -77.316641093967903, -9.537113363962487 ], [ -77.316697614839384, -9.53705650172749 ], [ -77.316754135692165, -9.536999639487586 ], [ -77.316810656526243, -9.536942777242766 ], [ -77.316867177341649, -9.536885914993039 ], [ -77.316923698138353, -9.536829052738396 ], [ -77.316980218916356, -9.536772190478843 ], [ -77.317036739675672, -9.536715328214378 ], [ -77.317093260416286, -9.536658465945004 ], [ -77.317149781138198, -9.536601603670716 ], [ -77.317263585507988, -9.536600846315137 ], [ -77.317320106187779, -9.536543984021948 ], [ -77.317376626848883, -9.53648712172385 ], [ -77.317490431162383, -9.536486364303171 ], [ -77.317546951781367, -9.536429501986172 ], [ -77.317603472381649, -9.536372639664261 ], [ -77.317717276638831, -9.536371882178482 ], [ -77.317774560333106, -9.536427987005483 ], [ -77.317831844046054, -9.536484091818435 ], [ -77.317888364594779, -9.536427229459465 ], [ -77.317944885124803, -9.536370367095582 ], [ -77.318058689353606, -9.536369609498461 ], [ -77.318115209841508, -9.536312747115678 ], [ -77.318171730310709, -9.536255884727991 ], [ -77.318285534483209, -9.536255127065775 ], [ -77.318342054910303, -9.536198264659191 ], [ -77.31839857531871, -9.536141402247697 ], [ -77.318455095708416, -9.536084539831295 ], [ -77.318511616079405, -9.536027677409988 ], [ -77.318568136431736, -9.535970814983772 ], [ -77.318624656765365, -9.535913952552649 ], [ -77.318681177080279, -9.535857090116618 ], [ -77.318737697376534, -9.535800227675679 ], [ -77.318794217654073, -9.535743365229838 ], [ -77.318791927435015, -9.535404463956491 ], [ -77.318848447651987, -9.535347601518261 ], [ -77.318904967850258, -9.535290739075126 ], [ -77.318961488029842, -9.535233876627082 ], [ -77.319189095559949, -9.535232360910447 ], [ -77.319245615673992, -9.535175498429531 ], [ -77.319302135769348, -9.535118635943707 ], [ -77.319359419401422, -9.53517474050156 ], [ -77.319416703052184, -9.535230845045366 ], [ -77.319644310506561, -9.535229329031845 ], [ -77.319701594203949, -9.535285433515355 ], [ -77.319758877920023, -9.535341537984818 ], [ -77.319816161654785, -9.535397642440232 ], [ -77.319873445408234, -9.535453746881599 ], [ -77.319930729180385, -9.53550985130892 ], [ -77.319988012971223, -9.535565955722191 ], [ -77.320045296780748, -9.535622060121417 ], [ -77.320102580608975, -9.535678164506596 ], [ -77.320159864455889, -9.535734268877723 ], [ -77.32021714832149, -9.535790373234803 ], [ -77.320274432205807, -9.535846477577836 ], [ -77.320331716108811, -9.535902581906821 ], [ -77.320389000030488, -9.535958686221758 ], [ -77.320446283970867, -9.536014790522644 ], [ -77.320560087879286, -9.536014032136425 ], [ -77.320617371852322, -9.536070136400133 ], [ -77.320674655844059, -9.536126240649788 ], [ -77.320731939854468, -9.5361823448854 ], [ -77.32078922388358, -9.536238449106955 ], [ -77.320903027838355, -9.536237690591102 ], [ -77.320960311900137, -9.53629379477548 ], [ -77.321017595980592, -9.536349898945806 ], [ -77.322269439164955, -9.536341552312926 ], [ -77.322326723417646, -9.536397656214746 ], [ -77.32238400768901, -9.536453760102512 ], [ -77.322497811585933, -9.536453001048748 ], [ -77.322555095889953, -9.536509104899327 ], [ -77.322612380212675, -9.536565208735849 ], [ -77.322669664554098, -9.536621312558321 ], [ -77.322726948914209, -9.536677416366738 ], [ -77.323409772431518, -9.536672860709478 ], [ -77.323467056894046, -9.536728964365025 ], [ -77.323524341375276, -9.536785068006518 ], [ -77.323751949194346, -9.536783549064623 ], [ -77.323808468566568, -9.536726685965922 ], [ -77.323864987920103, -9.536669822862322 ], [ -77.324320203256946, -9.536666784421309 ], [ -77.3243774878311, -9.536722887891754 ], [ -77.324434772423956, -9.536778991348143 ], [ -77.324492057035499, -9.536835094790472 ], [ -77.324549341665744, -9.536891198218747 ], [ -77.324606626314662, -9.536947301632962 ], [ -77.324663910982295, -9.537003405033118 ], [ -77.324777714876504, -9.537002645191244 ], [ -77.324834999576794, -9.537058748554202 ], [ -77.324892284295757, -9.537114851903102 ], [ -77.325006088208383, -9.537114091977823 ], [ -77.325063372960003, -9.537170195289528 ], [ -77.325120657730309, -9.53722629858717 ], [ -77.325177942519332, -9.537282401870753 ], [ -77.325235227327028, -9.537338505140276 ], [ -77.325462835235427, -9.537336984993244 ], [ -77.325520120089735, -9.537393088202421 ], [ -77.325577404962729, -9.537449191397544 ], [ -77.325805012888964, -9.537447671009467 ], [ -77.32586229780857, -9.537503774144241 ], [ -77.325919582746863, -9.537559877264954 ], [ -77.326033386723637, -9.537559116968952 ], [ -77.326090671694587, -9.53761522005246 ], [ -77.326147956684224, -9.537671323121906 ], [ -77.326205241692563, -9.537727426177291 ], [ -77.326262526719589, -9.537783529218615 ], [ -77.326319811765316, -9.537839632245873 ], [ -77.326377096829731, -9.53789573525907 ], [ -77.326434381912861, -9.537951838258206 ], [ -77.326491667014679, -9.538007941243279 ], [ -77.326548952135184, -9.538064044214289 ], [ -77.326606237274405, -9.538120147171234 ], [ -77.326663522432312, -9.538176250114118 ], [ -77.326664288646086, -9.538289216554578 ], [ -77.326721573846143, -9.538345319478417 ], [ -77.326778859064902, -9.538401422388192 ], [ -77.326779625335064, -9.538514388817893 ], [ -77.326836910595958, -9.538570491708624 ], [ -77.326950714833345, -9.538569731033132 ], [ -77.327008000126881, -9.538625833886652 ], [ -77.327065285439119, -9.538681936726105 ], [ -77.327122570770072, -9.538738039551497 ], [ -77.327179856119699, -9.53879414236282 ], [ -77.327237141488041, -9.538850245160079 ], [ -77.327294426875085, -9.538906347943273 ], [ -77.327351712280816, -9.538962450712404 ], [ -77.327408997705248, -9.539018553467466 ], [ -77.327466283148382, -9.539074656208463 ], [ -77.327523568610218, -9.539130758935398 ], [ -77.327580854090755, -9.539186861648265 ], [ -77.327638139589993, -9.539242964347061 ], [ -77.327751943985277, -9.539242203356663 ], [ -77.327809229517158, -9.539298306018248 ], [ -77.32786651506774, -9.539354408665764 ], [ -77.327923800637024, -9.539410511299215 ], [ -77.327981086225009, -9.539466613918597 ], [ -77.328094890666605, -9.53946585279847 ], [ -77.328152176287219, -9.539521955380632 ], [ -77.328209461926548, -9.539578057948731 ], [ -77.328266747584593, -9.539634160502759 ], [ -77.328267514445429, -9.539747126804498 ], [ -77.328324800145609, -9.539803229339471 ], [ -77.32838208586449, -9.539859331860381 ], [ -77.328439371602087, -9.53991543436722 ], [ -77.328553176155268, -9.53991467306188 ], [ -77.328610461925507, -9.539970775531497 ], [ -77.328667747714448, -9.540026877987049 ], [ -77.32872503352209, -9.540082980428526 ], [ -77.328782319348434, -9.540139082855937 ], [ -77.328896123947899, -9.540138321420853 ], [ -77.3289534098069, -9.540194423811039 ], [ -77.329010695684602, -9.540250526187158 ], [ -77.329067981580991, -9.540306628549205 ], [ -77.329125267496082, -9.540362730897183 ], [ -77.329182553429888, -9.540418833231088 ], [ -77.329239839382396, -9.540474935550924 ], [ -77.329467448720209, -9.540473412291512 ], [ -77.329524734719328, -9.540529514550968 ], [ -77.329582020737121, -9.540585616796349 ], [ -77.330037239410288, -9.540582569646713 ], [ -77.330094525502588, -9.540638671785397 ], [ -77.330151811613604, -9.540694773910008 ], [ -77.330493225602311, -9.540692488018962 ], [ -77.330550511773851, -9.540748590060026 ], [ -77.330607797964106, -9.540804692087018 ], [ -77.330835407298153, -9.540803167881361 ], [ -77.330892693535006, -9.54085926984796 ], [ -77.330949979790546, -9.540915371800489 ], [ -77.331007266064802, -9.540971473738939 ], [ -77.331064552357759, -9.541027575663314 ], [ -77.331121838669418, -9.541083677573615 ], [ -77.331179124999778, -9.541139779469841 ], [ -77.331520539180516, -9.541137492465989 ], [ -77.331577057502273, -9.541080628253527 ], [ -77.331633575805313, -9.541023764036176 ], [ -77.331690094089652, -9.540966899813936 ], [ -77.331746612355275, -9.540910035586812 ], [ -77.331803130602211, -9.540853171354799 ], [ -77.331859648830445, -9.540796307117903 ], [ -77.331973453397566, -9.540795544625196 ], [ -77.332030739773856, -9.540851646360192 ], [ -77.332088026168861, -9.540907748081112 ], [ -77.332145312582568, -9.540963849787959 ], [ -77.332202599014977, -9.541019951480724 ], [ -77.332259885466087, -9.541076053159417 ], [ -77.332317171935898, -9.541132154824027 ], [ -77.332999999640734, -9.541127578254169 ], [ -77.333057286212906, -9.541183679765725 ], [ -77.33311457280378, -9.541239781263204 ], [ -77.333228377415821, -9.541239018325268 ], [ -77.333285664039352, -9.5412951197855 ], [ -77.333342950681583, -9.541351221231654 ], [ -77.333400237342516, -9.541407322663726 ], [ -77.333457524022151, -9.541463424081723 ], [ -77.333798937968425, -9.541461134767134 ], [ -77.333856224708597, -9.541517236101551 ], [ -77.333913511467472, -9.541573337421889 ], [ -77.334141120773126, -9.541571810933828 ], [ -77.334198407578583, -9.541627912193748 ], [ -77.334255694402756, -9.541684013439587 ], [ -77.334312981245617, -9.541740114671345 ], [ -77.334370268107193, -9.541796215889025 ], [ -77.334427554987471, -9.541852317092617 ], [ -77.33448484188645, -9.541908418282132 ], [ -77.334542128804145, -9.54196451945756 ], [ -77.334599415740541, -9.542020620618908 ], [ -77.334713220490613, -9.542019857133832 ], [ -77.334769738266885, -9.541962992496613 ], [ -77.334826256024428, -9.54190612785451 ], [ -77.334883542983945, -9.541962228960434 ], [ -77.334940829962164, -9.542018330052272 ], [ -77.335054634683658, -9.542017566455792 ], [ -77.335111921694505, -9.54207366751038 ], [ -77.335169208724068, -9.542129768550884 ], [ -77.335510622914981, -9.5421274773996 ], [ -77.335567910005082, -9.542183578356505 ], [ -77.33562519711387, -9.542239679299332 ], [ -77.335682484241374, -9.54229578022807 ], [ -77.335685562381158, -9.542747642964542 ], [ -77.335629044695082, -9.542804507742932 ], [ -77.33557252699029, -9.542861372516445 ], [ -77.335574835611567, -9.543200269585713 ], [ -77.335518317846251, -9.543257134366961 ], [ -77.33546180006222, -9.543313999143328 ], [ -77.335463339134975, -9.543539930535696 ], [ -77.335406821304346, -9.543596795315597 ], [ -77.335350303455016, -9.543653660090618 ], [ -77.335293785586984, -9.543710524860755 ], [ -77.33517998032336, -9.543711288669565 ], [ -77.335123462413137, -9.543768153420849 ], [ -77.335066944484197, -9.543825018167251 ], [ -77.334953139164099, -9.543825781910977 ], [ -77.334896621192996, -9.543882646638528 ], [ -77.334902776597232, -9.544786372525399 ], [ -77.334846258495844, -9.544843237281702 ], [ -77.33478974037574, -9.544900102033123 ], [ -77.334790509816273, -9.545013067773823 ], [ -77.334733991663512, -9.545069932524562 ], [ -77.33467747349205, -9.54512679727042 ], [ -77.334679781787102, -9.545465694512984 ], [ -77.334737069465078, -9.545521795496246 ], [ -77.334794357161783, -9.545577896465423 ], [ -77.33480051341013, -9.546481622330742 ], [ -77.334857801313362, -9.546537723245848 ], [ -77.334915089235324, -9.546593824146868 ], [ -77.334972377175987, -9.546649925033799 ], [ -77.335029665135366, -9.546706025906643 ], [ -77.335030434803215, -9.546818991616247 ], [ -77.335087722804772, -9.546875092470001 ], [ -77.335145010825073, -9.546931193309668 ], [ -77.335202298864075, -9.546987294135247 ], [ -77.335259586921794, -9.547043394946735 ], [ -77.335261126473924, -9.547269326323578 ], [ -77.33531841459731, -9.547325427110978 ], [ -77.335375702739427, -9.547381527884294 ], [ -77.335376472576741, -9.547494493561526 ], [ -77.335433760761049, -9.547550594315751 ], [ -77.335491048964087, -9.547606695055887 ], [ -77.335548337185827, -9.54766279578193 ], [ -77.335605625426282, -9.547718896493885 ], [ -77.335606395367066, -9.547831862150328 ], [ -77.335549877029962, -9.547888727104024 ], [ -77.335493358674114, -9.547945592052836 ], [ -77.335494898528466, -9.548171523380164 ], [ -77.335552186867631, -9.548227624081214 ], [ -77.335609475225525, -9.54828372476817 ], [ -77.335666763602106, -9.548339825441037 ], [ -77.335724051997431, -9.548395926099809 ], [ -77.335781340411458, -9.548452026744496 ], [ -77.335895147199338, -9.548451262363312 ], [ -77.335952435646035, -9.548507362970723 ], [ -77.336009724111463, -9.548563463564038 ], [ -77.336123530917718, -9.548562699099325 ], [ -77.336180819415802, -9.548618799655364 ], [ -77.336238107932616, -9.548674900197309 ], [ -77.336295396468145, -9.54873100072516 ], [ -77.336352685022391, -9.548787101238924 ], [ -77.336409973595337, -9.54884320173859 ], [ -77.336467262187028, -9.548899302224164 ], [ -77.336524550797435, -9.548955402695642 ], [ -77.336581839426543, -9.54901150315303 ], [ -77.336638357691811, -9.548954638031471 ], [ -77.336694875938335, -9.548897772905029 ], [ -77.336751394166157, -9.548840907773702 ], [ -77.336807912375264, -9.548784042637491 ], [ -77.337149332789764, -9.548781748296211 ], [ -77.337206621460382, -9.548837848633577 ], [ -77.337263910149701, -9.548893948956843 ], [ -77.337321198857765, -9.548950049266015 ], [ -77.337378487584544, -9.549006149561093 ], [ -77.337719908080587, -9.549003854607097 ], [ -77.337777196867918, -9.549059954818516 ], [ -77.33783448567398, -9.549116055015837 ], [ -77.338062099346089, -9.549114524767935 ], [ -77.338119388198777, -9.549170624904779 ], [ -77.338176677070152, -9.549226725027529 ], [ -77.338233965960285, -9.549282825136178 ], [ -77.338291254869105, -9.549338925230733 ], [ -77.33834854379667, -9.549395025311192 ], [ -77.338405832742936, -9.54945112537755 ], [ -77.338463121707917, -9.549507225429812 ], [ -77.338520410691643, -9.549563325467972 ], [ -77.338577699694056, -9.54961942549204 ], [ -77.338634988715228, -9.549675525502005 ], [ -77.338862602628126, -9.549673994641635 ], [ -77.338919891695895, -9.549730094591116 ], [ -77.338977180782379, -9.549786194526503 ], [ -77.339660022459356, -9.549781600775088 ], [ -77.339717311648243, -9.549837700557214 ], [ -77.339774600855847, -9.549893800325243 ], [ -77.339888407796479, -9.549893034523535 ], [ -77.339945697036768, -9.549949134254266 ], [ -77.340002986295744, -9.550005233970895 ], [ -77.340060275573478, -9.550061333673419 ], [ -77.340117564869928, -9.550117433361848 ], [ -77.340174854185079, -9.550173533036171 ], [ -77.34017639749112, -9.550399463576202 ], [ -77.340233686871997, -9.550455563226405 ], [ -77.340347493961644, -9.550454797229914 ], [ -77.340404783375178, -9.550510896842821 ], [ -77.340462072807455, -9.550566996441622 ], [ -77.341144915312043, -9.550562399403761 ], [ -77.341202204846709, -9.550618498849275 ], [ -77.341259494400092, -9.550674598280683 ], [ -77.341316783972204, -9.550730697697988 ], [ -77.341374073563031, -9.550786797101189 ], [ -77.341431363172589, -9.550842896490282 ], [ -77.341488652800862, -9.550898995865271 ], [ -77.341545942447866, -9.550955095226158 ], [ -77.341603232113584, -9.551011194572936 ], [ -77.341717039275792, -9.551010428084274 ], [ -77.341774328974182, -9.551066527393743 ], [ -77.341831618691302, -9.551122626689107 ], [ -77.341888908427137, -9.551178725970367 ], [ -77.341946198181688, -9.551234825237525 ], [ -77.342003487954983, -9.551290924490573 ], [ -77.342060777746994, -9.551347023729511 ], [ -77.34211806755772, -9.551403122954344 ], [ -77.342175357387177, -9.551459222165073 ], [ -77.342232647235349, -9.551515321361691 ], [ -77.342289937102265, -9.551571420544203 ], [ -77.342347226987883, -9.551627519712607 ], [ -77.342404516892231, -9.551683618866903 ], [ -77.342461806815308, -9.551739718007093 ], [ -77.342519096757115, -9.551795817133174 ], [ -77.342576386717639, -9.551851916245147 ], [ -77.342633676696892, -9.55190801534301 ], [ -77.34269096669486, -9.551964114426765 ], [ -77.342748256711559, -9.552020213496412 ], [ -77.342975871509296, -9.552018679572289 ], [ -77.343032388835297, -9.55196181355443 ], [ -77.343088906142555, -9.551904947531698 ], [ -77.343146196196301, -9.551961046522633 ], [ -77.343203486268777, -9.552017145499464 ], [ -77.343317293634172, -9.55201637840729 ], [ -77.343374583739319, -9.552072477346805 ], [ -77.343431873863182, -9.552128576272205 ], [ -77.343489164005774, -9.552184675183499 ], [ -77.343546454167083, -9.552240774080682 ], [ -77.343603744347135, -9.552296872963753 ], [ -77.343604517300406, -9.552409837942179 ], [ -77.343661807522693, -9.55246593680612 ], [ -77.343719097763682, -9.552522035655954 ], [ -77.343776388023414, -9.552578134491679 ], [ -77.343833678301877, -9.552634233313288 ], [ -77.343890968599055, -9.552690332120788 ], [ -77.344004776131769, -9.552689564750134 ], [ -77.344062066461632, -9.552745663520314 ], [ -77.344119356810197, -9.552801762276381 ], [ -77.344176647177505, -9.552857861018335 ], [ -77.34423393756353, -9.55291395974618 ], [ -77.344347745142443, -9.552913192245517 ], [ -77.344405035561152, -9.552969290936035 ], [ -77.344462325998578, -9.553025389612444 ], [ -77.345372786508449, -9.553019247897371 ], [ -77.345429303466204, -9.55296238154817 ], [ -77.34548582040523, -9.5529055151941 ], [ -77.34554233732554, -9.552848648835157 ], [ -77.34559885422712, -9.552791782471344 ], [ -77.34565537110997, -9.552734916102658 ], [ -77.345711887974105, -9.552678049729101 ], [ -77.345939502723667, -9.552676513760954 ], [ -77.345996019522048, -9.552619647354595 ], [ -77.346052536301698, -9.55256278094337 ], [ -77.346109053062619, -9.552505914527275 ], [ -77.346108279275839, -9.552392949752965 ], [ -77.346164796004089, -9.552336083336227 ], [ -77.346278603233017, -9.552335315249776 ], [ -77.346335119919033, -9.552278448814203 ], [ -77.346391636586318, -9.552221582373763 ], [ -77.346448153234888, -9.55216471592845 ], [ -77.346447379364491, -9.552051751179501 ], [ -77.346503895980391, -9.551994884733553 ], [ -77.346617703068233, -9.551994116563318 ], [ -77.346674219641898, -9.551937250098536 ], [ -77.346730736196847, -9.551880383628889 ], [ -77.346787252733066, -9.551823517154373 ], [ -77.34684376925054, -9.55176665067499 ], [ -77.347071383209382, -9.551765114111305 ], [ -77.347127899661118, -9.55170824759913 ], [ -77.347184416094137, -9.551651381082088 ], [ -77.347240932508427, -9.551594514560181 ], [ -77.347297448903987, -9.551537648033412 ], [ -77.347353965280831, -9.551480781501773 ], [ -77.347410481638946, -9.551423914965271 ], [ -77.347638095277304, -9.551422378085363 ], [ -77.347694611569665, -9.551365511516074 ], [ -77.34775112784331, -9.551308644941917 ], [ -77.347864934601077, -9.551307876418289 ], [ -77.347921450832473, -9.551251009825313 ], [ -77.347977967045153, -9.55119414322747 ], [ -77.348660807108331, -9.551189531137593 ], [ -77.348718097703909, -9.551245629021395 ], [ -77.348775388318217, -9.551301726891078 ], [ -77.349685841421802, -9.551295574984902 ], [ -77.349743132166267, -9.551351672654743 ], [ -77.349800422929448, -9.55140777031046 ], [ -77.34985771371133, -9.551463867952057 ], [ -77.349915004511971, -9.551519965579534 ], [ -77.350028811162474, -9.551519196331121 ], [ -77.350086101995757, -9.551575293921257 ], [ -77.350143392847755, -9.551631391497267 ], [ -77.350371006175706, -9.551629852796065 ], [ -77.350427521931508, -9.551572985883345 ], [ -77.350484037668593, -9.551516118965768 ], [ -77.350541328557583, -9.551572216463031 ], [ -77.350598619465302, -9.551628313946173 ], [ -77.350655910391723, -9.551684411415188 ], [ -77.350656685618986, -9.551797375824037 ], [ -77.35071397658767, -9.5518534732739 ], [ -77.350827783283364, -9.55185270373749 ], [ -77.350885074284705, -9.551908801150008 ], [ -77.35088662493699, -9.552134729926678 ], [ -77.350943916004098, -9.552190827315009 ], [ -77.351001207089922, -9.552246924689221 ], [ -77.351003533281457, -9.55258581781808 ], [ -77.351060824456582, -9.552641915163072 ], [ -77.351118115650436, -9.55269801249394 ], [ -77.351175406862993, -9.552754109810683 ], [ -77.351232698094293, -9.552810207113296 ], [ -77.351289989344323, -9.552866304401785 ], [ -77.351347280613069, -9.552922401676147 ], [ -77.351404571900545, -9.552978498936383 ], [ -77.351461863206751, -9.55303459618249 ], [ -77.351519154531687, -9.553090693414473 ], [ -77.351576445875338, -9.553146790632328 ], [ -77.351577221526952, -9.553259754956715 ], [ -77.351634512912867, -9.553315852155411 ], [ -77.351691804317511, -9.553371949339979 ], [ -77.351749095740871, -9.553428046510417 ], [ -77.351806387182961, -9.553484143666729 ], [ -77.351863678643795, -9.553540240808916 ], [ -77.352091292957212, -9.553538700677368 ], [ -77.352148584464629, -9.553594797758972 ], [ -77.352205875990748, -9.553650894826449 ], [ -77.352547297472455, -9.553648584210928 ], [ -77.352604589059098, -9.553704681194594 ], [ -77.352661880664456, -9.553760778164134 ], [ -77.352889494993292, -9.553759237474978 ], [ -77.352946786645248, -9.553815334383936 ], [ -77.353004078315919, -9.553871431278761 ], [ -77.353459306969739, -9.553868349268459 ], [ -77.353516598714862, -9.553924446056241 ], [ -77.353573890478685, -9.553980542829891 ], [ -77.353630405868216, -9.553923675437487 ], [ -77.353686921239017, -9.553866808040222 ], [ -77.354483570878855, -9.553861412570193 ], [ -77.354540862749289, -9.553917509148912 ], [ -77.354598154638438, -9.553973605713495 ], [ -77.354939575852057, -9.553971292672099 ], [ -77.354996867801702, -9.554027389152855 ], [ -77.355054159770091, -9.554083485619477 ], [ -77.355167966849919, -9.554082714484853 ], [ -77.35522525885095, -9.554138810914106 ], [ -77.355282550870712, -9.554194907329224 ], [ -77.355339842909203, -9.554251003730206 ], [ -77.355397134966424, -9.554307100117052 ], [ -77.355510942092323, -9.554306328852316 ], [ -77.355568234182201, -9.554362425201793 ], [ -77.355625526290794, -9.554418521537135 ], [ -77.356194561915302, -9.554414664423378 ], [ -77.35625185411223, -9.554470760628408 ], [ -77.356309146327902, -9.554526856819304 ], [ -77.356536760566073, -9.554525313620582 ], [ -77.356594052828299, -9.554581409750867 ], [ -77.35665134510927, -9.554637505867017 ], [ -77.357106573581532, -9.554634418837479 ], [ -77.357163865936897, -9.554690514846543 ], [ -77.35722115831102, -9.554746610841464 ], [ -77.357562579647691, -9.554744295039459 ], [ -77.357619872082296, -9.554800390950531 ], [ -77.357677164535616, -9.554856486847461 ], [ -77.357904778767633, -9.554854942700581 ], [ -77.357961293374132, -9.554798074744154 ], [ -77.3580178079619, -9.554741206782875 ], [ -77.358074322530939, -9.554684338816749 ], [ -77.358130837081248, -9.554627470845778 ], [ -77.358187351612813, -9.554570602869958 ], [ -77.358243866125676, -9.554513734889289 ], [ -77.35835767308599, -9.554512962676403 ], [ -77.358414187556576, -9.554456094676945 ], [ -77.358470702008418, -9.554399226672642 ], [ -77.358527994483723, -9.554455322412936 ], [ -77.358585286977757, -9.554511418139086 ], [ -77.358642579490521, -9.554567513851097 ], [ -77.358699872022001, -9.554623609548965 ], [ -77.358927485930934, -9.554622064769957 ], [ -77.358984778508983, -9.5546781604072 ], [ -77.359042071105776, -9.554734256030299 ], [ -77.359099363721285, -9.554790351639259 ], [ -77.359156656355523, -9.554846447234072 ], [ -77.359384270337259, -9.554844902120401 ], [ -77.359441563018066, -9.554900997654586 ], [ -77.359498855717604, -9.554957093174631 ], [ -77.359726469716477, -9.554955547819254 ], [ -77.359783762462556, -9.555011643278664 ], [ -77.359841055227392, -9.555067738723933 ], [ -77.359954862240201, -9.555066965943983 ], [ -77.360012155037666, -9.555123061351862 ], [ -77.360069447853874, -9.555179156745595 ], [ -77.360410868917995, -9.55517683804317 ], [ -77.36046738304826, -9.555119969767233 ], [ -77.360523897159794, -9.555063101486454 ], [ -77.360637704114794, -9.555062328483391 ], [ -77.360694996995747, -9.555118423751811 ], [ -77.360695775817092, -9.555231387318994 ], [ -77.360753068740323, -9.555287482568209 ], [ -77.360810361682283, -9.555343577803283 ], [ -77.360867654642959, -9.555399673024205 ], [ -77.361322882739103, -9.555396580230965 ], [ -77.361380175774173, -9.555452675344757 ], [ -77.361437468827987, -9.5555087704444 ], [ -77.361493982788033, -9.555451902030232 ], [ -77.36155049672935, -9.555395033611228 ], [ -77.361664303710015, -9.555394260245581 ], [ -77.361720817609054, -9.555337391807795 ], [ -77.36177733148935, -9.555280523365166 ], [ -77.362118752232206, -9.555278202961471 ], [ -77.362176045341101, -9.555334297917586 ], [ -77.362233338468741, -9.555390392859547 ], [ -77.362574759208272, -9.555388071981694 ], [ -77.36263205239635, -9.555444166839759 ], [ -77.362689345603172, -9.555500261683674 ], [ -77.362746638828739, -9.555556356513437 ], [ -77.362803932073007, -9.555612451329051 ], [ -77.363372966724214, -9.555608581990578 ], [ -77.363430260056759, -9.555664676675788 ], [ -77.363487553408063, -9.555720771346842 ], [ -77.363544846778083, -9.555776866003741 ], [ -77.363602140166833, -9.555832960646491 ], [ -77.363659433574327, -9.555889055275085 ], [ -77.363716727000536, -9.555945149889524 ], [ -77.363774020445476, -9.556001244489813 ], [ -77.363831313909159, -9.556057339075945 ], [ -77.363888607391587, -9.556113433647923 ], [ -77.363945900892716, -9.556169528205748 ], [ -77.364003194412604, -9.556225622749418 ], [ -77.364060487951221, -9.556281717278932 ], [ -77.36417429501941, -9.556280943020653 ], [ -77.364231588590656, -9.556337037512757 ], [ -77.364288882180645, -9.556393131990708 ], [ -77.364516496343725, -9.55639158326956 ], [ -77.364573789980255, -9.556447677686847 ], [ -77.36463108363553, -9.556503772089979 ], [ -77.36468837730952, -9.556559866478954 ], [ -77.364745671002254, -9.556615960853771 ], [ -77.364802964713718, -9.556672055214431 ], [ -77.364860258443926, -9.556728149560936 ], [ -77.36491755219285, -9.556784243893283 ], [ -77.364974845960518, -9.556840338211474 ], [ -77.365032139746916, -9.556896432515506 ], [ -77.365089433552043, -9.556952526805381 ], [ -77.365146727375929, -9.557008621081099 ], [ -77.365204021218531, -9.557064715342658 ], [ -77.365659250096385, -9.557061616337785 ], [ -77.365716544013353, -9.557117710492157 ], [ -77.365773837949035, -9.557173804632367 ], [ -77.36588764517218, -9.55717302974165 ], [ -77.365944939140519, -9.557229123844447 ], [ -77.365945719868549, -9.557342086968047 ], [ -77.36600301387918, -9.557398181051619 ], [ -77.366116821157945, -9.557397406067869 ], [ -77.366174115201218, -9.557453500114022 ], [ -77.366231409263236, -9.557509594146017 ], [ -77.366288703343983, -9.557565688163853 ], [ -77.366289484213382, -9.55767865125709 ], [ -77.366346778336435, -9.557734745255702 ], [ -77.366460585698633, -9.557733970132389 ], [ -77.366517879854328, -9.557790064093581 ], [ -77.366575174028753, -9.557846158040608 ], [ -77.366632468221908, -9.557902251973477 ], [ -77.366689762433793, -9.557958345892184 ], [ -77.366747056664437, -9.558014439796729 ], [ -77.36680435091381, -9.558070533687111 ], [ -77.366861645181899, -9.558126627563333 ], [ -77.366862426286971, -9.558239590605954 ], [ -77.36691972059738, -9.55829568446295 ], [ -77.366977014926519, -9.558351778305781 ], [ -77.367034309274416, -9.558407872134454 ], [ -77.367091603641029, -9.558463965948963 ], [ -77.367092384850025, -9.558576928970538 ], [ -77.367149679258944, -9.558633022765822 ], [ -77.367263486853304, -9.558632247307505 ], [ -77.367320781294865, -9.558688341065357 ], [ -77.36737807575517, -9.558744434809048 ], [ -77.367491883367691, -9.558743659267003 ], [ -77.367549177860639, -9.558799752973265 ], [ -77.36760647237233, -9.558855846665361 ], [ -77.367663766902737, -9.558911940343293 ], [ -77.367721061451903, -9.558968034007064 ], [ -77.367778356019798, -9.559024127656665 ], [ -77.367835650606438, -9.559080221292104 ], [ -77.367892945211821, -9.559136314913376 ], [ -77.367950239835935, -9.559192408520484 ], [ -77.368007534478778, -9.559248502113427 ], [ -77.36806482914038, -9.5593045956922 ], [ -77.368121342206777, -9.559247726324788 ], [ -77.368177855254444, -9.559190856952545 ], [ -77.368291662949204, -9.559190081112773 ], [ -77.368348957633771, -9.559246174635915 ], [ -77.368406252337081, -9.559302268144886 ], [ -77.368463547059122, -9.559358361639696 ], [ -77.368520841799906, -9.559414455120336 ], [ -77.368578136559435, -9.559470548586811 ], [ -77.368635431337694, -9.559526642039121 ], [ -77.368692726134697, -9.559582735477258 ], [ -77.368750020950444, -9.55963882890123 ], [ -77.36880731578492, -9.559694922311039 ], [ -77.368864610638141, -9.559751015706675 ], [ -77.368921905510106, -9.559807109088146 ], [ -77.368979200400801, -9.559863202455443 ], [ -77.36903649531024, -9.559919295808578 ], [ -77.369093790238423, -9.559975389147542 ], [ -77.369151085185337, -9.56003148247234 ], [ -77.369208380150994, -9.560087575782966 ], [ -77.369322188058561, -9.560086799533686 ], [ -77.369379483056861, -9.560142892806873 ], [ -77.369436778073919, -9.560198986065894 ], [ -77.369494073109692, -9.560255079310744 ], [ -77.369551368164224, -9.560311172541423 ], [ -77.369608663237486, -9.560367265757931 ], [ -77.369665958329506, -9.560423358960271 ], [ -77.369893574282472, -9.560421806070838 ], [ -77.369950087110723, -9.560364936437791 ], [ -77.370006599920245, -9.560308066799916 ], [ -77.37012040783506, -9.560307290271526 ], [ -77.370176920602262, -9.56025042061489 ], [ -77.37023343335072, -9.560193550953423 ], [ -77.370290728483837, -9.560249644035366 ], [ -77.370348023635685, -9.560305737103137 ], [ -77.3705756393976, -9.560304183785927 ], [ -77.370632152070485, -9.560247314073566 ], [ -77.370688664724625, -9.560190444356373 ], [ -77.370745177360035, -9.560133574634357 ], [ -77.370801689976687, -9.560076704907509 ], [ -77.370858202574624, -9.560019835175837 ], [ -77.370914715153802, -9.559962965439333 ], [ -77.371028522878774, -9.55996218864134 ], [ -77.371085035415646, -9.559905318886079 ], [ -77.37114154793376, -9.559848449125992 ], [ -77.371482970909128, -9.559846118425227 ], [ -77.37153948333777, -9.559789248618531 ], [ -77.371595995747683, -9.559732378807006 ], [ -77.371823610921879, -9.559730824764769 ], [ -77.371880906155283, -9.559786917541155 ], [ -77.371938201407431, -9.559843010303364 ], [ -77.371995496678323, -9.559899103051402 ], [ -77.372052791967945, -9.559955195785268 ], [ -77.372110087276312, -9.560011288504958 ], [ -77.372167382603422, -9.560067381210471 ], [ -77.372224677949262, -9.560123473901813 ], [ -77.372281973313846, -9.560179566578977 ], [ -77.372339268697175, -9.56023565924197 ], [ -77.372396564099233, -9.560291751890786 ], [ -77.37245385952005, -9.560347844525424 ], [ -77.372454642654944, -9.56046080709449 ], [ -77.37251193811808, -9.56051689970988 ], [ -77.372569233599947, -9.560572992311098 ], [ -77.372626529100557, -9.560629084898133 ], [ -77.372683824619912, -9.560685177470997 ], [ -77.372741120158011, -9.560741270029684 ], [ -77.372798415714854, -9.560797362574194 ], [ -77.372855711290427, -9.56085345510453 ], [ -77.372913006884744, -9.560909547620685 ], [ -77.372970302497805, -9.560965640122664 ], [ -77.37302759812961, -9.561021732610469 ], [ -77.37308489378016, -9.561077825084094 ], [ -77.373142189449439, -9.56113391754354 ], [ -77.373199485137476, -9.561190009988813 ], [ -77.373313293081097, -9.561189232343866 ], [ -77.373370588801762, -9.561245324751679 ], [ -77.373427884541172, -9.561301417145312 ], [ -77.373541692502911, -9.561300639416597 ], [ -77.373598988274964, -9.561356731772772 ], [ -77.37365628406576, -9.561412824114765 ], [ -77.373713579875286, -9.56146891644258 ], [ -77.37377087570357, -9.561525008756218 ], [ -77.373828171550599, -9.561581101055676 ], [ -77.373885467416372, -9.561637193340953 ], [ -77.373999275451808, -9.561636415435336 ], [ -77.374056571350209, -9.561692507683148 ], [ -77.374113867267369, -9.561748599916784 ], [ -77.374341483364745, -9.561747043900787 ], [ -77.374398779328445, -9.561803136073673 ], [ -77.374456075310874, -9.561859228232381 ], [ -77.375025115523698, -9.561855337308364 ], [ -77.375082411594363, -9.561911429336464 ], [ -77.375139707683758, -9.561967521350379 ], [ -77.375253515725035, -9.561966743007371 ], [ -77.375310811847072, -9.562022834983821 ], [ -77.375368107987867, -9.562078926946086 ], [ -77.375709532136895, -9.562076591554085 ], [ -77.375766828338115, -9.562132683432305 ], [ -77.375824124558079, -9.562188775296345 ], [ -77.376279356732169, -9.562185660733078 ], [ -77.376336653026456, -9.562241752489779 ], [ -77.376393949339487, -9.562297844232294 ], [ -77.376451245671262, -9.562353935960626 ], [ -77.376508542021782, -9.562410027674773 ], [ -77.376565838391045, -9.562466119374733 ], [ -77.376623134779067, -9.562522211060507 ], [ -77.376736942881692, -9.562521432186927 ], [ -77.376794239302356, -9.562577523835225 ], [ -77.37685153574175, -9.562633615469336 ], [ -77.376965343862466, -9.562632836511963 ], [ -77.377022640334516, -9.562688928108598 ], [ -77.377079936825282, -9.562745019691043 ], [ -77.377137233334807, -9.562801111259306 ], [ -77.377194529863075, -9.56285720281338 ], [ -77.377251826410088, -9.562913294353269 ], [ -77.377309122975845, -9.562969385878967 ], [ -77.377366419560346, -9.563025477390479 ], [ -77.377423716163605, -9.563081568887803 ], [ -77.377481012785609, -9.563137660370939 ], [ -77.377482582848671, -9.56336358464473 ], [ -77.377539879536613, -9.563419676103514 ], [ -77.377597176243299, -9.563475767548104 ], [ -77.377597961336576, -9.563588729673636 ], [ -77.377655258085611, -9.563644821098956 ], [ -77.377712554853389, -9.563700912510086 ], [ -77.377769851639911, -9.563757003907028 ], [ -77.377827148445192, -9.563813095289779 ], [ -77.377828718849685, -9.564039019497784 ], [ -77.377886015720918, -9.564095110856178 ], [ -77.377943312610881, -9.564151202200382 ], [ -77.378000609519603, -9.564207293530396 ], [ -77.378057906447083, -9.564263384846218 ], [ -77.378115203393293, -9.564319476147853 ], [ -77.378172500358261, -9.564375567435293 ], [ -77.378229797341973, -9.564431658708545 ], [ -77.378287094344444, -9.564487749967606 ], [ -77.378287879750047, -9.564600712029732 ], [ -77.37834517679488, -9.56465680326952 ], [ -77.378402473858443, -9.564712894495111 ], [ -77.378404044793214, -9.564938818596634 ], [ -77.37846134192273, -9.564994909797866 ], [ -77.378518639071004, -9.565051000984907 ], [ -77.378575936238022, -9.565107092157749 ], [ -77.378633233423798, -9.5651631833164 ], [ -77.378690530628319, -9.565219274460866 ], [ -77.378747827851598, -9.565275365591132 ], [ -77.378805125093606, -9.565331456707208 ], [ -77.378862422354374, -9.565387547809092 ], [ -77.378919719633913, -9.565443638896781 ], [ -77.378977016932183, -9.565499729970277 ], [ -77.379034314249196, -9.565555821029582 ], [ -77.379091611584983, -9.56561191207469 ], [ -77.379093183125121, -9.56583783605096 ], [ -77.379150480526874, -9.565893927071698 ], [ -77.379207777947371, -9.565950018078246 ], [ -77.379208563779216, -9.56606298005501 ], [ -77.379265861242075, -9.566119071042275 ], [ -77.379323158723679, -9.566175162015348 ], [ -77.379380456224027, -9.566231252974223 ], [ -77.379437753743133, -9.566287343918903 ], [ -77.379495051281012, -9.566343434849388 ], [ -77.37955234883762, -9.566399525765679 ], [ -77.379609646412987, -9.566455616667774 ], [ -77.379666944007099, -9.566511707555669 ], [ -77.379724241619968, -9.566567798429375 ], [ -77.37978153925161, -9.566623889288879 ], [ -77.379838836901982, -9.566679980134193 ], [ -77.380407882896009, -9.566676078448959 ], [ -77.380465180634616, -9.566732169163547 ], [ -77.380522478391967, -9.566788259863936 ], [ -77.380636287589425, -9.566787479368593 ], [ -77.380693585379419, -9.566843570031478 ], [ -77.380750883188185, -9.566899660680168 ], [ -77.380808181015709, -9.56695575131466 ], [ -77.380808967460084, -9.567068713152924 ], [ -77.380866265329956, -9.567124803768129 ], [ -77.380923563218602, -9.567180894369132 ], [ -77.380980861125991, -9.567236984955935 ], [ -77.381038159052139, -9.567293075528539 ], [ -77.381095456997031, -9.567349166086945 ], [ -77.381152754960695, -9.567405256631153 ], [ -77.381210052943089, -9.567461347161158 ], [ -77.381665290341488, -9.567458223837635 ], [ -77.381722588398219, -9.567514314260206 ], [ -77.381779886473709, -9.567570404668576 ], [ -77.38189369582679, -9.567569623697997 ], [ -77.381950993934936, -9.567625714068855 ], [ -77.38200829206184, -9.56768180442551 ], [ -77.382463529488064, -9.567678679984381 ], [ -77.382520827689291, -9.567734770233592 ], [ -77.382578125909262, -9.5677908604686 ], [ -77.382919553960178, -9.567788516606941 ], [ -77.382976852240589, -9.567844606757808 ], [ -77.383034150539743, -9.567900696894476 ], [ -77.383261769247284, -9.567899134040617 ], [ -77.383319067592979, -9.567955224116449 ], [ -77.383376365957446, -9.568011314178083 ], [ -77.383433664340657, -9.568067404225509 ], [ -77.383490962742641, -9.568123494258726 ], [ -77.383548261163369, -9.568179584277742 ], [ -77.383605559602842, -9.568235674282553 ], [ -77.38406079723454, -9.568232547568494 ], [ -77.384117308109182, -9.568175675908657 ], [ -77.384173818965095, -9.568118804244008 ], [ -77.384401437628057, -9.568117240607894 ], [ -77.38445794841796, -9.568060368910604 ], [ -77.384514459189106, -9.568003497208503 ], [ -77.384570969941493, -9.567946625501593 ], [ -77.384627480675121, -9.567889753789872 ], [ -77.384968908313112, -9.567887407889438 ], [ -77.385025418957113, -9.567830536131158 ], [ -77.38508192958237, -9.567773664368074 ], [ -77.385138440188868, -9.567716792600182 ], [ -77.385194950776622, -9.567659920827481 ], [ -77.385251461345604, -9.567603049049975 ], [ -77.385307971895841, -9.567546177267662 ], [ -77.386104635051467, -9.567540701612383 ], [ -77.386161933673492, -9.567596791120614 ], [ -77.386219232314275, -9.56765288061464 ], [ -77.386674468300001, -9.567649750663119 ], [ -77.386730978561857, -9.567592878704728 ], [ -77.386787488804984, -9.567536006741536 ], [ -77.386843999029338, -9.567479134773537 ], [ -77.386900509234948, -9.567422262800735 ], [ -77.3869570194218, -9.567365390823126 ], [ -77.387013529589893, -9.56730851884072 ], [ -77.38826542618736, -9.567299907484283 ], [ -77.388321936076807, -9.567243035344065 ], [ -77.388378445947495, -9.567186163199043 ], [ -77.388833680592384, -9.567183030568518 ], [ -77.38889097947667, -9.567239119532376 ], [ -77.388948278379729, -9.567295208482015 ], [ -77.389858747423418, -9.567288941060754 ], [ -77.389915256982036, -9.567232068725833 ], [ -77.38997176652191, -9.567175196386117 ], [ -77.390085575061221, -9.567174412763112 ], [ -77.390142874098146, -9.567230501470407 ], [ -77.390200173153858, -9.567286590163478 ], [ -77.390427790258684, -9.567285022712479 ], [ -77.390485089360894, -9.567341111344687 ], [ -77.390542388481848, -9.567397199962677 ], [ -77.390770005603159, -9.567395632269452 ], [ -77.39082730477061, -9.56745172082657 ], [ -77.390828094564398, -9.567564681833359 ], [ -77.390885393774241, -9.567620770371146 ], [ -77.390999202385515, -9.567619986412613 ], [ -77.391056501627986, -9.567676074912853 ], [ -77.391113800889215, -9.567732163398878 ], [ -77.391171100169203, -9.567788251870683 ], [ -77.391228399467934, -9.567844340328268 ], [ -77.391683634037406, -9.567841203748548 ], [ -77.391740933410389, -9.567897292098598 ], [ -77.391798232802131, -9.567953380434426 ], [ -77.391855532212631, -9.568009468756033 ], [ -77.391912831641889, -9.568065557063417 ], [ -77.391970131089906, -9.56812164535658 ], [ -77.392027430556666, -9.568177733635522 ], [ -77.392084730042185, -9.568233821900245 ], [ -77.392142029546463, -9.568289910150744 ], [ -77.392199329069499, -9.568345998387022 ], [ -77.392256628611293, -9.568402086609076 ], [ -77.392370437367987, -9.568401302137758 ], [ -77.392427736942409, -9.568457390322259 ], [ -77.392485036535575, -9.568513478492537 ], [ -77.3925423361475, -9.568569566648593 ], [ -77.392599635778197, -9.568625654790422 ], [ -77.392656935427638, -9.568681742918031 ], [ -77.392714235095838, -9.568737831031415 ], [ -77.392771534782796, -9.568793919130576 ], [ -77.392828834488512, -9.568850007215515 ], [ -77.392886134212986, -9.568906095286225 ], [ -77.392943433956205, -9.568962183342714 ], [ -77.393000733718196, -9.56901827138498 ], [ -77.393058033498932, -9.569074359413023 ], [ -77.393115333298439, -9.569130447426835 ], [ -77.393172633116691, -9.569186535426425 ], [ -77.393229932953716, -9.569242623411792 ], [ -77.393287232809485, -9.569298711382933 ], [ -77.393344532684011, -9.56935479933985 ], [ -77.393401832577311, -9.569410887282539 ], [ -77.39345913248934, -9.569466975211002 ], [ -77.393516432420157, -9.56952306312524 ], [ -77.393573732369731, -9.569579151025255 ], [ -77.393631032338035, -9.56963523891104 ], [ -77.393688332325127, -9.5696913267826 ], [ -77.393745632330962, -9.569747414639931 ], [ -77.39380293235557, -9.569803502483039 ], [ -77.393860232398907, -9.569859590311918 ], [ -77.393917532461018, -9.569915678126574 ], [ -77.3939748325419, -9.569971765926997 ], [ -77.394032132641527, -9.570027853713194 ], [ -77.394089432759927, -9.570083941485168 ], [ -77.39414673289707, -9.570140029242909 ], [ -77.394204033052986, -9.570196116986423 ], [ -77.394261333227661, -9.570252204715709 ], [ -77.394318633421094, -9.570308292430768 ], [ -77.394375933633285, -9.570364380131597 ], [ -77.394433233864234, -9.570420467818199 ], [ -77.395685135036331, -9.570411826934842 ], [ -77.395742435438621, -9.570467914350461 ], [ -77.395799735859683, -9.570524001751853 ], [ -77.395857036299503, -9.570580089139012 ], [ -77.395914336758082, -9.57063617651194 ], [ -77.395971637235419, -9.570692263870635 ], [ -77.396028937731529, -9.570748351215098 ], [ -77.396256556165767, -9.570746779381134 ], [ -77.39631385670836, -9.570802866664677 ], [ -77.396371157269726, -9.570858953933991 ], [ -77.396428457849851, -9.570915041189068 ], [ -77.396485758448719, -9.570971128429914 ], [ -77.396543059066374, -9.571027215656523 ], [ -77.396600359702774, -9.571083302868903 ], [ -77.396714168988453, -9.571082516755988 ], [ -77.396771469657466, -9.571138603930786 ], [ -77.39682877034528, -9.57119469109135 ], [ -77.397056388942744, -9.571193118660407 ], [ -77.397113689677028, -9.571249205760042 ], [ -77.397170990430084, -9.571305292845446 ], [ -77.397284799741882, -9.571304506527412 ], [ -77.397342100527567, -9.571360593575237 ], [ -77.397399401332009, -9.571416680608822 ], [ -77.397513210661756, -9.571415894206849 ], [ -77.397570511498827, -9.571471981202853 ], [ -77.397627812354671, -9.57152806818462 ], [ -77.397685113229272, -9.57158415515215 ], [ -77.397742414122646, -9.571640242105444 ], [ -77.397799715034779, -9.571696329044505 ], [ -77.39785701596567, -9.571752415969327 ], [ -77.397914316915319, -9.571808502879911 ], [ -77.39791510941636, -9.571921463270483 ], [ -77.397972410408443, -9.571977550161705 ], [ -77.398029711419269, -9.572033637038691 ], [ -77.398087012448869, -9.57208972390144 ], [ -77.398144313497241, -9.572145810749953 ], [ -77.398145106102689, -9.572258771119227 ], [ -77.39820240719348, -9.572314857948374 ], [ -77.39825970830303, -9.572370944763284 ], [ -77.398260500965606, -9.572483905121507 ], [ -77.39831780211756, -9.572539991917051 ], [ -77.398375103288302, -9.572596078698362 ], [ -77.398375896007991, -9.572709039045534 ], [ -77.398433197221138, -9.572765125807477 ], [ -77.398490498453071, -9.572821212555182 ], [ -77.398547799703763, -9.572877299288649 ], [ -77.398605100973214, -9.572933386007875 ], [ -77.398662402261436, -9.572989472712862 ], [ -77.39889002174651, -9.572987898787543 ], [ -77.398946530144542, -9.572931025134073 ], [ -77.399003038523787, -9.572874151475823 ], [ -77.399116848204315, -9.572873364429489 ], [ -77.399173356541141, -9.572816490752555 ], [ -77.399229864859208, -9.572759617070835 ], [ -77.399912722452726, -9.572754893843783 ], [ -77.39997002386491, -9.57281098028789 ], [ -77.400027325295881, -9.572867066717755 ], [ -77.400141134888244, -9.572866279336159 ], [ -77.400198436351843, -9.572922365728427 ], [ -77.4002557378342, -9.572978452106456 ], [ -77.400824785787691, -9.572974514406138 ], [ -77.400882087358156, -9.573030600653137 ], [ -77.400939388947364, -9.573086686885894 ], [ -77.40099589693331, -9.573029812977961 ], [ -77.401052404900483, -9.572972939065247 ], [ -77.401393833496158, -9.572970575774526 ], [ -77.401450341373561, -9.572913701815351 ], [ -77.40150684923222, -9.572856827851394 ], [ -77.401848277597651, -9.572854464142052 ], [ -77.401905579269211, -9.572910550183959 ], [ -77.401962880959545, -9.572966636211627 ], [ -77.40264573759201, -9.572961907506846 ], [ -77.402703039384264, -9.573017993380105 ], [ -77.40276034119529, -9.573074079239117 ], [ -77.402874150627426, -9.573073290944553 ], [ -77.402931452471066, -9.573129376765955 ], [ -77.402988754333492, -9.573185462573109 ], [ -77.403102563783534, -9.573184674194572 ], [ -77.403159865678575, -9.573240759964113 ], [ -77.403217167592373, -9.573296845719408 ], [ -77.403274469524945, -9.573352931460455 ], [ -77.403331771476289, -9.573409017187252 ], [ -77.403445580971962, -9.57340822867801 ], [ -77.40350288295592, -9.573464314367197 ], [ -77.40356018495865, -9.573520400042135 ], [ -77.403617486980139, -9.573576485702819 ], [ -77.4036747890204, -9.573632571349259 ], [ -77.404016217614881, -9.573630205317651 ], [ -77.404073519715496, -9.573686290879746 ], [ -77.404130821834855, -9.573742376427587 ], [ -77.404244631374439, -9.573741587629151 ], [ -77.404301933526426, -9.573797673139374 ], [ -77.4043592356972, -9.573853758635352 ], [ -77.404416537886718, -9.573909844117077 ], [ -77.404473840095008, -9.573965929584547 ], [ -77.404587649680209, -9.573965140655389 ], [ -77.404644951921142, -9.574021226085243 ], [ -77.404702254180819, -9.574077311500846 ], [ -77.404816063783926, -9.574076522487701 ], [ -77.404873366076245, -9.574132607865684 ], [ -77.404930668387323, -9.574188693229413 ], [ -77.404987970717158, -9.574244778578889 ], [ -77.405045273065781, -9.574300863914111 ], [ -77.405102575433162, -9.57435694923508 ], [ -77.405159877819301, -9.574413034541799 ], [ -77.405217180224227, -9.574469119834259 ], [ -77.405274482647911, -9.574525205112467 ], [ -77.405331785090354, -9.574581290376422 ], [ -77.405389087551569, -9.574637375626121 ], [ -77.405446390031557, -9.574693460861566 ], [ -77.405503692530317, -9.574749546082757 ], [ -77.405560995047836, -9.574805631289694 ], [ -77.405618297584127, -9.574861716482374 ], [ -77.405675600139205, -9.574917801660799 ], [ -77.405732902713027, -9.574973886824973 ], [ -77.405790205305621, -9.575029971974885 ], [ -77.405847507916988, -9.575086057110548 ], [ -77.405961317759733, -9.575085267639505 ], [ -77.406018620403714, -9.575141352737537 ], [ -77.406075923066481, -9.575197437821313 ], [ -77.406133225748022, -9.575253522890836 ], [ -77.406190528448306, -9.5753096079461 ], [ -77.406247831167391, -9.575365692987106 ], [ -77.406305133905235, -9.575421778013856 ], [ -77.406362436661837, -9.575477863026352 ], [ -77.406363232263914, -9.575590822689954 ], [ -77.406420535062963, -9.575646907683049 ], [ -77.4064778378808, -9.575702992661887 ], [ -77.406535140717409, -9.575759077626467 ], [ -77.406592443572777, -9.575815162576788 ], [ -77.406649746446917, -9.57587124751285 ], [ -77.406707049339829, -9.575927332434656 ], [ -77.406764352251514, -9.575983417342206 ], [ -77.406821655181986, -9.576039502235492 ], [ -77.406878958131202, -9.576095587114519 ], [ -77.40699276822339, -9.576094797222765 ], [ -77.407050071205234, -9.576150882064161 ], [ -77.407107374205864, -9.576206966891299 ], [ -77.407164677225268, -9.576263051704178 ], [ -77.407165473158898, -9.576376011295782 ], [ -77.407222776220763, -9.57643209608926 ], [ -77.407336586396084, -9.57643130605725 ], [ -77.407393889490564, -9.576487390813089 ], [ -77.40745119260383, -9.576543475554667 ], [ -77.407508495735854, -9.576599560281984 ], [ -77.407565798886651, -9.576655644995041 ], [ -77.40762310205622, -9.576711729693837 ], [ -77.407680405244562, -9.576767814378373 ], [ -77.407737708451691, -9.576823899048646 ], [ -77.407795011677578, -9.576879983704661 ], [ -77.407852314922238, -9.576936068346409 ], [ -77.40790961818567, -9.576992152973903 ], [ -77.407966921467874, -9.577048237587128 ], [ -77.408024224768852, -9.577104322186095 ], [ -77.408138035100649, -9.57710353183629 ], [ -77.408195338434254, -9.57715961639761 ], [ -77.408252641786646, -9.577215700944677 ], [ -77.408309945157797, -9.577271785477476 ], [ -77.408367248547734, -9.577327869996012 ], [ -77.408424551956429, -9.577383954500288 ], [ -77.408481855383911, -9.577440038990298 ], [ -77.408595665789022, -9.577439248462943 ], [ -77.408652969249118, -9.57749533291531 ], [ -77.408710272728001, -9.577551417353414 ], [ -77.408937893564143, -9.577549836093374 ], [ -77.408995197089524, -9.577605920470452 ], [ -77.409052500633649, -9.577662004833261 ], [ -77.409109804196575, -9.577718089181808 ], [ -77.409167107778273, -9.57777417351609 ], [ -77.40922441137873, -9.577830257836107 ], [ -77.409281714997974, -9.577886342141859 ], [ -77.40933901863599, -9.577942426433347 ], [ -77.409396322292778, -9.577998510710565 ], [ -77.409453625968339, -9.578054594973523 ], [ -77.409510929662687, -9.578110679222211 ], [ -77.409624740204578, -9.578109888302459 ], [ -77.409682043931554, -9.578165972513498 ], [ -77.409739347677288, -9.578222056710269 ], [ -77.409966968786975, -9.578220474665416 ], [ -77.410024272579207, -9.578276558801152 ], [ -77.410081576390212, -9.578332642922621 ], [ -77.410195386958009, -9.578331851797518 ], [ -77.410252690801656, -9.578387935881333 ], [ -77.410309994664075, -9.578444019950879 ], [ -77.410367298545253, -9.578500104006158 ], [ -77.410424602445232, -9.578556188047171 ], [ -77.41048190636397, -9.578612272073919 ], [ -77.410539210301479, -9.578668356086393 ], [ -77.411222074000378, -9.578663607711126 ], [ -77.411279378039808, -9.578719691569006 ], [ -77.411336682097996, -9.578775775412616 ], [ -77.411450492707743, -9.578774983839502 ], [ -77.411507796798574, -9.578831067645458 ], [ -77.411565100908192, -9.578887151437138 ], [ -77.41179272215355, -9.578885568085537 ], [ -77.411850026309637, -9.578941651816166 ], [ -77.41190733048451, -9.578997735532527 ], [ -77.412476383564112, -9.578993776267327 ], [ -77.412533687827022, -9.579049859852462 ], [ -77.412590992108704, -9.57910594342332 ], [ -77.412648296409174, -9.579162026979908 ], [ -77.412705600728401, -9.579218110522223 ], [ -77.412762905066415, -9.579274194050262 ], [ -77.412763703105583, -9.579387153154855 ], [ -77.412821007486087, -9.579443236663469 ], [ -77.412878311885351, -9.579499320157806 ], [ -77.4129356163034, -9.579555403637871 ], [ -77.412992920740237, -9.579611487103659 ], [ -77.413050225195846, -9.579667570555175 ], [ -77.413107529670228, -9.579723653992417 ], [ -77.413164834163382, -9.579779737415386 ], [ -77.413222138675323, -9.579835820824075 ], [ -77.413279443206051, -9.579891904218494 ], [ -77.413336747755551, -9.579947987598635 ], [ -77.413394052323824, -9.580004070964501 ], [ -77.413451356910883, -9.580060154316092 ], [ -77.413508661516715, -9.580116237653407 ], [ -77.41356596614132, -9.580172320976445 ], [ -77.413623270784711, -9.580228404285208 ], [ -77.41368057544689, -9.580284487579696 ], [ -77.41373788012784, -9.580340570859905 ], [ -77.413795184827563, -9.58039665412584 ], [ -77.413852489546073, -9.580452737377497 ], [ -77.413909794283356, -9.580508820614876 ], [ -77.413967099039425, -9.580564903837979 ], [ -77.414024403814281, -9.580620987046807 ], [ -77.41408170860791, -9.580677070241352 ], [ -77.414139013420311, -9.580733153421626 ], [ -77.414196318251498, -9.580789236587618 ], [ -77.414253623101473, -9.580845319739332 ], [ -77.41431092797022, -9.580901402876769 ], [ -77.414368232857754, -9.580957485999928 ], [ -77.41442553776406, -9.581013569108809 ], [ -77.414482842689154, -9.581069652203411 ], [ -77.414540147633019, -9.581125735283733 ], [ -77.414597452595672, -9.581181818349778 ], [ -77.414654757577111, -9.581237901401542 ], [ -77.414712062577323, -9.581293984439027 ], [ -77.414769367596321, -9.581350067462234 ], [ -77.414826672634092, -9.58140615047116 ], [ -77.41488397769065, -9.581462233465805 ], [ -77.414941282765994, -9.581518316446173 ], [ -77.414998587860111, -9.58157439941226 ], [ -77.415055892973015, -9.581630482364067 ], [ -77.415113198104692, -9.581686565301595 ], [ -77.415170503255169, -9.581742648224838 ], [ -77.415227808424419, -9.581798731133803 ], [ -77.415285113612455, -9.581854814028489 ], [ -77.415285912704618, -9.581967772905358 ], [ -77.415343217935146, -9.5820238557806 ], [ -77.415400523184445, -9.582079938641563 ], [ -77.415457828452546, -9.582136021488241 ], [ -77.415515133739419, -9.58219210432064 ], [ -77.415572439045079, -9.582248187138754 ], [ -77.415629744369525, -9.582304269942588 ], [ -77.415687049712744, -9.58236035273214 ], [ -77.41574435507475, -9.58241643550741 ], [ -77.415801660455543, -9.582472518268396 ], [ -77.416370717681474, -9.582468551190614 ], [ -77.416428023150317, -9.582524633820293 ], [ -77.416485328637933, -9.582580716435686 ], [ -77.416826762938229, -9.582578335601129 ], [ -77.416884068486169, -9.582634418132017 ], [ -77.416941374052911, -9.582690500648622 ], [ -77.416997879913723, -9.582633624422513 ], [ -77.417054385755748, -9.58257674819165 ], [ -77.417111691331385, -9.582632830675726 ], [ -77.417168996925838, -9.582688913145514 ], [ -77.417226302539063, -9.58274499560102 ], [ -77.417283608171061, -9.582801078042236 ], [ -77.417340913821846, -9.582857160469169 ], [ -77.417398219491417, -9.582913242881816 ], [ -77.417512030968481, -9.582912448980696 ], [ -77.417569336670681, -9.582968531355649 ], [ -77.417626642391681, -9.583024613716312 ], [ -77.41768394813144, -9.583080696062689 ], [ -77.417741253890014, -9.583136778394778 ], [ -77.417798559667361, -9.583192860712584 ], [ -77.417855865463494, -9.583248943016098 ], [ -77.4179131712784, -9.583305025305327 ], [ -77.417970477112121, -9.583361107580266 ], [ -77.418027782964586, -9.583417189840919 ], [ -77.418085088835866, -9.583473272087282 ], [ -77.418198900441553, -9.583472477914775 ], [ -77.418256206345447, -9.58352856012344 ], [ -77.418313512268142, -9.583584642317817 ], [ -77.418370818209624, -9.583640724497902 ], [ -77.418428124169878, -9.583696806663701 ], [ -77.418485430148934, -9.583752888815214 ], [ -77.418486230460772, -9.583865847411753 ], [ -77.418543536482332, -9.583921929543807 ], [ -77.418657348198806, -9.583921135184005 ], [ -77.418714654252994, -9.583977217278354 ], [ -77.418715454659733, -9.584090175854231 ], [ -77.41877276075644, -9.584146257929126 ], [ -77.418830066871919, -9.584202339989728 ], [ -77.418887373006214, -9.584258422036042 ], [ -77.419001184805779, -9.584257627535756 ], [ -77.419058490972688, -9.584313709544366 ], [ -77.419115797158398, -9.584369791538684 ], [ -77.41917310336288, -9.584425873518708 ], [ -77.419230409586163, -9.584481955484444 ], [ -77.419287715828233, -9.584538037435886 ], [ -77.419345022089075, -9.584594119373039 ], [ -77.419458833961869, -9.584593324694969 ], [ -77.419516140255368, -9.584649406594412 ], [ -77.41957344656764, -9.584705488479564 ], [ -77.419630752898698, -9.584761570350425 ], [ -77.419688059248543, -9.584817652206992 ], [ -77.420143306862485, -9.584814472747089 ], [ -77.420200613286525, -9.584870554495696 ], [ -77.420257919729352, -9.584926636230003 ], [ -77.420315226190951, -9.584982717950023 ], [ -77.420372532671365, -9.585038799655745 ], [ -77.420600156529815, -9.585037209514672 ], [ -77.420657463056699, -9.585093291159263 ], [ -77.42071476960237, -9.585149372789559 ], [ -77.42082858154447, -9.585148577616234 ], [ -77.420885888122797, -9.585204659208815 ], [ -77.420886689352116, -9.585317617594674 ], [ -77.420943995972962, -9.585373699167791 ], [ -77.421057807970442, -9.585372903900788 ], [ -77.421115114623902, -9.585428985436188 ], [ -77.421172421296163, -9.585485066957288 ], [ -77.421286233311463, -9.585484271606147 ], [ -77.421343540016352, -9.585540353089531 ], [ -77.421400846740042, -9.585596434558619 ], [ -77.421628470796364, -9.585594843650751 ], [ -77.421685777566509, -9.585650925058701 ], [ -77.421743084355469, -9.585707006452349 ], [ -77.421856896396491, -9.585706210895621 ], [ -77.42191420321808, -9.585762292251554 ], [ -77.421971510058469, -9.585818373593185 ], [ -77.422085322117297, -9.58581757795231 ], [ -77.422142628990315, -9.585873659256221 ], [ -77.422199935882105, -9.585929740545833 ], [ -77.422313747958754, -9.585928944820811 ], [ -77.422371054883186, -9.585985026072699 ], [ -77.42242836182642, -9.58604110731029 ], [ -77.422883610144794, -9.586037923849807 ], [ -77.422940917162194, -9.586094004979394 ], [ -77.422998224198381, -9.586150086094685 ], [ -77.423112036280941, -9.586149290089459 ], [ -77.42316934334977, -9.586205371167024 ], [ -77.423226650437385, -9.586261452230287 ], [ -77.42328315543628, -9.586204575101071 ], [ -77.423339660416374, -9.586147697967105 ], [ -77.423396967512886, -9.586203778997817 ], [ -77.423454274628185, -9.586259860014225 ], [ -77.423511581762284, -9.586315941016334 ], [ -77.423568888915185, -9.58637202200414 ], [ -77.423626196086843, -9.586428102977646 ], [ -77.423683503277317, -9.586484183936847 ], [ -77.423740810486592, -9.586540264881744 ], [ -77.423798117714639, -9.586596345812342 ], [ -77.424025742031986, -9.586594753165942 ], [ -77.424083049306518, -9.586650834035382 ], [ -77.42414035659985, -9.586706914890517 ], [ -77.424197663911954, -9.586762995731348 ], [ -77.42425497124286, -9.586819076557873 ], [ -77.424368783442063, -9.586818280085005 ], [ -77.424426090805611, -9.5868743608738 ], [ -77.424483398187945, -9.586930441648292 ], [ -77.424597210404926, -9.586929645091256 ], [ -77.424654517819903, -9.586985725828015 ], [ -77.424711825253652, -9.587041806550465 ], [ -77.424769132706217, -9.587097887258608 ], [ -77.424826440177569, -9.587153967952451 ], [ -77.424883747667707, -9.587210048631986 ], [ -77.424941055176632, -9.587266129297218 ], [ -77.424998362704358, -9.587322209948141 ], [ -77.42505567025087, -9.587378290584761 ], [ -77.425112977816198, -9.587434371207076 ], [ -77.425170285400299, -9.587490451815082 ], [ -77.4252275930032, -9.587546532408785 ], [ -77.425284900624888, -9.58760261298818 ], [ -77.425342208265377, -9.587658693553266 ], [ -77.425399515924653, -9.587714774104048 ], [ -77.42545682360273, -9.587770854640526 ], [ -77.425514131299593, -9.587826935162694 ], [ -77.425571439015258, -9.587883015670551 ], [ -77.425628746749709, -9.587939096164106 ], [ -77.425686054502961, -9.587995176643352 ], [ -77.425743362275, -9.588051257108289 ], [ -77.42580067006584, -9.588107337558919 ], [ -77.425857977875481, -9.588163417995242 ], [ -77.425971790387095, -9.588162620885379 ], [ -77.426029098229364, -9.588218701283957 ], [ -77.426086406090434, -9.588274781668229 ], [ -77.426143713970291, -9.588330862038189 ], [ -77.426201021868948, -9.588386942393843 ], [ -77.426258329786393, -9.588443022735184 ], [ -77.426315637722638, -9.588499103062219 ], [ -77.42642945030741, -9.588498305774429 ], [ -77.426486758276283, -9.588554386063718 ], [ -77.426544066263972, -9.588610466338695 ], [ -77.426657878866521, -9.588609668966724 ], [ -77.426715186886824, -9.588665749203953 ], [ -77.426772494925956, -9.588721829426868 ], [ -77.427000120156691, -9.588720234477242 ], [ -77.427057428242264, -9.588776314638974 ], [ -77.427114736346653, -9.588832394786394 ], [ -77.427228548974838, -9.588831597208735 ], [ -77.427285857111869, -9.588887677318404 ], [ -77.427343165267686, -9.588943757413762 ], [ -77.42745697791365, -9.588942959751911 ], [ -77.427514286102095, -9.588999039809517 ], [ -77.427571594309356, -9.589055119852816 ], [ -77.427628902535403, -9.589111199881795 ], [ -77.427686210780251, -9.589167279896463 ], [ -77.427800023471661, -9.589166482103543 ], [ -77.427857331749152, -9.589222562080456 ], [ -77.427914640045429, -9.589278642043061 ], [ -77.427971948360508, -9.589334721991348 ], [ -77.428029256694373, -9.589390801925324 ], [ -77.428598320279505, -9.589386811932178 ], [ -77.428654824549881, -9.589329934028285 ], [ -77.428711328801469, -9.58927305611965 ], [ -77.428767833034243, -9.589216178206273 ], [ -77.428824337248216, -9.589159300288154 ], [ -77.428880841443402, -9.589102422365293 ], [ -77.428937345619801, -9.589045544437687 ], [ -77.428993849777385, -9.588988666505344 ], [ -77.429050353916182, -9.588931788568257 ], [ -77.429106858036178, -9.588874910626428 ], [ -77.429163362137388, -9.588818032679857 ], [ -77.429277174587114, -9.588817234430591 ], [ -77.429333678645762, -9.588760356465412 ], [ -77.429390182685623, -9.588703478495493 ], [ -77.429446686706683, -9.588646600520836 ], [ -77.429503190708942, -9.588589722541432 ], [ -77.429559694692415, -9.588532844557292 ], [ -77.429616198657087, -9.588475966568408 ], [ -77.429672702602971, -9.588419088574792 ], [ -77.429729206530055, -9.588362210576427 ], [ -77.429843018779835, -9.588361412178916 ], [ -77.429899522664371, -9.588304534161949 ], [ -77.429956026530107, -9.588247656140242 ], [ -77.430183650904851, -9.588246059177818 ], [ -77.430240154704293, -9.588189181123642 ], [ -77.430296658484934, -9.588132303064729 ], [ -77.430353966853048, -9.588188382572602 ], [ -77.430411275239933, -9.588244462066159 ], [ -77.430980335903953, -9.588240468634103 ], [ -77.4310368395371, -9.588183590482878 ], [ -77.431093343151431, -9.588126712326915 ], [ -77.431149846746976, -9.588069834166214 ], [ -77.431206350323734, -9.588012956000778 ], [ -77.431889222222821, -9.588008162318417 ], [ -77.431945725638229, -9.587951284065074 ], [ -77.43200222903485, -9.587894405806992 ], [ -77.432058732412671, -9.587837527544178 ], [ -77.432115235771718, -9.587780649276633 ], [ -77.432456671302106, -9.587778251765469 ], [ -77.43251397986171, -9.587834330843453 ], [ -77.432571288440116, -9.587890409907121 ], [ -77.432628597037322, -9.587946488956463 ], [ -77.432685905653301, -9.58800256799149 ], [ -77.432743214288095, -9.588058647012193 ], [ -77.432800522941676, -9.588114726018572 ], [ -77.433597206079043, -9.588109129535281 ], [ -77.4336545148482, -9.588165208363197 ], [ -77.433711823636173, -9.588221287176788 ], [ -77.433825635500838, -9.58822048748304 ], [ -77.433882944321425, -9.588276566258859 ], [ -77.433940253160785, -9.588332645020353 ], [ -77.433996756189998, -9.588275766504355 ], [ -77.434053259200397, -9.588218887983622 ], [ -77.434508506480242, -9.588215688537087 ], [ -77.434565009376783, -9.588158809956202 ], [ -77.434621512254552, -9.588101931370581 ], [ -77.434962947467483, -9.588099531310807 ], [ -77.435019450255155, -9.588042652678894 ], [ -77.435075953024025, -9.587985774042249 ], [ -77.435132455774109, -9.587928895400879 ], [ -77.435131649609019, -9.58781593823046 ], [ -77.435188152326489, -9.587759059588759 ], [ -77.435244655025159, -9.587702180942328 ], [ -77.435301157705041, -9.587645302291168 ], [ -77.435357660366137, -9.587588423635284 ], [ -77.435414163008431, -9.58753154497467 ], [ -77.435470665631939, -9.58747466630933 ], [ -77.435527168236646, -9.587417787639264 ], [ -77.435583670822567, -9.587360908964468 ], [ -77.435640173389686, -9.587304030284946 ], [ -77.435696675938019, -9.5872471516007 ], [ -77.435695869644661, -9.58713419447346 ], [ -77.43575237216038, -9.587077315788884 ], [ -77.435808874657312, -9.587020437099582 ], [ -77.435808068346262, -9.586907479980344 ], [ -77.43586457081058, -9.586850601290715 ], [ -77.435921073256097, -9.586793722596356 ], [ -77.435977575682827, -9.586736843897278 ], [ -77.436034078090785, -9.586679965193474 ], [ -77.436090580479927, -9.58662308648494 ], [ -77.436147082850297, -9.586566207771684 ], [ -77.436203585201866, -9.586509329053701 ], [ -77.436260087534635, -9.586452450330993 ], [ -77.436259281122986, -9.586339493246149 ], [ -77.436315783423169, -9.586282614523117 ], [ -77.436372285704536, -9.586225735795361 ], [ -77.436371479275195, -9.586112778718519 ], [ -77.436427981523977, -9.586055899990438 ], [ -77.436484483753972, -9.585999021257633 ], [ -77.436540985965152, -9.585942142520105 ], [ -77.43659748815756, -9.585885263777858 ], [ -77.43665399033118, -9.585828385030883 ], [ -77.436767801148093, -9.585827584568802 ], [ -77.436824303279153, -9.585770705803258 ], [ -77.436880805391425, -9.585713827032992 ], [ -77.436937307484911, -9.585656948258 ], [ -77.43699380955961, -9.585600069478287 ], [ -77.437050311615508, -9.585543190693853 ], [ -77.437106813652633, -9.585486311904694 ], [ -77.437163315670958, -9.585429433110814 ], [ -77.43721981767051, -9.585372554312213 ], [ -77.437276319651261, -9.585315675508891 ], [ -77.437275513000884, -9.585202718502467 ], [ -77.437332014949035, -9.585145839698823 ], [ -77.437901067508278, -9.585141836184704 ], [ -77.437957569318826, -9.585084957307119 ], [ -77.438014071110572, -9.585028078424818 ], [ -77.438127881545043, -9.585027277582418 ], [ -77.438184383294242, -9.58497039868155 ], [ -77.438240885024655, -9.584913519775965 ], [ -77.43829819369499, -9.584969597788016 ], [ -77.438355502384098, -9.585025675785737 ], [ -77.438810743942753, -9.58502247174483 ], [ -77.438867245549375, -9.584965592760909 ], [ -77.438923747137181, -9.58490871377227 ], [ -77.439037557454427, -9.584907912641125 ], [ -77.4390940589997, -9.584851033633926 ], [ -77.439150560526187, -9.58479415462201 ], [ -77.439605801505436, -9.584790949613751 ], [ -77.439662302918066, -9.58473407054176 ], [ -77.439718804311909, -9.584677191465053 ], [ -77.440174044941656, -9.584673985749374 ], [ -77.440230546221628, -9.584617106612598 ], [ -77.44028704748284, -9.584560227471103 ], [ -77.440856097808165, -9.584556219349023 ], [ -77.440912598931732, -9.584499340133632 ], [ -77.440969100036511, -9.584442460913525 ], [ -77.441025601122519, -9.584385581688704 ], [ -77.441082102189725, -9.584328702459171 ], [ -77.441651151790538, -9.584324693128051 ], [ -77.441707652720126, -9.584267813824631 ], [ -77.441764153630913, -9.5842109345165 ], [ -77.442219392941979, -9.584207726269675 ], [ -77.442275893738881, -9.584150846901498 ], [ -77.442332394517024, -9.584093967528608 ], [ -77.442446204272329, -9.58409316534601 ], [ -77.442502705007911, -9.584036285954577 ], [ -77.442559205724692, -9.583979406558436 ], [ -77.442673015422486, -9.583978604310879 ], [ -77.442730324441044, -9.584034681449834 ], [ -77.442787633478389, -9.584090758574458 ], [ -77.442901443193776, -9.584089956242691 ], [ -77.442958752263706, -9.584146033329517 ], [ -77.443016061352424, -9.584202110402003 ], [ -77.443243680808507, -9.584200505532758 ], [ -77.443300989943594, -9.584256582543984 ], [ -77.443358299097483, -9.584312659540872 ], [ -77.443415608270143, -9.584368736523425 ], [ -77.443472917461591, -9.584424813491637 ], [ -77.443928156474826, -9.584421602930266 ], [ -77.443985465740255, -9.584477679790293 ], [ -77.444042775024471, -9.584533756635977 ], [ -77.44415658478043, -9.584532953855478 ], [ -77.444213894097231, -9.584589030663363 ], [ -77.444271203432805, -9.584645107456904 ], [ -77.444498822969962, -9.584643501690177 ], [ -77.444556132351934, -9.58469957842245 ], [ -77.444613441752679, -9.584755655140384 ], [ -77.444841061305112, -9.584754049130625 ], [ -77.444898370752242, -9.584810125787289 ], [ -77.444955680218158, -9.584866202429613 ], [ -77.445069490006986, -9.584865399321862 ], [ -77.445126799505488, -9.584921475926375 ], [ -77.445184109022776, -9.584977552516547 ], [ -77.445297918829212, -9.58497674932457 ], [ -77.445355228379086, -9.585032825876933 ], [ -77.445412537947746, -9.585088902414952 ], [ -77.445526347771789, -9.585088099138749 ], [ -77.445583657373021, -9.585144175638957 ], [ -77.445640966993068, -9.585200252124825 ], [ -77.445698276631873, -9.585256328596348 ], [ -77.445755586289465, -9.585312405053523 ], [ -77.446097015867252, -9.585309994719541 ], [ -77.446154325585027, -9.585366071091972 ], [ -77.446211635321589, -9.585422147450059 ], [ -77.446439255045348, -9.585420540280383 ], [ -77.446496564828294, -9.585476616577186 ], [ -77.446553874630013, -9.58553269285964 ], [ -77.446667684504504, -9.585531889171923 ], [ -77.446724994338808, -9.585587965416561 ], [ -77.446782304191913, -9.585644041646855 ], [ -77.446896114083998, -9.585643237874899 ], [ -77.446953423969674, -9.585699314067375 ], [ -77.447010733874137, -9.585755390245504 ], [ -77.447068043797401, -9.585811466409288 ], [ -77.447125353739438, -9.585867542558724 ], [ -77.447182663700275, -9.585923618693814 ], [ -77.447239973679885, -9.585979694814554 ], [ -77.447353783644758, -9.585978890864475 ], [ -77.447411093656953, -9.586034966947397 ], [ -77.447468403687935, -9.586091043015967 ], [ -77.448037453500277, -9.586087022471371 ], [ -77.448094763619011, -9.586143098408231 ], [ -77.448152073756546, -9.586199174330742 ], [ -77.448209383912868, -9.586255250238903 ], [ -77.448266694087977, -9.586311326132714 ], [ -77.448324004281886, -9.586367402012174 ], [ -77.448381314494569, -9.586423477877286 ], [ -77.448438624726052, -9.586479553728045 ], [ -77.448495934976336, -9.586535629564452 ], [ -77.448553245245392, -9.586591705386514 ], [ -77.448610555533236, -9.586647781194218 ], [ -77.448724365603638, -9.58664697673866 ], [ -77.448781675924067, -9.58670305250854 ], [ -77.448838986263297, -9.58675912826407 ], [ -77.448952796351278, -9.586758323724256 ], [ -77.449010106723094, -9.586814399441957 ], [ -77.449067417113682, -9.586870475145307 ], [ -77.449181227219256, -9.586869670521237 ], [ -77.449238537642429, -9.586925746186756 ], [ -77.449295848084418, -9.586981821837924 ], [ -77.449353158545165, -9.587037897474737 ], [ -77.449410469024713, -9.587093973097199 ], [ -77.449979519678379, -9.587089948947771 ], [ -77.45003601921681, -9.587033068524388 ], [ -77.450092518736454, -9.586976188096305 ], [ -77.450547758889002, -9.586972967994742 ], [ -77.450605069501449, -9.587029043373287 ], [ -77.450662380132684, -9.587085118737479 ], [ -77.451117620235465, -9.587081897851244 ], [ -77.451174119535949, -9.587025017289641 ], [ -77.451230618817661, -9.586968136723343 ], [ -77.452027288279069, -9.586962498542825 ], [ -77.452084599070744, -9.587018573616112 ], [ -77.452141909881206, -9.58707464867504 ], [ -77.452199220710469, -9.587130723719612 ], [ -77.452256531558533, -9.587186798749823 ], [ -77.452370341496675, -9.587185993052323 ], [ -77.45242765237731, -9.587242068044691 ], [ -77.452484963276731, -9.587298143022702 ], [ -77.452940203039518, -9.587294919671804 ], [ -77.452997514012864, -9.587350994541513 ], [ -77.453054825004997, -9.587407069396866 ], [ -77.453510064717818, -9.587403845261237 ], [ -77.453567375783877, -9.587459920008282 ], [ -77.453624686868736, -9.587515994740967 ], [ -77.453966116630866, -9.587513576106641 ], [ -77.454023427775866, -9.587569650754501 ], [ -77.454080738939652, -9.587625725388 ], [ -77.454308358786108, -9.587624112684644 ], [ -77.45436566999625, -9.587680187256801 ], [ -77.454422981225179, -9.587736261814596 ], [ -77.454536791160962, -9.587735455359985 ], [ -77.454594102422462, -9.587791529879928 ], [ -77.454651413702763, -9.587847604385507 ], [ -77.454765223656068, -9.587846797846613 ], [ -77.45482253496894, -9.587902872314338 ], [ -77.454879846300614, -9.587958946767692 ], [ -77.454993656271455, -9.587958140144517 ], [ -77.455050967635714, -9.588014214560021 ], [ -77.455108279018731, -9.588070288961161 ], [ -77.455164777610307, -9.588013407876046 ], [ -77.455221276183067, -9.587956526786245 ], [ -77.455277774737056, -9.587899645691756 ], [ -77.455334273272243, -9.587842764592578 ], [ -77.455390771788629, -9.58778588348871 ], [ -77.455447270286243, -9.587729002380152 ], [ -77.455561080131787, -9.587728195589806 ], [ -77.455617578586782, -9.587671314462749 ], [ -77.455674077022991, -9.587614433331007 ], [ -77.455730575440427, -9.587557552194575 ], [ -77.455787073839048, -9.587500671053455 ], [ -77.455843572218896, -9.587443789907651 ], [ -77.455842759243268, -9.587330834489013 ], [ -77.455899257590531, -9.587273953342962 ], [ -77.455955755919007, -9.587217072192217 ], [ -77.456012254228696, -9.587160191036789 ], [ -77.456068752519585, -9.587103309876678 ], [ -77.456125250791686, -9.587046428711878 ], [ -77.456181749045001, -9.586989547542393 ], [ -77.456238247279515, -9.586932666368218 ], [ -77.456465866294067, -9.586931052363497 ], [ -77.456522364462188, -9.586874171157023 ], [ -77.456578862611508, -9.586817289945861 ], [ -77.456692672056136, -9.58681648285993 ], [ -77.456749170162865, -9.586759601630273 ], [ -77.456805668250809, -9.586702720395932 ], [ -77.457033287014738, -9.586701106056937 ], [ -77.457089785036288, -9.586644224790296 ], [ -77.457146283039037, -9.586587343518973 ], [ -77.457260092358339, -9.586586536265909 ], [ -77.457316590318499, -9.586529654976092 ], [ -77.457373088259871, -9.586472773681596 ], [ -77.457600706773164, -9.586471159008342 ], [ -77.457657204648129, -9.586414277681547 ], [ -77.457713702504293, -9.586357396350069 ], [ -77.457770200341699, -9.58630051501391 ], [ -77.457826698160289, -9.586243633673073 ], [ -77.458509552887975, -9.586238788426812 ], [ -77.458566050544931, -9.586181906998458 ], [ -77.458622548183115, -9.586125025565426 ], [ -77.459077784277028, -9.586121794544864 ], [ -77.459134281801184, -9.586064913051942 ], [ -77.459190779306553, -9.586008031554337 ], [ -77.459248090775759, -9.586064105189752 ], [ -77.459305402263752, -9.586120178810798 ], [ -77.459533020210301, -9.586118562927547 ], [ -77.45958951763923, -9.586061681379411 ], [ -77.459588703543872, -9.585948726270793 ], [ -77.459645200940244, -9.585891844722429 ], [ -77.459701698317829, -9.585834963169384 ], [ -77.459758195676613, -9.585778081611663 ], [ -77.459814693016625, -9.585721200049269 ], [ -77.459871190337836, -9.585664318482189 ], [ -77.459927687640274, -9.585607436910438 ], [ -77.459984184923897, -9.585550555334006 ], [ -77.460040682188762, -9.5854936737529 ], [ -77.460097179434825, -9.585436792167117 ], [ -77.460153676662102, -9.585379910576659 ], [ -77.460210173870607, -9.585323028981522 ], [ -77.46026667106031, -9.585266147381709 ], [ -77.460323168231227, -9.58520926577722 ], [ -77.460664593963017, -9.585206841122103 ], [ -77.460721905444515, -9.585262914488826 ], [ -77.4607792169448, -9.585318987841172 ], [ -77.462144919298012, -9.585309285300349 ], [ -77.462202230982228, -9.585365358356354 ], [ -77.462259542685246, -9.585421431397981 ], [ -77.462373351176865, -9.585420622563506 ], [ -77.462430662912425, -9.585476695567253 ], [ -77.462487974666757, -9.585532768556627 ], [ -77.465446992634597, -9.585511724547857 ], [ -77.465503488756354, -9.58545484230463 ], [ -77.465559984859325, -9.58539796005674 ], [ -77.466811874504586, -9.585389048929539 ], [ -77.466869186776606, -9.58544512101664 ], [ -77.466926499067441, -9.585501193089359 ], [ -77.467040307184078, -9.585500382716107 ], [ -77.467097619507442, -9.585556454750925 ], [ -77.467154931849578, -9.585612526771365 ], [ -77.467212244210515, -9.585668598777414 ], [ -77.467269556590225, -9.585724670769075 ], [ -77.467383364751825, -9.585723860264496 ], [ -77.467440677164078, -9.585779932218262 ], [ -77.467497989595117, -9.585836004157644 ], [ -77.467555302044957, -9.585892076082635 ], [ -77.46761261451357, -9.585948147993241 ], [ -77.467669927000983, -9.58600421988946 ], [ -77.46772723950717, -9.586060291771291 ], [ -77.467784552032157, -9.586116363638732 ], [ -77.467841864575917, -9.586172435491791 ], [ -77.467955672837434, -9.586171624761828 ], [ -77.468012985413736, -9.586227696576982 ], [ -77.46807029800884, -9.586283768377749 ], [ -77.468184106287794, -9.586282957563466 ], [ -77.468241418915412, -9.586339029326334 ], [ -77.468298731561859, -9.586395101074809 ], [ -77.468412539858207, -9.586394290176203 ], [ -77.468469852537183, -9.586450361886779 ], [ -77.468527165234931, -9.586506433582963 ], [ -77.468584477951467, -9.586562505264759 ], [ -77.468641790686803, -9.586618576932166 ], [ -77.468755599028086, -9.586617765902206 ], [ -77.468812911795965, -9.586673837531709 ], [ -77.468870224582616, -9.58672990914682 ], [ -77.468927537388069, -9.586785980747536 ], [ -77.468984850212308, -9.586842052333866 ], [ -77.470122933620672, -9.586833939042275 ], [ -77.470179428930578, -9.58677705618032 ], [ -77.470235924221697, -9.586720173313708 ], [ -77.470292419494044, -9.586663290442436 ], [ -77.470348914747575, -9.586606407566508 ], [ -77.47046272293764, -9.586605595977078 ], [ -77.470519218148553, -9.58654871308271 ], [ -77.470575713340679, -9.586491830183686 ], [ -77.470689521472991, -9.586491018529399 ], [ -77.470746834450736, -9.586547089764398 ], [ -77.470804147447268, -9.586603160985003 ], [ -77.470917955596974, -9.586602349246382 ], [ -77.470975268626034, -9.586658420429075 ], [ -77.471032581673896, -9.586714491597371 ], [ -77.471146389840996, -9.586713679774418 ], [ -77.4712037029214, -9.5867697509048 ], [ -77.471261016020577, -9.58682582202079 ], [ -77.471318329138555, -9.586881893122383 ], [ -77.471375642275319, -9.586937964209579 ], [ -77.471432955430856, -9.586994035282382 ], [ -77.471490268605194, -9.587050106340786 ], [ -77.471717885074085, -9.587048482300743 ], [ -77.471775198294708, -9.58710455329771 ], [ -77.471832511534117, -9.587160624280282 ], [ -77.471889824792314, -9.587216695248459 ], [ -77.471947138069297, -9.587272766202235 ], [ -77.472288562861863, -9.587270329580166 ], [ -77.472345876198872, -9.58732640044898 ], [ -77.472403189554669, -9.587382471303394 ], [ -77.472460502929266, -9.587438542143413 ], [ -77.472461321412013, -9.587551496142524 ], [ -77.472518634829228, -9.58760756696287 ], [ -77.472575948265245, -9.587663637768816 ], [ -77.472577585356376, -9.587889545743531 ], [ -77.472634898858843, -9.587945616524529 ], [ -77.472692212380124, -9.588001687291131 ], [ -77.472749525920179, -9.588057758043329 ], [ -77.472806839479048, -9.588113828781129 ], [ -77.47286415305669, -9.588169899504528 ], [ -77.472921466653133, -9.58822597021353 ], [ -77.472922285356873, -9.588338924168033 ], [ -77.472979598995948, -9.588394994857358 ], [ -77.473036912653811, -9.588451065532283 ], [ -77.473037731415332, -9.588564019475431 ], [ -77.473095045115841, -9.588620090130679 ], [ -77.473152358835122, -9.588676160771527 ], [ -77.473153177654424, -9.588789114703321 ], [ -77.473210491416353, -9.588845185324494 ], [ -77.473267805197082, -9.588901255931262 ], [ -77.473325118996598, -9.58895732652363 ], [ -77.473382432814901, -9.589013397101597 ], [ -77.473439746652005, -9.589069467665164 ], [ -77.473497060507896, -9.589125538214327 ], [ -77.473554374382587, -9.589181608749085 ], [ -77.473611688276065, -9.589237679269445 ], [ -77.473612507296224, -9.589350633158226 ], [ -77.473669821232335, -9.589406703658902 ], [ -77.473897438896145, -9.589405077791994 ], [ -77.473954752878555, -9.589461148231209 ], [ -77.474012066879752, -9.589517218656022 ], [ -77.474069380899735, -9.589573289066434 ], [ -77.474126694938533, -9.589629359462444 ], [ -77.474468121523415, -9.589626920099899 ], [ -77.47452543562224, -9.58968299041091 ], [ -77.474582749739852, -9.589739060707513 ], [ -77.474640063876265, -9.589795130989717 ], [ -77.474697378031465, -9.589851201257513 ], [ -77.474924995814163, -9.589849574641015 ], [ -77.474982310015648, -9.589905644847342 ], [ -77.475039624235919, -9.58996171503926 ], [ -77.475267242033169, -9.58996008817939 ], [ -77.475324556299739, -9.590016158309838 ], [ -77.475381870585082, -9.590072228425882 ], [ -77.475495679496049, -9.590071414892915 ], [ -77.475552993813935, -9.590127484971012 ], [ -77.475610308150635, -9.590183555034708 ], [ -77.475837925997183, -9.590181927762702 ], [ -77.47589524038014, -9.590237997764918 ], [ -77.475952554781912, -9.590294067752728 ], [ -77.476293981558371, -9.590291626423671 ], [ -77.476351296020169, -9.590347696326463 ], [ -77.476408610500755, -9.590403766214848 ], [ -77.476465925000127, -9.590459836088824 ], [ -77.476523239518315, -9.590515905948388 ], [ -77.476637048478537, -9.590515092003265 ], [ -77.476694363029253, -9.590571161824887 ], [ -77.47675167759877, -9.590627231632098 ], [ -77.476865486576372, -9.590626417602589 ], [ -77.476922801178418, -9.590682487371849 ], [ -77.476980115799265, -9.590738557126702 ], [ -77.477093924794247, -9.590737743012804 ], [ -77.477151239447622, -9.590793812729705 ], [ -77.477208554119812, -9.590849882432199 ], [ -77.477549981126472, -9.590847439725389 ], [ -77.477607295858675, -9.590903509342853 ], [ -77.477664610609665, -9.590959578945904 ], [ -77.47772192537947, -9.591015648534544 ], [ -77.477779240168061, -9.591071718108768 ], [ -77.477893049205008, -9.591070903704376 ], [ -77.477950364026142, -9.59112697324065 ], [ -77.478007678866078, -9.591183042762513 ], [ -77.478690533040151, -9.591178155270057 ], [ -77.47874784798131, -9.59123422463626 ], [ -77.478805162941271, -9.59129029398804 ], [ -77.478862477920032, -9.591346363325409 ], [ -77.47891979291758, -9.591402432648362 ], [ -77.479033601966123, -9.591401617841514 ], [ -77.479090916996213, -9.591457687126509 ], [ -77.479148232045105, -9.59151375639709 ], [ -77.479205547112784, -9.591569825653254 ], [ -77.479262862199278, -9.591625894895001 ], [ -77.479320177304558, -9.591681964122335 ], [ -77.47937749242864, -9.591738033335249 ], [ -77.479434807571522, -9.591794102533751 ], [ -77.479492122733205, -9.591850171717832 ], [ -77.479549437913676, -9.5919062408875 ], [ -77.479606753112961, -9.591962310042749 ], [ -77.479664068331047, -9.592018379183582 ], [ -77.479664889596464, -9.592131332534922 ], [ -77.479722204857211, -9.59218740165605 ], [ -77.479779520136745, -9.59224347076276 ], [ -77.479836835435094, -9.592299539855054 ], [ -77.47989415075223, -9.592355608932925 ], [ -77.479951466088181, -9.592411677996383 ], [ -77.480008781442919, -9.592467747045417 ], [ -77.480066096816444, -9.592523816080039 ], [ -77.480123412208798, -9.592579885100239 ], [ -77.480180727619938, -9.592635954106019 ], [ -77.480238043049894, -9.592692023097383 ], [ -77.480295358498637, -9.592748092074329 ], [ -77.48075059595088, -9.592744830362605 ], [ -77.480807089771176, -9.592687945982172 ], [ -77.480806268079135, -9.592574992732603 ], [ -77.480862761866902, -9.592518108352014 ], [ -77.480919255635868, -9.592461223966781 ], [ -77.480975749386033, -9.592404339576905 ], [ -77.481032243117411, -9.592347455182388 ], [ -77.481088736829975, -9.592290570783229 ], [ -77.481145230523751, -9.592233686379426 ], [ -77.481201724198726, -9.592176801970984 ], [ -77.481770769643489, -9.592172723489684 ], [ -77.481828085170278, -9.592228792172527 ], [ -77.481885400715854, -9.592284860840946 ], [ -77.48194271628023, -9.592340929494945 ], [ -77.482000031863421, -9.592396998134522 ], [ -77.482341459173483, -9.592394550315303 ], [ -77.482398774816659, -9.592450618869805 ], [ -77.482456090478649, -9.592506687409884 ], [ -77.482683708689621, -9.592505055249598 ], [ -77.482741024397868, -9.592561123728148 ], [ -77.482798340124916, -9.592617192192273 ], [ -77.483025958350268, -9.592615559788499 ], [ -77.483083274123572, -9.592671628191095 ], [ -77.483140589915692, -9.592727696579264 ], [ -77.483254399040632, -9.592726880274292 ], [ -77.483311714865266, -9.592782948624482 ], [ -77.483313359954536, -9.593008854689172 ], [ -77.483370675845734, -9.593064923014349 ], [ -77.483427991755718, -9.593120991325099 ], [ -77.483428814363307, -9.593233944345641 ], [ -77.483486130315967, -9.593290012636672 ], [ -77.483543446287442, -9.593346080913271 ], [ -77.483600762277703, -9.593402149175448 ], [ -77.483714571587697, -9.593401332662458 ], [ -77.483771887610501, -9.593457400886649 ], [ -77.483829203652107, -9.593513469096415 ], [ -77.483943012979424, -9.593512652498987 ], [ -77.484000329053558, -9.59356872067077 ], [ -77.484057645146493, -9.593624788828128 ], [ -77.484171454491133, -9.593623972146265 ], [ -77.484227947705222, -9.593567087316831 ], [ -77.48428444090051, -9.593510202482763 ], [ -77.484739677986624, -9.593506935271931 ], [ -77.484796171067615, -9.593450050378163 ], [ -77.484852664129804, -9.593393165479762 ], [ -77.485194091694623, -9.593390714597147 ], [ -77.485250584666375, -9.593333829652812 ], [ -77.485307077619339, -9.593276944703847 ], [ -77.485534695849637, -9.593275310540431 ], [ -77.485591188736052, -9.593218425559302 ], [ -77.485647681603652, -9.593161540573544 ], [ -77.485761490655833, -9.593160723408328 ], [ -77.485817983480757, -9.593103838404168 ], [ -77.485874476286881, -9.593046953395378 ], [ -77.48593096907419, -9.592990068381953 ], [ -77.485987461842711, -9.592933183363893 ], [ -77.486215079725611, -9.592931548811396 ], [ -77.486271572427583, -9.592874663761185 ], [ -77.486328065110754, -9.592817778706339 ], [ -77.486384557775111, -9.592760893646863 ], [ -77.486441050420666, -9.592704008582757 ], [ -77.486497543047435, -9.592647123514016 ], [ -77.486554035655388, -9.592590238440641 ], [ -77.486610528244555, -9.592533353362642 ], [ -77.48666702081492, -9.592476468280008 ], [ -77.486723513366485, -9.592419583192742 ], [ -77.486780005899234, -9.592362698100848 ], [ -77.486836498413197, -9.592305813004321 ], [ -77.486835674758737, -9.592192860271169 ], [ -77.486892167240185, -9.592135975174509 ], [ -77.486948659702819, -9.59207909007322 ], [ -77.486947836031064, -9.59196613734826 ], [ -77.487004328461182, -9.591909252246841 ], [ -77.487800987865214, -9.591903528926343 ], [ -77.487857480109383, -9.591846643723997 ], [ -77.487913972334766, -9.591789758517018 ], [ -77.48797128853117, -9.591845825943755 ], [ -77.48802860474639, -9.591901893356061 ], [ -77.488085920980382, -9.59195796075393 ], [ -77.488143237233189, -9.592014028137367 ], [ -77.488200553504797, -9.59207009550637 ], [ -77.488257869795191, -9.592126162860938 ], [ -77.488315186104387, -9.592182230201074 ], [ -77.488372502432384, -9.592238297526775 ], [ -77.488486310940047, -9.592237479544284 ], [ -77.488543627300572, -9.592293546831987 ], [ -77.488600943679884, -9.592349614105254 ], [ -77.488658260077997, -9.592405681364086 ], [ -77.488715576494926, -9.592461748608487 ], [ -77.488772892930641, -9.59251781583845 ], [ -77.488830209385156, -9.592573883053978 ], [ -77.488887525858473, -9.592629950255068 ], [ -77.488944842350591, -9.592686017441725 ], [ -77.489002158861524, -9.592742084613944 ], [ -77.489002983281182, -9.592855037156768 ], [ -77.489060299834776, -9.592911104309248 ], [ -77.489117616407185, -9.592967171447286 ], [ -77.489174932998381, -9.593023238570892 ], [ -77.489232249608378, -9.593079305680059 ], [ -77.489289566237176, -9.593135372774785 ], [ -77.489403374964368, -9.593134554415261 ], [ -77.489460691625695, -9.593190621471985 ], [ -77.489518008305822, -9.593246688514276 ], [ -77.489575325004751, -9.593302755542126 ], [ -77.48963264172248, -9.593358822555539 ], [ -77.48968995845901, -9.593414889554511 ], [ -77.489747275214341, -9.593470956539051 ], [ -77.489804591988488, -9.593527023509148 ], [ -77.489861908781421, -9.59358309046481 ], [ -77.489975717608189, -9.593582271879423 ], [ -77.490033034433651, -9.593638338797076 ], [ -77.490090351277914, -9.593694405700287 ], [ -77.490204160121948, -9.59369358703044 ], [ -77.490261476998739, -9.593749653895648 ], [ -77.490318793894332, -9.59380572074641 ], [ -77.490432602755632, -9.593804901992103 ], [ -77.490489919683753, -9.593860968804858 ], [ -77.490547236630661, -9.593917035603173 ], [ -77.491002472083963, -9.593913760024128 ], [ -77.491059789104554, -9.593969826713719 ], [ -77.491060201707469, -9.594026302892484 ] ] ] ] } }
]
}
