{
"type": "FeatureCollection",
"name": "Quillcay",
"crs": { "type": "name", "properties": { "name": "urn:ogc:def:crs:EPSG::32718" } },
"features": [
{ "type": "Feature", "properties": { "cat": 1, "value": 1, "label": null }, "geometry": { "type": "MultiPolygon", "coordinates": [ [ [ [ 225664.515625000931323, 8943119.25000000372529 ], [ 225658.265625001862645, 8943119.25000000372529 ], [ 225608.265625000931323, 8943119.25000000372529 ], [ 225602.015625000931323, 8943125.5 ], [ 225595.765625000931323, 8943131.75 ], [ 225589.515625, 8943138.0 ], [ 225583.265625, 8943144.250000001862645 ], [ 225577.015625, 8943150.50000000372529 ], [ 225570.765625002793968, 8943156.75 ], [ 225558.265624999068677, 8943156.75 ], [ 225552.015625, 8943163.0 ], [ 225545.765625, 8943169.25 ], [ 225539.515625000931323, 8943175.5 ], [ 225533.265625005587935, 8943181.75000000372529 ], [ 225508.265625000931323, 8943181.75000000372529 ], [ 225502.015625000931323, 8943188.0 ], [ 225495.765624999068677, 8943194.25 ], [ 225489.515625, 8943200.5 ], [ 225483.265625, 8943206.75 ], [ 225477.015625002793968, 8943213.000000001862645 ], [ 225470.765624999068677, 8943219.25 ], [ 225458.265625, 8943219.25 ], [ 225452.015625, 8943225.5 ], [ 225445.765625000931323, 8943231.75 ], [ 225439.515625000931323, 8943238.0 ], [ 225433.265624999068677, 8943244.250000001862645 ], [ 225408.265625000931323, 8943244.250000001862645 ], [ 225402.01562500372529, 8943238.0 ], [ 225395.765625, 8943231.75 ], [ 225383.265625000931323, 8943231.75 ], [ 225377.015625000931323, 8943238.0 ], [ 225370.765625000931323, 8943244.250000001862645 ], [ 225364.515625, 8943250.50000000372529 ], [ 225358.265625, 8943256.75 ], [ 225270.765625001862645, 8943256.75 ], [ 225264.515625, 8943263.0 ], [ 225258.265625004656613, 8943269.25 ], [ 225220.765625002793968, 8943269.25 ], [ 225214.515625000931323, 8943275.500000001862645 ], [ 225208.265625005587935, 8943281.75000000372529 ], [ 225202.015625, 8943288.0 ], [ 225195.765625, 8943294.25 ], [ 225183.265625000931323, 8943294.25 ], [ 225177.015625000931323, 8943300.5 ], [ 225170.765625, 8943306.750000001862645 ], [ 225164.515625, 8943300.5 ], [ 225158.265625004656613, 8943294.25 ], [ 225152.015625000931323, 8943288.0 ], [ 225145.765624999068677, 8943281.75000000372529 ], [ 225139.515624999068677, 8943275.500000001862645 ], [ 225133.265625001862645, 8943269.25 ], [ 225127.015625, 8943263.0 ], [ 225120.765625000931323, 8943256.75 ], [ 225108.265624999068677, 8943256.75 ], [ 225102.015625, 8943250.50000000372529 ], [ 225095.765625, 8943244.250000001862645 ], [ 225045.765625001862645, 8943244.250000001862645 ], [ 225039.515625, 8943238.0 ], [ 225033.265625, 8943231.75 ], [ 225027.015625000931323, 8943238.0 ], [ 225020.765624999068677, 8943244.250000001862645 ], [ 225008.265625, 8943244.250000001862645 ], [ 225002.015625, 8943250.50000000372529 ], [ 224995.765625000931323, 8943256.75 ], [ 224895.765625002793968, 8943256.75 ], [ 224889.515625000931323, 8943263.0 ], [ 224883.265624999068677, 8943269.25 ], [ 224858.265625000931323, 8943269.25 ], [ 224852.015624999068677, 8943263.0 ], [ 224845.765625, 8943256.75 ], [ 224770.765625000931323, 8943256.75 ], [ 224764.515625002793968, 8943250.50000000372529 ], [ 224758.265625000931323, 8943244.250000001862645 ], [ 224720.765624999068677, 8943244.250000001862645 ], [ 224714.515625, 8943238.0 ], [ 224708.265625, 8943231.75 ], [ 224683.265625, 8943231.75 ], [ 224677.015625, 8943238.0 ], [ 224677.015625, 8943250.50000000372529 ], [ 224670.765625000931323, 8943256.75 ], [ 224664.515625000931323, 8943263.0 ], [ 224664.515624999068677, 8943300.5 ], [ 224658.265624999068677, 8943306.750000001862645 ], [ 224652.015624997206032, 8943313.00000000372529 ], [ 224652.015625, 8943350.5 ], [ 224645.765625, 8943356.75 ], [ 224639.515625000931323, 8943363.0 ], [ 224639.515625000931323, 8943413.0 ], [ 224633.265625000931323, 8943419.25 ], [ 224627.015624999068677, 8943425.5 ], [ 224627.015625001862645, 8943438.000000001862645 ], [ 224620.765625, 8943444.25000000372529 ], [ 224614.515625, 8943450.5 ], [ 224614.515624998137355, 8943463.0 ], [ 224608.265625000931323, 8943469.250000001862645 ], [ 224602.015624999068677, 8943475.50000000372529 ], [ 224602.015624999068677, 8943513.0 ], [ 224595.765625001862645, 8943519.25 ], [ 224589.515625, 8943525.5 ], [ 224589.515625, 8943550.5 ], [ 224583.265625, 8943556.75 ], [ 224577.015625000931323, 8943563.000000001862645 ], [ 224577.015625000931323, 8943600.50000000372529 ], [ 224570.765625000931323, 8943606.75 ], [ 224564.51562500372529, 8943613.0 ], [ 224564.515625001862645, 8943688.0 ], [ 224570.765625000931323, 8943694.250000001862645 ], [ 224577.015625000931323, 8943700.50000000372529 ], [ 224577.015625002793968, 8943763.00000000372529 ], [ 224570.765625002793968, 8943769.25 ], [ 224564.51562500372529, 8943775.5 ], [ 224564.51562500372529, 8943900.5 ], [ 224570.765625002793968, 8943906.75 ], [ 224577.015625000931323, 8943913.0 ], [ 224577.015625000931323, 8943938.0 ], [ 224583.265625, 8943944.25 ], [ 224589.515625, 8943950.500000001862645 ], [ 224589.515625, 8944100.5 ], [ 224583.265625, 8944106.75 ], [ 224577.015625000931323, 8944113.000000001862645 ], [ 224577.015625002793968, 8944125.5 ], [ 224570.765625002793968, 8944131.75 ], [ 224558.265625, 8944131.75 ], [ 224552.015625, 8944138.0 ], [ 224545.765625000931323, 8944144.250000001862645 ], [ 224539.515625000931323, 8944150.50000000372529 ], [ 224533.265625000931323, 8944156.75 ], [ 224527.015625, 8944163.0 ], [ 224520.765625, 8944169.25 ], [ 224514.515625, 8944175.500000001862645 ], [ 224508.265624999068677, 8944181.75000000372529 ], [ 224502.015625000931323, 8944188.0 ], [ 224495.765624999068677, 8944194.25 ], [ 224489.515624998137355, 8944200.5 ], [ 224483.265625, 8944206.75 ], [ 224477.015625002793968, 8944213.00000000372529 ], [ 224477.015625002793968, 8944225.5 ], [ 224470.765625000931323, 8944231.75 ], [ 224458.265625001862645, 8944231.75 ], [ 224452.015625, 8944238.0 ], [ 224452.015625, 8944250.5 ], [ 224445.765625000931323, 8944256.75 ], [ 224420.765625, 8944256.75 ], [ 224414.515625000931323, 8944263.0 ], [ 224408.265624999068677, 8944269.25 ], [ 224358.265625, 8944269.25 ], [ 224352.015625004656613, 8944275.500000001862645 ], [ 224345.765624999068677, 8944281.750000005587935 ], [ 224333.265625, 8944281.750000005587935 ], [ 224327.015625, 8944288.0 ], [ 224320.765625, 8944294.25 ], [ 224295.765625, 8944294.25 ], [ 224289.515625, 8944300.5 ], [ 224283.265625000931323, 8944306.750000001862645 ], [ 224270.765624999068677, 8944306.750000001862645 ], [ 224264.515625, 8944313.00000000372529 ], [ 224258.265625, 8944319.25 ], [ 224245.76562500372529, 8944319.25 ], [ 224239.515624999068677, 8944325.5 ], [ 224233.265625, 8944331.75 ], [ 224220.765625000931323, 8944331.75 ], [ 224214.515625000931323, 8944338.000000001862645 ], [ 224208.265625001862645, 8944344.25000000372529 ], [ 224195.765625004656613, 8944344.25000000372529 ], [ 224189.515625000931323, 8944350.5 ], [ 224183.265625000931323, 8944356.75 ], [ 224177.015625001862645, 8944363.0 ], [ 224177.015624999068677, 8944375.50000000372529 ], [ 224183.265625000931323, 8944381.75 ], [ 224189.515625000931323, 8944388.0 ], [ 224195.765624998137355, 8944394.25 ], [ 224202.015625, 8944400.500000001862645 ], [ 224202.015625, 8944425.5 ], [ 224195.765625, 8944431.75 ], [ 224189.515624998137355, 8944438.00000000372529 ], [ 224183.265625000931323, 8944444.25 ], [ 224177.015625001862645, 8944450.5 ], [ 224170.765625, 8944456.75 ], [ 224164.515625, 8944463.0 ], [ 224158.265625000931323, 8944469.250000001862645 ], [ 224152.015625000931323, 8944475.5 ], [ 224145.765625001862645, 8944481.75 ], [ 224139.515625001862645, 8944488.0 ], [ 224133.265625, 8944494.25 ], [ 224127.015625000931323, 8944500.500000001862645 ], [ 224120.765625000931323, 8944506.75000000372529 ], [ 224083.265625005587935, 8944506.75000000372529 ], [ 224077.015624999068677, 8944513.0 ], [ 224070.765625, 8944519.25 ], [ 224058.265625000931323, 8944519.25 ], [ 224052.015624999068677, 8944525.5 ], [ 224045.765625001862645, 8944531.750000001862645 ], [ 224039.515625, 8944538.00000000372529 ], [ 224033.265625004656613, 8944544.25 ], [ 224027.015625002793968, 8944550.5 ], [ 224020.765624999068677, 8944556.75 ], [ 224014.515625001862645, 8944563.000000001862645 ], [ 224008.265625, 8944569.25000000372529 ], [ 223958.265625002793968, 8944569.25000000372529 ], [ 223952.015625001862645, 8944575.5 ], [ 223945.765625001862645, 8944581.75 ], [ 223939.515625, 8944588.0 ], [ 223933.265625000931323, 8944594.250000001862645 ], [ 223758.265625001862645, 8944594.250000001862645 ], [ 223752.015625, 8944588.0 ], [ 223745.765625, 8944581.75 ], [ 223739.515624998137355, 8944575.5 ], [ 223733.265624999068677, 8944569.25000000372529 ], [ 223727.015625001862645, 8944563.000000001862645 ], [ 223720.765625, 8944556.75 ], [ 223714.515625, 8944550.5 ], [ 223708.265625004656613, 8944544.25 ], [ 223702.015625000931323, 8944538.00000000372529 ], [ 223695.765625000931323, 8944531.750000001862645 ], [ 223508.265625002793968, 8944531.750000001862645 ], [ 223502.015625001862645, 8944538.00000000372529 ], [ 223495.765625, 8944544.25 ], [ 223458.265625, 8944544.25 ], [ 223452.015625, 8944550.5 ], [ 223445.765625002793968, 8944556.75 ], [ 223420.765625002793968, 8944556.75 ], [ 223414.515625002793968, 8944563.000000001862645 ], [ 223408.265625000931323, 8944569.25000000372529 ], [ 223395.765625, 8944569.25000000372529 ], [ 223389.515625, 8944575.5 ], [ 223383.265625000931323, 8944581.75 ], [ 223377.01562500372529, 8944588.0 ], [ 223370.765625001862645, 8944594.250000001862645 ], [ 223358.265625, 8944594.250000001862645 ], [ 223352.015625000931323, 8944600.50000000372529 ], [ 223352.015624998137355, 8944613.0 ], [ 223345.765625000931323, 8944619.25 ], [ 223339.515625001862645, 8944625.500000001862645 ], [ 223333.265625001862645, 8944631.75000000372529 ], [ 223320.765625002793968, 8944631.75000000372529 ], [ 223314.515624999068677, 8944638.0 ], [ 223308.265625001862645, 8944644.25 ], [ 223295.765625001862645, 8944644.25 ], [ 223289.515625000931323, 8944650.5 ], [ 223283.265624999068677, 8944656.75 ], [ 223183.265625000931323, 8944656.75 ], [ 223177.015624999068677, 8944663.00000000372529 ], [ 223170.765625, 8944669.25 ], [ 223164.515625, 8944675.5 ], [ 223164.515625, 8944725.500000001862645 ], [ 223158.265625000931323, 8944731.75000000372529 ], [ 223152.01562500372529, 8944738.0 ], [ 223145.76562500372529, 8944744.25 ], [ 223139.515625, 8944750.5 ], [ 223139.515625, 8944763.00000000372529 ], [ 223133.265625, 8944769.25 ], [ 223127.015625002793968, 8944775.5 ], [ 223127.015625002793968, 8944788.000000001862645 ], [ 223120.765625000931323, 8944794.25000000372529 ], [ 223114.515625001862645, 8944800.5 ], [ 223114.515625001862645, 8944825.50000000372529 ], [ 223108.265625, 8944831.75 ], [ 223102.015625, 8944838.0 ], [ 223102.015624998137355, 8944850.5 ], [ 223095.765625000931323, 8944856.75000000372529 ], [ 223089.515625000931323, 8944863.0 ], [ 223089.515625000931323, 8944888.000000001862645 ], [ 223083.265625001862645, 8944894.25 ], [ 223077.015625001862645, 8944900.5 ], [ 223070.765625, 8944906.75 ], [ 223064.515625002793968, 8944913.0 ], [ 223058.265625002793968, 8944919.250000001862645 ], [ 223052.015625000931323, 8944925.50000000372529 ], [ 223045.765625, 8944931.75 ], [ 223020.765625000931323, 8944931.75 ], [ 223014.51562500372529, 8944938.0 ], [ 223008.265625, 8944944.25 ], [ 222995.765625002793968, 8944944.25 ], [ 222989.515625000931323, 8944950.500000001862645 ], [ 222983.265625001862645, 8944956.75000000372529 ], [ 222958.265625000931323, 8944956.75000000372529 ], [ 222952.01562500372529, 8944950.500000001862645 ], [ 222945.765625, 8944944.25 ], [ 222920.765625001862645, 8944944.25 ], [ 222914.515625, 8944950.500000001862645 ], [ 222908.265625, 8944956.75000000372529 ], [ 222902.015625000931323, 8944963.0 ], [ 222895.765625000931323, 8944969.25 ], [ 222858.265625000931323, 8944969.25 ], [ 222852.015625, 8944975.5 ], [ 222845.765625, 8944981.750000001862645 ], [ 222839.515625, 8944988.00000000372529 ], [ 222833.265625000931323, 8944994.25 ], [ 222808.265625, 8944994.25 ], [ 222802.015625000931323, 8945000.5 ], [ 222795.765624999068677, 8945006.75 ], [ 222789.515624999068677, 8945013.000000001862645 ], [ 222783.265625, 8945019.25000000372529 ], [ 222777.015625004656613, 8945025.5 ], [ 222777.015625, 8945038.0 ], [ 222770.765625000931323, 8945044.250000001862645 ], [ 222764.515625000931323, 8945050.50000000372529 ], [ 222758.265625001862645, 8945056.75 ], [ 222745.765625004656613, 8945056.75 ], [ 222739.515625000931323, 8945063.0 ], [ 222733.265625000931323, 8945069.25 ], [ 222695.765625001862645, 8945069.25 ], [ 222689.515625, 8945075.5 ], [ 222683.265625004656613, 8945081.75000000372529 ], [ 222670.765625002793968, 8945081.75000000372529 ], [ 222664.51562500372529, 8945088.0 ], [ 222658.265625, 8945094.25 ], [ 222645.765625000931323, 8945094.25 ], [ 222639.515625005587935, 8945100.5 ], [ 222633.265625000931323, 8945106.75 ], [ 222595.765624999068677, 8945106.75 ], [ 222589.515625, 8945113.000000001862645 ], [ 222583.265625, 8945119.25 ], [ 222577.015625002793968, 8945125.5 ], [ 222570.765625005587935, 8945131.75 ], [ 222564.515625001862645, 8945138.0 ], [ 222558.265625, 8945144.250000001862645 ], [ 222552.015625, 8945150.50000000372529 ], [ 222545.765625002793968, 8945156.75 ], [ 222539.515625000931323, 8945163.0 ], [ 222533.265625001862645, 8945169.25 ], [ 222520.765625, 8945169.25 ], [ 222514.515625000931323, 8945175.500000001862645 ], [ 222508.265625000931323, 8945181.75000000372529 ], [ 222502.015625001862645, 8945188.0 ], [ 222495.765625, 8945194.25 ], [ 222489.515625, 8945200.5 ], [ 222483.265625000931323, 8945206.750000001862645 ], [ 222477.015625002793968, 8945200.5 ], [ 222470.765625001862645, 8945194.25 ], [ 222464.515625, 8945200.5 ], [ 222458.265625, 8945206.750000001862645 ], [ 222395.765625, 8945206.750000001862645 ], [ 222389.515625, 8945213.00000000372529 ], [ 222383.265625000931323, 8945219.25 ], [ 222370.765624999068677, 8945219.25 ], [ 222364.515625, 8945225.5 ], [ 222358.265625, 8945231.75 ], [ 222345.765624999068677, 8945231.75 ], [ 222339.515625001862645, 8945238.000000001862645 ], [ 222333.265625, 8945244.25000000372529 ], [ 222308.26562500372529, 8945244.25000000372529 ], [ 222302.015625, 8945250.5 ], [ 222295.765625, 8945256.75 ], [ 222289.515625000931323, 8945263.0 ], [ 222289.515625000931323, 8945313.0 ], [ 222283.265625000931323, 8945319.25 ], [ 222277.015625001862645, 8945325.5 ], [ 222277.015625001862645, 8945338.000000001862645 ], [ 222270.765625, 8945344.25000000372529 ], [ 222264.515625, 8945350.5 ], [ 222264.515625, 8945363.0 ], [ 222258.265625000931323, 8945369.250000001862645 ], [ 222245.765624999068677, 8945369.250000001862645 ], [ 222239.515625, 8945375.50000000372529 ], [ 222233.265625, 8945381.75 ], [ 222208.265625, 8945381.75 ], [ 222202.015625, 8945388.0 ], [ 222195.765625, 8945394.25 ], [ 222183.265624999068677, 8945394.25 ], [ 222177.015624999068677, 8945400.500000001862645 ], [ 222170.765625, 8945406.75000000372529 ], [ 222158.265624998137355, 8945406.75000000372529 ], [ 222152.01562500372529, 8945413.0 ], [ 222152.015625000931323, 8945425.5 ], [ 222145.76562500372529, 8945431.750000001862645 ], [ 222139.515625, 8945438.00000000372529 ], [ 222133.265625004656613, 8945444.25 ], [ 222127.015625000931323, 8945450.5 ], [ 222127.015625000931323, 8945475.5 ], [ 222120.765625000931323, 8945481.75 ], [ 222114.515624999068677, 8945488.0 ], [ 222108.265625, 8945494.25 ], [ 222102.015625, 8945500.50000000372529 ], [ 222102.015625, 8945525.5 ], [ 222108.265625, 8945531.750000001862645 ], [ 222114.51562500372529, 8945538.0 ], [ 222114.515624999068677, 8945550.5 ], [ 222120.765625005587935, 8945556.75 ], [ 222127.015625002793968, 8945563.000000001862645 ], [ 222127.015625000931323, 8945600.50000000372529 ], [ 222120.765625000931323, 8945606.75 ], [ 222108.265625, 8945606.75 ], [ 222102.015625, 8945613.0 ], [ 222095.765625000931323, 8945619.25 ], [ 222083.265625001862645, 8945619.25 ], [ 222077.015625, 8945625.500000001862645 ], [ 222070.765625, 8945631.75000000372529 ], [ 222064.515625002793968, 8945638.0 ], [ 222058.265625000931323, 8945644.25 ], [ 222052.015625001862645, 8945650.5 ], [ 222045.765625, 8945656.750000001862645 ], [ 222039.515625, 8945663.00000000372529 ], [ 222039.515625, 8945725.500000001862645 ], [ 222033.265625000931323, 8945731.75 ], [ 222020.765624999068677, 8945731.75 ], [ 222014.515625001862645, 8945738.0 ], [ 222008.265625, 8945744.25 ], [ 221970.765625, 8945744.25 ], [ 221964.515624999068677, 8945750.5 ], [ 221958.265625000931323, 8945756.750000001862645 ], [ 221952.015624999068677, 8945763.000000005587935 ], [ 221945.765625, 8945769.25 ], [ 221939.515625, 8945775.5 ], [ 221945.765625, 8945781.75 ], [ 221952.015624999068677, 8945788.000000001862645 ], [ 221952.015624999068677, 8945800.5 ], [ 221945.765625, 8945806.75 ], [ 221939.515625, 8945813.0 ], [ 221939.515624998137355, 8945825.50000000372529 ], [ 221933.265625000931323, 8945831.75 ], [ 221927.015624999068677, 8945838.0 ], [ 221927.015625005587935, 8945863.0 ], [ 221920.765625001862645, 8945869.25 ], [ 221914.515625, 8945875.5 ], [ 221914.515625, 8945888.00000000372529 ], [ 221908.265625, 8945894.25 ], [ 221902.015625002793968, 8945900.5 ], [ 221895.765625005587935, 8945906.75 ], [ 221889.515625001862645, 8945913.0 ], [ 221883.265625, 8945919.25000000372529 ], [ 221877.015625002793968, 8945925.5 ], [ 221870.765625002793968, 8945931.75 ], [ 221864.515624999068677, 8945938.0 ], [ 221858.265625001862645, 8945944.25 ], [ 221852.015625, 8945950.500000001862645 ], [ 221845.765625, 8945956.75 ], [ 221808.265625000931323, 8945956.75 ], [ 221544.491544696502388, 8946164.907088892534375 ], [ 221532.105183744803071, 8946213.962027177214622 ], [ 221559.549923145212233, 8946220.367412984371185 ], [ 221604.908996536396444, 8946192.503426428884268 ], [ 221640.735151557251811, 8946179.990523649379611 ], [ 221676.387473496608436, 8946191.20087961293757 ], [ 221737.935734170489013, 8946203.787104805931449 ], [ 221797.016127301380038, 8946231.776099042966962 ], [ 221841.204024669714272, 8946246.242826277390122 ], [ 221887.384300073608756, 8946267.019843984395266 ], [ 221919.283755852840841, 8946290.333296187222004 ], [ 221960.644372411072254, 8946326.310619423165917 ], [ 222019.739522497169673, 8946346.177371582016349 ], [ 222090.768707320094109, 8946357.09414629265666 ], [ 222172.821277782320976, 8946346.741653276607394 ], [ 222228.259470127522945, 8946339.939197586849332 ], [ 222292.384841929189861, 8946340.31858454272151 ], [ 222359.420321708545089, 8946333.235151790082455 ], [ 222401.130922386422753, 8946340.455935632809997 ], [ 222552.351981724612415, 8946334.09232796356082 ], [ 222724.348937458358705, 8946310.510166741907597 ], [ 222800.318800457753241, 8946308.768257280811667 ], [ 222867.202338273636997, 8946304.636724926531315 ], [ 222927.598857849836349, 8946297.288486018776894 ], [ 222985.114735476672649, 8946300.875592885538936 ], [ 223070.765625, 8946306.75000000372529 ], [ 223158.265625000931323, 8946306.75000000372529 ], [ 223164.515625002793968, 8946300.500000001862645 ], [ 223170.765625, 8946294.25 ], [ 223183.265625000931323, 8946294.25 ], [ 223189.515625000931323, 8946288.0 ], [ 223195.765625004656613, 8946281.75 ], [ 223202.015625001862645, 8946275.50000000372529 ], [ 223208.265624999068677, 8946269.250000001862645 ], [ 223233.265625, 8946269.250000001862645 ], [ 223239.515624999068677, 8946263.0 ], [ 223245.765625000931323, 8946256.75 ], [ 223258.265625, 8946256.75 ], [ 223264.515625, 8946250.5 ], [ 223264.515625, 8946238.000000001862645 ], [ 223270.765625, 8946231.75 ], [ 223277.015625000931323, 8946225.5 ], [ 223283.265625002793968, 8946219.25 ], [ 223308.265625001862645, 8946219.25 ], [ 223314.515625002793968, 8946225.5 ], [ 223320.765625000931323, 8946231.75 ], [ 223433.265624999068677, 8946231.75 ], [ 223439.515625005587935, 8946238.000000001862645 ], [ 223445.765624999068677, 8946244.25000000372529 ], [ 223458.265625, 8946244.25000000372529 ], [ 223464.515625, 8946250.5 ], [ 223470.765624999068677, 8946256.75 ], [ 223477.015625000931323, 8946263.0 ], [ 223477.015624999068677, 8946275.50000000372529 ], [ 223483.265625000931323, 8946281.75 ], [ 223489.515625, 8946288.0 ], [ 223495.765625, 8946294.25 ], [ 223508.265625000931323, 8946294.25 ], [ 223514.515625002793968, 8946300.500000001862645 ], [ 223520.765625, 8946306.75000000372529 ], [ 223558.265625001862645, 8946306.75000000372529 ], [ 223564.515625001862645, 8946300.500000001862645 ], [ 223570.765625000931323, 8946294.25 ], [ 223583.265625002793968, 8946294.25 ], [ 223589.515625001862645, 8946300.500000001862645 ], [ 223595.765625001862645, 8946306.75000000372529 ], [ 223602.015625000931323, 8946313.0 ], [ 223608.265624998137355, 8946319.25 ], [ 223614.515625, 8946325.5 ], [ 223620.765625, 8946331.75 ], [ 223627.015624999068677, 8946338.00000000372529 ], [ 223633.265625005587935, 8946344.25 ], [ 223639.515625000931323, 8946350.5 ], [ 223645.765625, 8946356.75 ], [ 223652.015625, 8946363.0 ], [ 223658.265625001862645, 8946369.250000001862645 ], [ 223664.515625000931323, 8946375.5 ], [ 223670.765625000931323, 8946381.75 ], [ 223677.015625, 8946388.0 ], [ 223683.265625, 8946394.25 ], [ 223689.515625, 8946400.500000001862645 ], [ 223695.765624999068677, 8946406.75000000372529 ], [ 223702.015624999068677, 8946413.0 ], [ 223708.265625000931323, 8946419.25 ], [ 223714.515625, 8946425.5 ], [ 223714.515625001862645, 8946488.0 ], [ 223708.265625000931323, 8946494.250000001862645 ], [ 223702.015625000931323, 8946500.50000000372529 ], [ 223695.765625000931323, 8946506.75 ], [ 223689.515625, 8946513.0 ], [ 223689.515625, 8946525.500000001862645 ], [ 223683.265625, 8946531.75000000372529 ], [ 223677.015625, 8946538.0 ], [ 223677.015625, 8946550.5 ], [ 223683.265625, 8946556.75 ], [ 223689.515625, 8946563.00000000372529 ], [ 223689.515625, 8946613.0 ], [ 223683.265625, 8946619.25 ], [ 223677.015625, 8946625.500000001862645 ], [ 223677.015625, 8946663.00000000372529 ], [ 223683.265625, 8946669.25 ], [ 223689.515625, 8946675.5 ], [ 223695.765625000931323, 8946681.75 ], [ 223702.015625002793968, 8946688.000000001862645 ], [ 223702.015625000931323, 8946738.0 ], [ 223708.265625002793968, 8946744.25 ], [ 223714.515625, 8946750.5 ], [ 223714.515625, 8946775.5 ], [ 223708.265625000931323, 8946781.75 ], [ 223702.015625000931323, 8946788.000000001862645 ], [ 223702.015625000931323, 8946800.5 ], [ 223708.265625000931323, 8946806.75 ], [ 223714.515625, 8946813.0 ], [ 223714.515625001862645, 8946875.5 ], [ 223720.765625, 8946881.750000001862645 ], [ 223727.01562500372529, 8946888.00000000372529 ], [ 223727.015625005587935, 8946913.000000001862645 ], [ 223733.265625000931323, 8946919.25000000372529 ], [ 223739.515625000931323, 8946925.5 ], [ 223745.765625, 8946931.75 ], [ 223752.015625, 8946938.0 ], [ 223758.265625001862645, 8946944.250000001862645 ], [ 223764.515625000931323, 8946950.50000000372529 ], [ 223764.515624999068677, 8946963.0 ], [ 223770.765625000931323, 8946969.25 ], [ 223777.015625, 8946975.5 ], [ 223783.265625, 8946981.75000000372529 ], [ 223789.515624999068677, 8946988.0 ], [ 223795.765625000931323, 8946994.25 ], [ 223802.015625000931323, 8947000.5 ], [ 223808.265625, 8947006.75 ], [ 223814.515625, 8947013.000000001862645 ], [ 223820.765625001862645, 8947019.25 ], [ 223833.265624998137355, 8947019.25 ], [ 223839.515625, 8947025.5 ], [ 223845.765625001862645, 8947031.75 ], [ 223970.765625, 8947031.75 ], [ 223977.015625, 8947038.0 ], [ 223983.265625001862645, 8947044.250000001862645 ], [ 223995.765625000931323, 8947044.250000001862645 ], [ 224002.015625, 8947050.50000000372529 ], [ 224008.265625, 8947056.75 ], [ 224045.765625001862645, 8947056.75 ], [ 224052.015624999068677, 8947063.0 ], [ 224058.265625002793968, 8947069.25 ], [ 224070.765625, 8947069.25 ], [ 224077.015624999068677, 8947075.500000001862645 ], [ 224083.265624999068677, 8947081.75000000372529 ], [ 224089.515625000931323, 8947088.0 ], [ 224095.765625, 8947094.25 ], [ 224102.015625, 8947100.5 ], [ 224108.265625, 8947106.750000001862645 ], [ 224114.515624999068677, 8947113.00000000372529 ], [ 224120.765625000931323, 8947119.25 ], [ 224145.765625001862645, 8947119.25 ], [ 224152.015624999068677, 8947125.5 ], [ 224158.265625000931323, 8947131.75 ], [ 224220.765625002793968, 8947131.75 ], [ 224227.015625004656613, 8947138.000000001862645 ], [ 224233.265625, 8947144.25000000372529 ], [ 224258.265625004656613, 8947144.25000000372529 ], [ 224264.515625, 8947150.5 ], [ 224270.765624999068677, 8947156.75 ], [ 224277.015625000931323, 8947163.0 ], [ 224283.265625000931323, 8947169.25 ], [ 224289.515625, 8947175.50000000372529 ], [ 224289.515625, 8947200.5 ], [ 224295.765625, 8947206.750000001862645 ], [ 224302.015625, 8947213.0 ], [ 224308.265624999068677, 8947219.25 ], [ 224314.515625000931323, 8947225.5 ], [ 224314.515625000931323, 8947238.000000001862645 ], [ 224320.765625, 8947244.250000005587935 ], [ 224345.765624999068677, 8947244.250000005587935 ], [ 224352.015625000931323, 8947250.5 ], [ 224352.015625000931323, 8947263.0 ], [ 224358.265625, 8947269.250000001862645 ], [ 224458.265625, 8947269.250000001862645 ], [ 224464.515625001862645, 8947263.0 ], [ 224470.765625000931323, 8947256.75 ], [ 224495.765624999068677, 8947256.75 ], [ 224502.015625005587935, 8947263.0 ], [ 224495.765624997206032, 8947269.250000001862645 ], [ 224489.515625, 8947275.50000000372529 ], [ 224489.515625, 8947388.0 ], [ 224483.265625, 8947394.25 ], [ 224477.015625000931323, 8947400.50000000372529 ], [ 224477.015624998137355, 8947413.0 ], [ 224483.265625, 8947419.25 ], [ 224495.765624999068677, 8947419.25 ], [ 224502.015625000931323, 8947425.5 ], [ 224508.265625000931323, 8947431.750000001862645 ], [ 224514.515625, 8947438.0 ], [ 224520.765625, 8947444.25 ], [ 224527.015625, 8947450.5 ], [ 224527.015625, 8947475.5 ], [ 224533.265625000931323, 8947481.75 ], [ 224539.515625000931323, 8947488.0 ], [ 224545.765625000931323, 8947494.250000001862645 ], [ 224552.015625001862645, 8947500.50000000372529 ], [ 224552.015625001862645, 8947513.0 ], [ 224558.265625, 8947519.25 ], [ 224564.515625001862645, 8947525.500000001862645 ], [ 224570.765625000931323, 8947531.75000000372529 ], [ 224577.015625002793968, 8947538.0 ], [ 224583.265625, 8947544.25 ], [ 224589.515625, 8947550.5 ], [ 224595.765625001862645, 8947556.750000001862645 ], [ 224602.015625005587935, 8947563.00000000372529 ], [ 224608.265625000931323, 8947569.25 ], [ 224633.265625000931323, 8947569.25 ], [ 224639.515624998137355, 8947563.00000000372529 ], [ 224645.765625004656613, 8947556.750000001862645 ], [ 224658.265624999068677, 8947556.750000001862645 ], [ 224664.515625005587935, 8947563.00000000372529 ], [ 224670.765625000931323, 8947569.25 ], [ 224683.265625001862645, 8947569.25 ], [ 224689.515624997206032, 8947575.5 ], [ 224695.765624999068677, 8947581.75 ], [ 224795.765625002793968, 8947581.75 ], [ 224802.015625004656613, 8947575.5 ], [ 224808.265625, 8947569.25 ], [ 224814.515625, 8947563.00000000372529 ], [ 224814.515625, 8947525.500000001862645 ], [ 224820.765624999068677, 8947519.25 ], [ 224827.015625000931323, 8947513.0 ], [ 224833.265625000931323, 8947506.75 ], [ 224845.765625001862645, 8947506.75 ], [ 224852.015625001862645, 8947513.0 ], [ 224858.265625005587935, 8947519.25 ], [ 224870.765625, 8947519.25 ], [ 224877.015625, 8947525.500000001862645 ], [ 224883.265624999068677, 8947531.75000000372529 ], [ 224895.765625000931323, 8947531.75000000372529 ], [ 224902.015625, 8947538.0 ], [ 224908.265625001862645, 8947544.25 ], [ 224914.515624999068677, 8947538.0 ], [ 224920.765625000931323, 8947531.75000000372529 ], [ 224970.765625001862645, 8947531.75000000372529 ], [ 224977.015625, 8947538.0 ], [ 224983.265625001862645, 8947544.25 ], [ 225008.265625, 8947544.25 ], [ 225014.515624999068677, 8947550.5 ], [ 225020.76562500372529, 8947556.750000001862645 ], [ 225045.76562500372529, 8947556.750000001862645 ], [ 225052.015624999068677, 8947550.5 ], [ 225058.265625000931323, 8947544.25 ], [ 225070.765625, 8947544.25 ], [ 225077.015624999068677, 8947538.0 ], [ 225083.265625005587935, 8947531.75000000372529 ], [ 225089.515625002793968, 8947525.500000001862645 ], [ 225095.765625, 8947519.25 ], [ 225102.015624997206032, 8947513.0 ], [ 225102.015625, 8947500.50000000372529 ], [ 225108.265624999068677, 8947494.250000001862645 ], [ 225114.515625000931323, 8947488.0 ], [ 225120.765625000931323, 8947481.75 ], [ 225195.765625, 8947481.75 ], [ 225202.015625, 8947488.0 ], [ 225208.26562500372529, 8947494.250000001862645 ], [ 225214.515625000931323, 8947500.50000000372529 ], [ 225214.515625000931323, 8947513.0 ], [ 225220.765625000931323, 8947519.25 ], [ 225227.015625, 8947525.500000001862645 ], [ 225227.015625, 8947550.5 ], [ 225233.265625, 8947556.750000001862645 ], [ 225239.515625001862645, 8947563.00000000372529 ], [ 225245.76562500372529, 8947569.25 ], [ 225252.015625000931323, 8947575.5 ], [ 225258.265625, 8947581.75 ], [ 225295.765625, 8947581.75 ], [ 225302.015625001862645, 8947575.5 ], [ 225308.265625000931323, 8947569.25 ], [ 225314.515625002793968, 8947563.00000000372529 ], [ 225320.765625, 8947556.750000001862645 ], [ 225327.015625, 8947550.5 ], [ 225333.265624999068677, 8947544.25 ], [ 225339.515625000931323, 8947538.0 ], [ 225345.765624999068677, 8947531.75000000372529 ], [ 225352.015625, 8947525.500000001862645 ], [ 225358.265625, 8947519.25 ], [ 225420.765625, 8947519.25 ], [ 225427.015625001862645, 8947525.500000001862645 ], [ 225433.265625001862645, 8947531.75000000372529 ], [ 225439.515624999068677, 8947538.0 ], [ 225445.765625000931323, 8947544.25 ], [ 225452.015625, 8947550.5 ], [ 225458.26562500372529, 8947556.750000001862645 ], [ 225464.51562500372529, 8947563.00000000372529 ], [ 225470.765624999068677, 8947569.25 ], [ 225477.015625000931323, 8947575.5 ], [ 225477.015625000931323, 8947613.0 ], [ 225483.265625, 8947619.25 ], [ 225489.515625, 8947625.50000000372529 ], [ 225495.765625005587935, 8947631.75 ], [ 225508.265625002793968, 8947631.75 ], [ 225514.515625, 8947638.0 ], [ 225514.515625, 8947650.5 ], [ 225520.765625001862645, 8947656.750000001862645 ], [ 225527.015625001862645, 8947663.000000005587935 ], [ 225527.015625001862645, 8947725.50000000372529 ], [ 225533.265625000931323, 8947731.75 ], [ 225539.515624998137355, 8947738.0 ], [ 225545.765625, 8947744.25 ], [ 225552.015625, 8947750.500000001862645 ], [ 225558.265624999068677, 8947756.75000000372529 ], [ 225564.51562500372529, 8947763.0 ], [ 225570.765624999068677, 8947769.25 ], [ 225583.265625, 8947769.25 ], [ 225589.515625, 8947775.5 ], [ 225595.765625000931323, 8947781.750000001862645 ], [ 225602.015625000931323, 8947788.00000000372529 ], [ 225602.015625000931323, 8947838.0 ], [ 225608.265625000931323, 8947844.25 ], [ 225614.515625, 8947850.500000001862645 ], [ 225620.765625, 8947856.75 ], [ 225627.015625001862645, 8947863.0 ], [ 225633.265624999068677, 8947869.25 ], [ 225639.515625000931323, 8947875.5 ], [ 225645.765625004656613, 8947881.750000001862645 ], [ 225708.265625, 8947881.750000001862645 ], [ 225714.515625, 8947875.5 ], [ 225720.765625001862645, 8947869.25 ], [ 225733.265625002793968, 8947869.25 ], [ 225739.515625, 8947863.0 ], [ 225745.765625, 8947856.75 ], [ 225752.015624999068677, 8947850.500000001862645 ], [ 225758.265625005587935, 8947844.25 ], [ 225764.515625000931323, 8947838.0 ], [ 225770.765625, 8947831.75 ], [ 225795.765625000931323, 8947831.75 ], [ 225802.015625000931323, 8947838.0 ], [ 225808.265625, 8947844.25 ], [ 225814.51562500372529, 8947850.500000001862645 ], [ 225820.765624999068677, 8947856.75 ], [ 225827.015625000931323, 8947863.0 ], [ 225827.015625000931323, 8947875.5 ], [ 225833.265625000931323, 8947881.750000001862645 ], [ 225839.515625001862645, 8947888.00000000372529 ], [ 225845.765625, 8947894.25 ], [ 225852.015625001862645, 8947900.5 ], [ 225858.265625000931323, 8947906.75 ], [ 225864.515625000931323, 8947913.000000001862645 ], [ 225870.765625, 8947919.25000000372529 ], [ 225895.765625000931323, 8947919.25000000372529 ], [ 225902.015625, 8947925.5 ], [ 225902.015625, 8947950.50000000372529 ], [ 225895.765625000931323, 8947956.75 ], [ 225889.515624999068677, 8947963.0 ], [ 225889.515625005587935, 8947988.0 ], [ 225895.765625000931323, 8947994.25 ], [ 225908.265625, 8947994.25 ], [ 225914.515625001862645, 8948000.5 ], [ 225920.765625000931323, 8948006.750000001862645 ], [ 225933.265625, 8948006.750000001862645 ], [ 225939.515625, 8948013.00000000372529 ], [ 225945.765625001862645, 8948019.25 ], [ 225952.015625000931323, 8948025.5 ], [ 225958.265625002793968, 8948031.75 ], [ 226058.265625000931323, 8948031.75 ], [ 226064.515625004656613, 8948038.0 ], [ 226070.765625, 8948044.25000000372529 ], [ 226077.015625001862645, 8948050.5 ], [ 226083.265625000931323, 8948056.75 ], [ 226089.515625000931323, 8948063.0 ], [ 226095.765625, 8948069.25 ], [ 226120.765625002793968, 8948069.25 ], [ 226127.015625, 8948075.500000001862645 ], [ 226133.265625, 8948081.75 ], [ 226145.765625000931323, 8948081.75 ], [ 226152.015625000931323, 8948088.0 ], [ 226158.265625, 8948094.25 ], [ 226195.765625, 8948094.25 ], [ 226202.015624999068677, 8948100.5 ], [ 226202.015624999068677, 8948113.00000000372529 ], [ 226208.265625000931323, 8948119.25 ], [ 226214.515624999068677, 8948125.5 ], [ 226220.765625, 8948131.75 ], [ 226233.265625, 8948131.75 ], [ 226239.515625000931323, 8948138.000000001862645 ], [ 226245.765625000931323, 8948144.25000000372529 ], [ 226270.765624999068677, 8948144.25000000372529 ], [ 226277.015625002793968, 8948150.5 ], [ 226283.265625000931323, 8948156.75 ], [ 226289.515625, 8948163.0 ], [ 226295.765625, 8948169.250000001862645 ], [ 226302.015625001862645, 8948175.50000000372529 ], [ 226308.265625000931323, 8948181.75 ], [ 226320.765625, 8948181.75 ], [ 226327.015625004656613, 8948188.0 ], [ 226333.265625001862645, 8948194.25 ], [ 226370.765625000931323, 8948194.25 ], [ 226377.015624998137355, 8948200.500000001862645 ], [ 226383.265625, 8948206.75000000372529 ], [ 226389.515625, 8948213.0 ], [ 226395.765625001862645, 8948219.25 ], [ 226402.01562500372529, 8948225.5 ], [ 226408.265625000931323, 8948231.75 ], [ 226445.765625000931323, 8948231.75 ], [ 226452.015625, 8948225.5 ], [ 226458.265625, 8948219.25 ], [ 226464.515625001862645, 8948225.5 ], [ 226470.765625002793968, 8948231.75 ], [ 226477.015625000931323, 8948238.00000000372529 ], [ 226483.265625004656613, 8948244.25 ], [ 226489.515625, 8948250.5 ], [ 226495.76562500372529, 8948256.75 ], [ 226502.015624999068677, 8948263.0 ], [ 226508.265625002793968, 8948269.250000001862645 ], [ 226514.515625004656613, 8948275.5 ], [ 226520.765625, 8948281.75 ], [ 226527.015625001862645, 8948288.0 ], [ 226527.01562500372529, 8948300.500000001862645 ], [ 226533.265625005587935, 8948306.75000000372529 ], [ 226539.515625002793968, 8948313.0 ], [ 226545.765625, 8948319.25 ], [ 226552.015625, 8948325.5 ], [ 226558.26562500372529, 8948331.750000001862645 ], [ 226564.515624999068677, 8948338.00000000372529 ], [ 226570.765625000931323, 8948344.25 ], [ 226577.015625, 8948350.5 ], [ 226583.265625, 8948356.75 ], [ 226589.515624999068677, 8948363.000000001862645 ], [ 226595.765625005587935, 8948369.25000000372529 ], [ 226602.015625002793968, 8948375.5 ], [ 226608.265625, 8948381.75 ], [ 226614.515625, 8948388.0 ], [ 226620.765624999068677, 8948394.250000001862645 ], [ 226627.015625000931323, 8948400.50000000372529 ], [ 226633.265625002793968, 8948406.75 ], [ 226639.515625, 8948413.0 ], [ 226639.515625, 8948425.500000001862645 ], [ 226645.765625, 8948431.75000000372529 ], [ 226652.015625, 8948438.0 ], [ 226658.265625000931323, 8948444.25 ], [ 226664.515625000931323, 8948450.5 ], [ 226664.515625000931323, 8948463.00000000372529 ], [ 226670.765625000931323, 8948469.25 ], [ 226677.015625, 8948475.5 ], [ 226683.265625, 8948481.75 ], [ 226689.51562500372529, 8948488.0 ], [ 226695.765625000931323, 8948494.250000001862645 ], [ 226702.015625000931323, 8948500.5 ], [ 226708.265625, 8948506.75 ], [ 226714.515625, 8948513.0 ], [ 226720.76562500372529, 8948519.25 ], [ 226727.015625000931323, 8948525.500000001862645 ], [ 226727.015625000931323, 8948563.00000000372529 ], [ 226733.265625002793968, 8948569.25 ], [ 226739.515625, 8948575.5 ], [ 226739.515625004656613, 8948613.0 ], [ 226733.265625000931323, 8948619.250000001862645 ], [ 226727.01562500372529, 8948625.50000000372529 ], [ 226720.765624999068677, 8948631.75 ], [ 226714.515625, 8948638.0 ], [ 226714.515625, 8948700.5 ], [ 226720.765625001862645, 8948706.75 ], [ 226727.015624999068677, 8948713.0 ], [ 226727.015625005587935, 8948750.500000001862645 ], [ 226733.265625002793968, 8948756.75000000372529 ], [ 226739.515625002793968, 8948763.0 ], [ 226739.515625, 8948775.5 ], [ 226745.765625, 8948781.750000001862645 ], [ 226752.015625001862645, 8948788.00000000372529 ], [ 226752.015625001862645, 8948813.000000001862645 ], [ 226758.265625005587935, 8948819.25000000372529 ], [ 226764.515625002793968, 8948825.5 ], [ 226770.765625, 8948831.75 ], [ 226777.015625, 8948838.0 ], [ 226783.265625001862645, 8948844.250000001862645 ], [ 226789.515624999068677, 8948850.50000000372529 ], [ 226795.765625002793968, 8948856.75 ], [ 226802.015625, 8948863.0 ], [ 226808.265625, 8948869.25 ], [ 226814.515624999068677, 8948875.5 ], [ 226820.765625005587935, 8948881.75000000372529 ], [ 226833.265625, 8948881.75000000372529 ], [ 226839.515625, 8948888.0 ], [ 226845.765625, 8948894.25 ], [ 226852.015624999068677, 8948900.5 ], [ 226858.265624999068677, 8948906.75 ], [ 226864.515625002793968, 8948913.000000001862645 ], [ 226870.765625, 8948919.25 ], [ 226877.015625, 8948925.5 ], [ 226883.265624999068677, 8948931.75 ], [ 226895.765625000931323, 8948931.75 ], [ 226902.015625, 8948938.0 ], [ 226908.265625, 8948944.250000001862645 ], [ 226920.765625005587935, 8948944.250000001862645 ], [ 226927.015625000931323, 8948950.50000000372529 ], [ 226933.265625, 8948956.75 ], [ 226958.265625000931323, 8948956.75 ], [ 226964.515625004656613, 8948963.0 ], [ 226970.765625001862645, 8948969.25 ], [ 226983.265624999068677, 8948969.25 ], [ 226989.515624998137355, 8948975.500000001862645 ], [ 226995.765625, 8948981.75000000372529 ], [ 227002.015625, 8948988.0 ], [ 227008.265624999068677, 8948994.25 ], [ 227014.515625000931323, 8949000.5 ], [ 227020.765625000931323, 8949006.750000001862645 ], [ 227027.015625, 8949013.00000000372529 ], [ 227033.265625, 8949019.25 ], [ 227039.515624999068677, 8949025.5 ], [ 227045.765625000931323, 8949031.75 ], [ 227070.765625001862645, 8949031.75 ], [ 227077.015625000931323, 8949025.5 ], [ 227083.265625002793968, 8949019.25 ], [ 227108.26562500372529, 8949019.25 ], [ 227114.515625002793968, 8949025.5 ], [ 227120.765625000931323, 8949031.75 ], [ 227127.015625, 8949038.000000001862645 ], [ 227133.265625, 8949044.25000000372529 ], [ 227183.265625002793968, 8949044.25000000372529 ], [ 227189.515625, 8949050.5 ], [ 227195.765625, 8949056.75 ], [ 227283.265625000931323, 8949056.75 ], [ 227289.515625, 8949063.0 ], [ 227295.765625, 8949069.25 ], [ 227333.265625001862645, 8949069.25 ], [ 227339.515624999068677, 8949075.50000000372529 ], [ 227345.765625002793968, 8949081.75 ], [ 227420.765625001862645, 8949081.75 ], [ 227427.01562500372529, 8949088.0 ], [ 227427.015625001862645, 8949100.5 ], [ 227433.265625000931323, 8949106.75000000372529 ], [ 227439.515625000931323, 8949113.0 ], [ 227439.515625000931323, 8949125.5 ], [ 227433.265624999068677, 8949131.75 ], [ 227427.015625001862645, 8949138.000000001862645 ], [ 227427.015625001862645, 8949150.5 ], [ 227433.265625000931323, 8949156.75 ], [ 227439.515625000931323, 8949163.0 ], [ 227439.515625002793968, 8949175.50000000372529 ], [ 227445.765625002793968, 8949181.75 ], [ 227452.015625, 8949188.0 ], [ 227458.26562500372529, 8949194.25 ], [ 227464.515625005587935, 8949200.500000001862645 ], [ 227470.765625002793968, 8949206.75000000372529 ], [ 227477.015625, 8949213.0 ], [ 227483.265625, 8949219.25 ], [ 227489.515625, 8949225.5 ], [ 227495.765625000931323, 8949231.750000001862645 ], [ 227502.015625002793968, 8949238.00000000372529 ], [ 227508.265625000931323, 8949244.25 ], [ 227520.765625, 8949244.25 ], [ 227527.015625001862645, 8949250.5 ], [ 227533.265624999068677, 8949256.75 ], [ 227539.515625000931323, 8949263.000000001862645 ], [ 227545.765625, 8949269.25000000372529 ], [ 227552.015625, 8949275.5 ], [ 227558.265625001862645, 8949281.75 ], [ 227564.515625005587935, 8949288.0 ], [ 227570.765625000931323, 8949294.25 ], [ 227577.015625, 8949300.50000000372529 ], [ 227583.265625, 8949306.75 ], [ 227589.515625001862645, 8949313.0 ], [ 227595.765625000931323, 8949319.25 ], [ 227620.76562500372529, 8949319.25 ], [ 227627.015624999068677, 8949325.5 ], [ 227633.265625000931323, 8949331.750000001862645 ], [ 227645.765625, 8949331.750000001862645 ], [ 227652.015624999068677, 8949338.0 ], [ 227658.26562500372529, 8949344.25 ], [ 227670.765625, 8949344.25 ], [ 227677.015625, 8949350.5 ], [ 227683.26562500372529, 8949356.75 ], [ 227689.515625000931323, 8949363.000000001862645 ], [ 227695.765625000931323, 8949369.25000000372529 ], [ 227702.015625, 8949375.5 ], [ 227708.265625, 8949381.75 ], [ 227720.765625000931323, 8949381.75 ], [ 227727.015625000931323, 8949388.0 ], [ 227733.265625002793968, 8949394.250000001862645 ], [ 227745.765625, 8949394.250000001862645 ], [ 227752.015624999068677, 8949400.50000000372529 ], [ 227758.265625000931323, 8949406.75 ], [ 227764.515625000931323, 8949413.0 ], [ 227770.765625004656613, 8949419.25 ], [ 227777.015625, 8949425.500000001862645 ], [ 227783.265625001862645, 8949431.75000000372529 ], [ 227795.765625000931323, 8949431.75000000372529 ], [ 227802.015625, 8949438.0 ], [ 227808.265625, 8949444.25 ], [ 227820.765625000931323, 8949444.25 ], [ 227827.015625000931323, 8949450.5 ], [ 227833.265625, 8949456.750000001862645 ], [ 227845.765625001862645, 8949456.750000001862645 ], [ 227852.015625000931323, 8949463.00000000372529 ], [ 227858.265625000931323, 8949469.25 ], [ 227864.515625, 8949475.5 ], [ 227870.765625, 8949481.75 ], [ 227877.015624999068677, 8949488.000000001862645 ], [ 227883.265625000931323, 8949494.25000000372529 ], [ 227889.515625000931323, 8949500.5 ], [ 227895.765625, 8949506.75 ], [ 227902.015625, 8949513.0 ], [ 227908.265625, 8949519.25 ], [ 227914.515625000931323, 8949525.50000000372529 ], [ 227920.765625000931323, 8949531.75 ], [ 227927.015625002793968, 8949538.0 ], [ 227933.265624998137355, 8949544.25 ], [ 227939.515625, 8949550.5 ], [ 227945.765625001862645, 8949556.750000001862645 ], [ 227952.015625000931323, 8949563.000000005587935 ], [ 227958.265625002793968, 8949569.25 ], [ 227964.515625004656613, 8949575.5 ], [ 227964.515625004656613, 8949600.5 ], [ 227970.765625, 8949606.75 ], [ 227977.015624999068677, 8949613.0 ], [ 227983.265624999068677, 8949619.250000001862645 ], [ 227989.515625000931323, 8949625.50000000372529 ], [ 227989.515625000931323, 8949638.0 ], [ 227995.765625002793968, 8949644.25 ], [ 228008.265625001862645, 8949644.25 ], [ 228014.515625000931323, 8949650.500000001862645 ], [ 228020.765625000931323, 8949656.75000000372529 ], [ 228027.015625004656613, 8949663.0 ], [ 228033.265625, 8949669.25 ], [ 228039.515625001862645, 8949675.5 ], [ 228045.765625000931323, 8949681.750000001862645 ], [ 228052.015625002793968, 8949688.00000000372529 ], [ 228058.265625, 8949694.25 ], [ 228064.515625, 8949700.5 ], [ 228070.765624999068677, 8949706.75 ], [ 228077.015625000931323, 8949713.0 ], [ 228083.265625000931323, 8949719.25000000372529 ], [ 228089.515625, 8949725.5 ], [ 228095.765625001862645, 8949731.75 ], [ 228102.015624999068677, 8949738.0 ], [ 228102.015624999068677, 8949750.500000001862645 ], [ 228108.265624999068677, 8949756.75 ], [ 228114.515625000931323, 8949763.0 ], [ 228120.765625, 8949769.25 ], [ 228127.015625, 8949775.5 ], [ 228133.265625, 8949781.750000001862645 ], [ 228139.515625000931323, 8949788.00000000372529 ], [ 228145.765624999068677, 8949794.25 ], [ 228152.015625002793968, 8949800.5 ], [ 228158.265625001862645, 8949806.75 ], [ 228164.515625, 8949813.000000001862645 ], [ 228164.515625, 8949838.0 ], [ 228170.765625001862645, 8949844.250000001862645 ], [ 228177.015625000931323, 8949850.50000000372529 ], [ 228177.015625000931323, 8949875.500000001862645 ], [ 228183.265625000931323, 8949881.75000000372529 ], [ 228189.515625, 8949888.0 ], [ 228189.515625, 8949900.5 ], [ 228195.765625, 8949906.750000001862645 ], [ 228202.01562500372529, 8949913.00000000372529 ], [ 228208.265624999068677, 8949919.25 ], [ 228214.515625000931323, 8949925.5 ], [ 228220.765624998137355, 8949931.75 ], [ 228227.015625001862645, 8949938.0 ], [ 228227.015625, 8949963.0 ], [ 228233.265625001862645, 8949969.25 ], [ 228239.515625000931323, 8949975.500000001862645 ], [ 228245.765625000931323, 8949981.75 ], [ 228252.015625, 8949988.0 ], [ 228252.015625, 8950025.5 ], [ 228258.265625, 8950031.75 ], [ 228264.515625001862645, 8950038.000000001862645 ], [ 228270.765625000931323, 8950044.25000000372529 ], [ 228277.015625000931323, 8950050.5 ], [ 228283.265625, 8950056.75 ], [ 228289.515625001862645, 8950063.0 ], [ 228295.765624999068677, 8950069.250000001862645 ], [ 228302.015625005587935, 8950075.50000000372529 ], [ 228308.265625000931323, 8950081.75 ], [ 228314.515625, 8950088.0 ], [ 228320.765625, 8950094.25 ], [ 228327.015625, 8950100.500000001862645 ], [ 228333.265625000931323, 8950106.75000000372529 ], [ 228339.515625000931323, 8950113.0 ], [ 228345.765625000931323, 8950119.25 ], [ 228352.015625001862645, 8950125.5 ], [ 228358.265625, 8950131.75 ], [ 228364.515625005587935, 8950138.00000000372529 ], [ 228370.765624999068677, 8950144.25 ], [ 228377.015625002793968, 8950150.5 ], [ 228383.265625, 8950156.75 ], [ 228389.515625, 8950163.0 ], [ 228395.765625001862645, 8950169.250000001862645 ], [ 228402.015625000931323, 8950175.5 ], [ 228402.015625000931323, 8950188.0 ], [ 228408.265625002793968, 8950194.25 ], [ 228414.515625004656613, 8950200.500000001862645 ], [ 228420.765625, 8950206.75000000372529 ], [ 228427.015625001862645, 8950213.0 ], [ 228427.015624999068677, 8950225.5 ], [ 228433.265625000931323, 8950231.750000001862645 ], [ 228439.515625002793968, 8950238.00000000372529 ], [ 228445.765625, 8950244.25 ], [ 228452.015625, 8950250.5 ], [ 228458.265625001862645, 8950256.75 ], [ 228464.515625005587935, 8950263.000000001862645 ], [ 228470.765625000931323, 8950269.25000000372529 ], [ 228477.015625, 8950275.5 ], [ 228483.265625, 8950281.75 ], [ 228489.515624999068677, 8950288.0 ], [ 228495.765625000931323, 8950294.250000001862645 ], [ 228502.015624998137355, 8950300.50000000372529 ], [ 228502.015625000931323, 8950338.0 ], [ 228508.265625, 8950344.25 ], [ 228514.515625, 8950350.5 ], [ 228520.765624999068677, 8950356.75 ], [ 228527.015625000931323, 8950363.00000000372529 ], [ 228533.265625000931323, 8950369.25 ], [ 228539.515625, 8950375.5 ], [ 228545.765625, 8950381.75 ], [ 228552.015625001862645, 8950388.0 ], [ 228558.265624999068677, 8950394.250000001862645 ], [ 228564.515624999068677, 8950400.5 ], [ 228564.515625000931323, 8950413.0 ], [ 228570.765625002793968, 8950419.25 ], [ 228577.015625001862645, 8950425.500000001862645 ], [ 228577.015625, 8950438.0 ], [ 228583.265625001862645, 8950444.25 ], [ 228589.515625001862645, 8950450.5 ], [ 228595.765625002793968, 8950456.750000001862645 ], [ 228602.015625000931323, 8950463.00000000372529 ], [ 228602.015625000931323, 8950475.5 ], [ 228608.265625, 8950481.75 ], [ 228614.515625, 8950488.000000001862645 ], [ 228620.765625001862645, 8950494.25000000372529 ], [ 228627.015625000931323, 8950500.5 ], [ 228633.265625000931323, 8950506.75 ], [ 228639.515624998137355, 8950513.0 ], [ 228645.765625, 8950519.250000001862645 ], [ 228652.01562500372529, 8950525.50000000372529 ], [ 228658.265624999068677, 8950531.75 ], [ 228664.515625000931323, 8950538.0 ], [ 228664.515625000931323, 8950550.5 ], [ 228670.765625004656613, 8950556.75000000372529 ], [ 228677.015625, 8950563.0 ], [ 228677.015625004656613, 8950575.5 ], [ 228683.265625001862645, 8950581.75 ], [ 228689.515625000931323, 8950588.000000001862645 ], [ 228689.515625000931323, 8950600.5 ], [ 228695.765625000931323, 8950606.75 ], [ 228708.265625, 8950606.75 ], [ 228714.515624999068677, 8950613.0 ], [ 228720.765625000931323, 8950619.250000001862645 ], [ 228727.015625000931323, 8950625.500000005587935 ], [ 228733.265625, 8950631.75 ], [ 228739.515625, 8950638.0 ], [ 228745.765625, 8950644.25 ], [ 228752.015625000931323, 8950650.500000001862645 ], [ 228752.015625000931323, 8950663.0 ], [ 228758.265625000931323, 8950669.25 ], [ 228764.515625000931323, 8950675.5 ], [ 228764.515624998137355, 8950688.00000000372529 ], [ 228770.765625, 8950694.25 ], [ 228777.015625, 8950700.5 ], [ 228777.015625, 8950713.000000001862645 ], [ 228783.265625001862645, 8950719.25000000372529 ], [ 228789.515625002793968, 8950725.5 ], [ 228795.765625000931323, 8950731.75 ], [ 228802.015625, 8950738.0 ], [ 228808.265625, 8950744.250000001862645 ], [ 228814.515624999068677, 8950750.50000000372529 ], [ 228814.51562500372529, 8950763.0 ], [ 228820.765625002793968, 8950769.25 ], [ 228827.015625000931323, 8950775.5 ], [ 228833.265625, 8950781.75000000372529 ], [ 228839.515625, 8950788.0 ], [ 228839.515625001862645, 8950813.000000001862645 ], [ 228845.765625001862645, 8950819.25 ], [ 228852.015624999068677, 8950825.5 ], [ 228858.265625000931323, 8950831.75 ], [ 228864.515625, 8950838.0 ], [ 228864.515625, 8950863.0 ], [ 228870.765625, 8950869.25 ], [ 228877.015625001862645, 8950875.500000001862645 ], [ 228877.01562500372529, 8950888.0 ], [ 228883.265625000931323, 8950894.25 ], [ 228889.515625000931323, 8950900.5 ], [ 228895.765625, 8950906.750000001862645 ], [ 228902.015625, 8950913.00000000372529 ], [ 228902.015625, 8950925.5 ], [ 228908.265625001862645, 8950931.75 ], [ 228914.515625000931323, 8950938.000000001862645 ], [ 228914.515625005587935, 8950963.0 ], [ 228920.765625000931323, 8950969.25 ], [ 228927.015624998137355, 8950975.50000000372529 ], [ 228927.015625, 8950988.0 ], [ 228933.265625001862645, 8950994.25 ], [ 228939.515624999068677, 8951000.5 ], [ 228939.515624999068677, 8951013.0 ], [ 228945.765625000931323, 8951019.25 ], [ 228952.015625000931323, 8951025.5 ], [ 228952.015625002793968, 8951038.000000001862645 ], [ 228958.265625002793968, 8951044.250000005587935 ], [ 228964.515624998137355, 8951050.5 ], [ 228964.515625, 8951063.0 ], [ 228970.765625, 8951069.250000001862645 ], [ 228977.015625000931323, 8951075.50000000372529 ], [ 228977.015625000931323, 8951100.500000001862645 ], [ 228983.265625000931323, 8951106.75000000372529 ], [ 228989.515625000931323, 8951113.0 ], [ 228989.515625000931323, 8951150.5 ], [ 228995.765625, 8951156.75 ], [ 229002.015625, 8951163.000000001862645 ], [ 229002.01562500372529, 8951225.5 ], [ 229008.265624999068677, 8951231.750000001862645 ], [ 229014.515625000931323, 8951238.0 ], [ 229014.515625000931323, 8951325.500000001862645 ], [ 229020.765625000931323, 8951331.75000000372529 ], [ 229027.015625, 8951338.0 ], [ 229027.015625004656613, 8951375.5 ], [ 229033.265625001862645, 8951381.75 ], [ 229039.515624999068677, 8951388.000000001862645 ], [ 229045.765625005587935, 8951394.25000000372529 ], [ 229052.015625002793968, 8951400.5 ], [ 229052.015625000931323, 8951475.5 ], [ 229058.265625004656613, 8951481.75 ], [ 229064.515625, 8951488.000000001862645 ], [ 229064.515625, 8951500.5 ], [ 229070.765625001862645, 8951506.75 ], [ 229077.015624999068677, 8951513.0 ], [ 229083.265625000931323, 8951519.250000001862645 ], [ 229089.515625, 8951525.50000000372529 ], [ 229095.765625, 8951531.75 ], [ 229102.015625001862645, 8951538.0 ], [ 229108.265625000931323, 8951544.25 ], [ 229114.515625000931323, 8951550.500000001862645 ], [ 229120.765625, 8951556.75000000372529 ], [ 229127.015625, 8951563.0 ], [ 229133.265624999068677, 8951569.25 ], [ 229139.515625000931323, 8951575.5 ], [ 229145.765625000931323, 8951581.750000001862645 ], [ 229152.015625, 8951588.00000000372529 ], [ 229158.265625, 8951594.25 ], [ 229164.515625, 8951600.5 ], [ 229170.765624999068677, 8951606.75 ], [ 229177.015625000931323, 8951613.0 ], [ 229183.265625, 8951619.25000000372529 ], [ 229189.515625001862645, 8951625.5 ], [ 229195.765625, 8951631.75 ], [ 229202.015625000931323, 8951638.0 ], [ 229208.265625002793968, 8951644.25 ], [ 229214.515625002793968, 8951650.500000001862645 ], [ 229220.765625, 8951656.75 ], [ 229227.015625, 8951663.0 ], [ 229233.265625001862645, 8951669.25 ], [ 229239.515625000931323, 8951675.5 ], [ 229245.765625000931323, 8951681.750000001862645 ], [ 229252.015625, 8951688.00000000372529 ], [ 229258.265625001862645, 8951694.25 ], [ 229264.51562500372529, 8951700.5 ], [ 229270.765625000931323, 8951706.75 ], [ 229277.015625002793968, 8951713.000000001862645 ], [ 229283.265625, 8951719.25000000372529 ], [ 229289.515625, 8951725.5 ], [ 229295.765625001862645, 8951731.75 ], [ 229302.015624999068677, 8951738.0 ], [ 229308.265625000931323, 8951744.250000001862645 ], [ 229314.515625, 8951750.50000000372529 ], [ 229320.765625, 8951756.75 ], [ 229327.015625001862645, 8951763.0 ], [ 229333.265625000931323, 8951769.25 ], [ 229339.515624998137355, 8951775.500000001862645 ], [ 229345.765625004656613, 8951781.75000000372529 ], [ 229352.015625, 8951788.0 ], [ 229358.265625001862645, 8951794.25 ], [ 229364.515624999068677, 8951800.5 ], [ 229370.765625000931323, 8951806.750000001862645 ], [ 229377.015625, 8951813.00000000372529 ], [ 229383.265625, 8951819.25 ], [ 229389.515625, 8951825.5 ], [ 229395.765625000931323, 8951831.75 ], [ 229402.015625002793968, 8951838.0 ], [ 229402.015625000931323, 8951850.5 ], [ 229408.265625000931323, 8951856.75 ], [ 229414.515625001862645, 8951863.0 ], [ 229420.765625, 8951869.25 ], [ 229427.01562500372529, 8951875.500000001862645 ], [ 229427.015625001862645, 8951913.00000000372529 ], [ 229433.265625000931323, 8951919.25 ], [ 229439.515625000931323, 8951925.5 ], [ 229445.765625, 8951931.75 ], [ 229452.015625001862645, 8951938.000000001862645 ], [ 229458.265625001862645, 8951944.25000000372529 ], [ 229464.515625000931323, 8951950.5 ], [ 229470.765625000931323, 8951956.75 ], [ 229477.015625, 8951963.0 ], [ 229477.015625, 8951975.50000000372529 ], [ 229483.265625001862645, 8951981.75 ], [ 229489.515624999068677, 8951988.0 ], [ 229495.765624999068677, 8951994.25 ], [ 229502.015625000931323, 8952000.500000001862645 ], [ 229508.265625, 8952006.75000000372529 ], [ 229514.515625, 8952013.0 ], [ 229520.765624999068677, 8952019.25 ], [ 229527.01562500372529, 8952025.5 ], [ 229533.265625002793968, 8952031.75 ], [ 229558.265625000931323, 8952031.75 ], [ 229564.515625002793968, 8952038.00000000372529 ], [ 229570.765625, 8952044.25 ], [ 229577.015624998137355, 8952050.5 ], [ 229583.265624999068677, 8952056.75 ], [ 229620.765625000931323, 8952056.75 ], [ 229627.015625000931323, 8952063.0 ], [ 229633.265625000931323, 8952069.250000001862645 ], [ 229645.765625, 8952069.250000001862645 ], [ 229652.015625005587935, 8952075.5 ], [ 229658.265625000931323, 8952081.75 ], [ 229664.515624998137355, 8952088.0 ], [ 229670.765625004656613, 8952094.25 ], [ 229677.015625, 8952100.500000001862645 ], [ 229683.265625001862645, 8952106.750000005587935 ], [ 229689.515625000931323, 8952113.0 ], [ 229695.765625002793968, 8952119.25 ], [ 229702.015625, 8952125.5 ], [ 229708.265625, 8952131.750000001862645 ], [ 229714.515624999068677, 8952138.00000000372529 ], [ 229720.76562500372529, 8952144.25 ], [ 229727.015625002793968, 8952150.5 ], [ 229733.265625, 8952156.75 ], [ 229739.515625, 8952163.000000001862645 ], [ 229745.765625001862645, 8952169.25000000372529 ], [ 229752.015625005587935, 8952175.5 ], [ 229758.265625002793968, 8952181.75 ], [ 229764.515625, 8952188.0 ], [ 229770.765625, 8952194.250000001862645 ], [ 229777.015624999068677, 8952200.50000000372529 ], [ 229783.265625000931323, 8952206.75 ], [ 229789.515625000931323, 8952213.0 ], [ 229795.765625, 8952219.25 ], [ 229802.015625, 8952225.500000001862645 ], [ 229808.265625, 8952231.75000000372529 ], [ 229820.765624999068677, 8952231.75000000372529 ], [ 229827.015625000931323, 8952238.0 ], [ 229833.265625, 8952244.25 ], [ 229845.76562500372529, 8952244.25 ], [ 229852.015625000931323, 8952250.5 ], [ 229858.265625000931323, 8952256.75 ], [ 229864.515625, 8952263.00000000372529 ], [ 229870.765625, 8952269.25 ], [ 229877.01562500372529, 8952275.5 ], [ 229883.265625000931323, 8952281.75 ], [ 229889.515625002793968, 8952288.0 ], [ 229895.765625, 8952294.250000001862645 ], [ 229902.015625001862645, 8952300.5 ], [ 229908.265625001862645, 8952306.75 ], [ 229914.515625000931323, 8952313.0 ], [ 229920.765625000931323, 8952319.25 ], [ 229927.015625002793968, 8952325.500000001862645 ], [ 229927.015625, 8952350.5 ], [ 229933.265625, 8952356.750000001862645 ], [ 229939.515624999068677, 8952363.00000000372529 ], [ 229945.765625000931323, 8952369.25 ], [ 229952.015625002793968, 8952375.5 ], [ 229958.265625, 8952381.75 ], [ 229964.515625001862645, 8952388.000000001862645 ], [ 229970.765624999068677, 8952394.25000000372529 ], [ 229977.015625000931323, 8952400.5 ], [ 229983.265625000931323, 8952406.75 ], [ 229989.515625, 8952413.0 ], [ 229995.765625, 8952419.250000001862645 ], [ 230002.015624999068677, 8952425.50000000372529 ], [ 230008.265625000931323, 8952431.75 ], [ 230014.515625000931323, 8952438.0 ], [ 230020.765625, 8952444.25 ], [ 230027.015625, 8952450.5 ], [ 230033.265625, 8952456.75000000372529 ], [ 230133.265625001862645, 8952456.75000000372529 ], [ 230139.515625000931323, 8952463.0 ], [ 230145.765625000931323, 8952469.25 ], [ 230158.265625, 8952469.25 ], [ 230164.515625001862645, 8952475.5 ], [ 230170.76562500372529, 8952481.75 ], [ 230183.265625, 8952481.75 ], [ 230189.515625, 8952488.00000000372529 ], [ 230195.765624999068677, 8952494.25 ], [ 230202.015625000931323, 8952500.5 ], [ 230208.265625000931323, 8952506.75 ], [ 230214.515625, 8952513.0 ], [ 230220.765625, 8952519.250000001862645 ], [ 230227.015625, 8952525.500000005587935 ], [ 230233.265625000931323, 8952531.75 ], [ 230270.765625002793968, 8952531.75 ], [ 230277.015625000931323, 8952538.0 ], [ 230283.265625, 8952544.25 ], [ 230308.265624998137355, 8952544.25 ], [ 230314.515625004656613, 8952550.500000001862645 ], [ 230320.765625001862645, 8952556.75000000372529 ], [ 230327.015625001862645, 8952563.0 ], [ 230333.265624999068677, 8952569.25 ], [ 230339.515625000931323, 8952575.5 ], [ 230345.765625, 8952581.750000001862645 ], [ 230352.015625, 8952588.00000000372529 ], [ 230358.265624999068677, 8952594.25 ], [ 230364.515625000931323, 8952600.5 ], [ 230370.765625000931323, 8952606.75 ], [ 230383.265625, 8952606.75 ], [ 230389.515624997206032, 8952600.5 ], [ 230395.765625000931323, 8952594.25 ], [ 230458.265625000931323, 8952594.25 ], [ 230464.515625002793968, 8952588.00000000372529 ], [ 230470.765625002793968, 8952581.750000001862645 ], [ 230583.265625001862645, 8952581.750000001862645 ], [ 230589.515625000931323, 8952588.00000000372529 ], [ 230595.765625000931323, 8952594.25 ], [ 230633.265625, 8952594.25 ], [ 230639.515625, 8952600.5 ], [ 230645.765625, 8952606.75 ], [ 230652.015625000931323, 8952613.000000001862645 ], [ 230658.265625000931323, 8952619.25000000372529 ], [ 230664.515625000931323, 8952625.5 ], [ 230670.765625, 8952631.75 ], [ 230677.015625001862645, 8952638.0 ], [ 230683.265625000931323, 8952644.250000001862645 ], [ 230689.515624999068677, 8952650.50000000372529 ], [ 230695.765625000931323, 8952656.75 ], [ 230702.015625, 8952663.0 ], [ 230708.265625, 8952669.25 ], [ 230714.515625001862645, 8952675.5 ], [ 230714.515625001862645, 8952738.0 ], [ 230720.765625002793968, 8952744.250000001862645 ], [ 230727.015625002793968, 8952750.50000000372529 ], [ 230727.015625000931323, 8952788.0 ], [ 230720.765625002793968, 8952794.25 ], [ 230714.515625001862645, 8952800.5 ], [ 230714.515625001862645, 8952863.0 ], [ 230720.765624999068677, 8952869.250000001862645 ], [ 230727.015625000931323, 8952875.50000000372529 ], [ 230733.265625, 8952881.75 ], [ 230758.265625002793968, 8952881.75 ], [ 230764.515625, 8952888.0 ], [ 230770.765625, 8952894.25 ], [ 230777.015624999068677, 8952900.5 ], [ 230777.015624999068677, 8952925.5 ], [ 230783.265625000931323, 8952931.75 ], [ 230789.515625002793968, 8952938.000000001862645 ], [ 230789.515625000931323, 8952988.0 ], [ 230795.765625, 8952994.25 ], [ 230802.015625, 8953000.500000001862645 ], [ 230802.015625, 8953025.5 ], [ 230808.265625001862645, 8953031.750000001862645 ], [ 230814.515625005587935, 8953038.00000000372529 ], [ 230820.765625002793968, 8953044.25 ], [ 230827.015625, 8953050.5 ], [ 230833.265625, 8953056.75 ], [ 230839.515625001862645, 8953063.000000001862645 ], [ 230845.765624999068677, 8953069.25000000372529 ], [ 230852.015625000931323, 8953075.5 ], [ 230858.265625, 8953081.75 ], [ 230864.515625, 8953088.0 ], [ 230870.765625001862645, 8953094.25 ], [ 230877.015624999068677, 8953100.50000000372529 ], [ 230883.265625000931323, 8953106.75 ], [ 230889.515625002793968, 8953113.0 ], [ 230889.515625000931323, 8953163.000000001862645 ], [ 230895.765625, 8953169.25000000372529 ], [ 230902.015625, 8953175.5 ], [ 230902.015625, 8953188.0 ], [ 230908.26562500372529, 8953194.250000001862645 ], [ 230914.515625002793968, 8953200.50000000372529 ], [ 230920.765625002793968, 8953206.75 ], [ 230927.015625, 8953213.0 ], [ 230933.265625, 8953219.25 ], [ 230939.51562500372529, 8953225.500000001862645 ], [ 230945.765625000931323, 8953231.75000000372529 ], [ 230952.015625000931323, 8953238.0 ], [ 230958.265624998137355, 8953244.25 ], [ 230964.515625, 8953250.5 ], [ 230970.765625001862645, 8953256.750000001862645 ], [ 230977.015625000931323, 8953263.00000000372529 ], [ 230983.265625000931323, 8953269.25 ], [ 230989.515625, 8953275.5 ], [ 230995.765625, 8953281.75 ], [ 231033.265625001862645, 8953281.75 ], [ 231039.515625000931323, 8953288.000000001862645 ], [ 231045.765624999068677, 8953294.25000000372529 ], [ 231070.765625000931323, 8953294.25000000372529 ], [ 231077.015625000931323, 8953300.5 ], [ 231083.265625, 8953306.75 ], [ 231095.765625001862645, 8953306.75 ], [ 231102.015625000931323, 8953313.0 ], [ 231108.265625000931323, 8953319.25 ], [ 231120.765625, 8953319.25 ], [ 231127.015625001862645, 8953325.50000000372529 ], [ 231133.265625001862645, 8953331.75 ], [ 231145.765625000931323, 8953331.75 ], [ 231152.015625, 8953338.0 ], [ 231158.265625, 8953344.25 ], [ 231164.515625001862645, 8953350.5 ], [ 231170.765625005587935, 8953356.750000001862645 ], [ 231177.015625000931323, 8953363.0 ], [ 231177.015625000931323, 8953375.5 ], [ 231183.265625, 8953381.75 ], [ 231189.515625, 8953388.000000001862645 ], [ 231195.765625001862645, 8953394.25000000372529 ], [ 231202.015625000931323, 8953400.5 ], [ 231208.265625000931323, 8953406.75 ], [ 231214.515625, 8953413.0 ], [ 231220.765625001862645, 8953419.250000001862645 ], [ 231233.265625000931323, 8953419.250000001862645 ], [ 231239.515625000931323, 8953425.50000000372529 ], [ 231245.765625, 8953431.75 ], [ 231252.015625, 8953438.0 ], [ 231258.265624999068677, 8953444.25 ], [ 231264.515625000931323, 8953450.500000001862645 ], [ 231270.765624999068677, 8953456.75000000372529 ], [ 231277.015625, 8953463.0 ], [ 231283.265625, 8953469.25 ], [ 231289.515625, 8953475.5 ], [ 231295.765624999068677, 8953481.750000001862645 ], [ 231302.015625000931323, 8953488.00000000372529 ], [ 231302.015625000931323, 8953500.5 ], [ 231308.265625000931323, 8953506.75 ], [ 231314.515625, 8953513.0 ], [ 231320.765625001862645, 8953519.25000000372529 ], [ 231327.015625001862645, 8953525.5 ], [ 231327.015625001862645, 8953563.0 ], [ 231333.265625002793968, 8953569.25 ], [ 231339.515625000931323, 8953575.5 ], [ 231339.515625000931323, 8953588.00000000372529 ], [ 231345.765625, 8953594.25 ], [ 231352.015625, 8953600.5 ], [ 231352.015625, 8953613.000000001862645 ], [ 231358.265625001862645, 8953619.25000000372529 ], [ 231364.515625000931323, 8953625.5 ], [ 231370.765625000931323, 8953631.75 ], [ 231377.015625, 8953638.0 ], [ 231383.265625, 8953644.250000001862645 ], [ 231408.265625004656613, 8953644.250000001862645 ], [ 231414.515625, 8953650.50000000372529 ], [ 231420.765625001862645, 8953656.75 ], [ 231427.015625000931323, 8953663.0 ], [ 231427.015625000931323, 8953675.500000001862645 ], [ 231433.265624998137355, 8953681.75000000372529 ], [ 231439.515625004656613, 8953688.0 ], [ 231439.515625, 8953700.5 ], [ 231445.765625, 8953706.750000001862645 ], [ 231452.015624999068677, 8953713.00000000372529 ], [ 231452.015624999068677, 8953725.5 ], [ 231458.26562500372529, 8953731.75 ], [ 231464.515624998137355, 8953738.0 ], [ 231464.515624998137355, 8953800.5 ], [ 231470.765625002793968, 8953806.750000001862645 ], [ 231477.015625, 8953813.00000000372529 ], [ 231477.015625004656613, 8953825.5 ], [ 231483.265624999068677, 8953831.75 ], [ 231489.515625000931323, 8953838.000000001862645 ], [ 231489.515624999068677, 8953888.0 ], [ 231495.765625002793968, 8953894.25 ], [ 231502.015625, 8953900.500000001862645 ], [ 231508.265625001862645, 8953906.75000000372529 ], [ 231558.265625002793968, 8953906.75000000372529 ], [ 231564.515625002793968, 8953913.0 ], [ 231570.765625, 8953919.25 ], [ 231577.015625001862645, 8953925.5 ], [ 231577.015625, 8953938.00000000372529 ], [ 231583.265625001862645, 8953944.25 ], [ 231589.515625000931323, 8953950.5 ], [ 231595.765625000931323, 8953956.75 ], [ 231602.015625, 8953963.0 ], [ 231608.265625, 8953969.250000001862645 ], [ 231614.515625001862645, 8953975.5 ], [ 231620.765624999068677, 8953981.75 ], [ 231627.015625000931323, 8953988.0 ], [ 231627.015625000931323, 8954000.500000001862645 ], [ 231633.265625, 8954006.750000005587935 ], [ 231639.515625, 8954013.0 ], [ 231645.76562500372529, 8954019.25 ], [ 231652.01562500372529, 8954025.5 ], [ 231658.265625000931323, 8954031.750000001862645 ], [ 231664.515625, 8954038.00000000372529 ], [ 231664.515625, 8954050.5 ], [ 231670.765625, 8954056.75 ], [ 231677.01562500372529, 8954063.000000001862645 ], [ 231683.265625005587935, 8954069.25000000372529 ], [ 231708.265625, 8954069.25000000372529 ], [ 231714.515625000931323, 8954075.5 ], [ 231720.765625000931323, 8954081.75 ], [ 231727.015625002793968, 8954088.0 ], [ 231733.265625, 8954094.250000001862645 ], [ 231739.515625001862645, 8954100.50000000372529 ], [ 231745.765625001862645, 8954106.75 ], [ 231752.015625002793968, 8954113.0 ], [ 231758.265625000931323, 8954119.25 ], [ 231770.765625, 8954119.25 ], [ 231777.01562500372529, 8954125.500000001862645 ], [ 231783.26562500372529, 8954131.75000000372529 ], [ 231789.515625000931323, 8954138.0 ], [ 231789.515625000931323, 8954150.5 ], [ 231795.765625, 8954156.75 ], [ 231808.265624999068677, 8954156.75 ], [ 231814.515625000931323, 8954163.00000000372529 ], [ 231820.765625000931323, 8954169.25 ], [ 231833.265625, 8954169.25 ], [ 231839.51562500372529, 8954175.5 ], [ 231845.765625000931323, 8954181.75 ], [ 231852.015625002793968, 8954188.0 ], [ 231858.265625, 8954194.250000001862645 ], [ 231864.515625001862645, 8954200.5 ], [ 231870.765624999068677, 8954206.75 ], [ 231877.015625000931323, 8954213.0 ], [ 231877.015624999068677, 8954238.0 ], [ 231883.265625000931323, 8954244.25 ], [ 231889.515625, 8954250.5 ], [ 231889.515625, 8954275.5 ], [ 231895.765625, 8954281.75 ], [ 231902.015624999068677, 8954288.000000001862645 ], [ 231908.265625005587935, 8954294.25000000372529 ], [ 231914.515625000931323, 8954300.5 ], [ 231914.515625000931323, 8954338.0 ], [ 231920.765625, 8954344.25 ], [ 231927.015625, 8954350.5 ], [ 231927.015625, 8954400.5 ], [ 231933.265625, 8954406.75 ], [ 231939.515625000931323, 8954413.0 ], [ 231939.515625000931323, 8954425.500000005587935 ], [ 231945.765625000931323, 8954431.75 ], [ 231952.015625000931323, 8954438.0 ], [ 231952.015625002793968, 8954450.500000001862645 ], [ 231958.265625, 8954456.75000000372529 ], [ 231964.515625001862645, 8954463.0 ], [ 231964.515625, 8954500.5 ], [ 231970.765625001862645, 8954506.75 ], [ 231977.015625000931323, 8954513.000000001862645 ], [ 231983.265625000931323, 8954519.25000000372529 ], [ 231989.515625, 8954525.5 ], [ 231995.765625, 8954531.75 ], [ 232002.015625001862645, 8954538.0 ], [ 232008.265625000931323, 8954544.250000001862645 ], [ 232014.515625000931323, 8954550.50000000372529 ], [ 232020.765625, 8954556.75 ], [ 232027.015625, 8954563.0 ], [ 232033.265624999068677, 8954569.25 ], [ 232045.765625000931323, 8954569.25 ], [ 232052.015625, 8954575.5 ], [ 232058.265625, 8954581.75000000372529 ], [ 232064.515625001862645, 8954588.0 ], [ 232064.51562500372529, 8954613.000000001862645 ], [ 232070.765625000931323, 8954619.25 ], [ 232077.015624998137355, 8954625.5 ], [ 232083.265625, 8954631.75 ], [ 232108.265625002793968, 8954631.75 ], [ 232114.515625, 8954638.0 ], [ 232114.515625, 8954650.50000000372529 ], [ 232120.765625, 8954656.75 ], [ 232127.015625, 8954663.0 ], [ 232127.015625, 8954675.500000001862645 ], [ 232133.26562500372529, 8954681.75000000372529 ], [ 232139.515625002793968, 8954688.0 ], [ 232145.765625000931323, 8954694.25 ], [ 232152.015625, 8954700.5 ], [ 232158.265625, 8954706.750000001862645 ], [ 232164.515625001862645, 8954713.00000000372529 ], [ 232170.765625000931323, 8954719.25 ], [ 232177.015625002793968, 8954725.5 ], [ 232183.265625, 8954731.75 ], [ 232189.515625, 8954738.000000001862645 ], [ 232195.765625001862645, 8954744.25000000372529 ], [ 232202.015625000931323, 8954750.5 ], [ 232208.265625002793968, 8954756.75 ], [ 232233.265625000931323, 8954756.75 ], [ 232239.515625000931323, 8954763.0 ], [ 232245.765625, 8954769.250000001862645 ], [ 232252.015625, 8954775.50000000372529 ], [ 232258.265625001862645, 8954781.75 ], [ 232264.515625000931323, 8954788.0 ], [ 232270.765625002793968, 8954794.25 ], [ 232277.015625, 8954800.5 ], [ 232283.265625, 8954806.75000000372529 ], [ 232289.515624999068677, 8954813.0 ], [ 232295.76562500372529, 8954819.25 ], [ 232302.015625000931323, 8954825.5 ], [ 232295.765624999068677, 8954831.75 ], [ 232289.515625001862645, 8954838.000000001862645 ], [ 232283.265625, 8954844.25 ], [ 232277.015625, 8954850.5 ], [ 232277.015625, 8954888.0 ], [ 232283.265625, 8954894.25 ], [ 232289.515625001862645, 8954900.500000001862645 ], [ 232295.765625005587935, 8954906.75000000372529 ], [ 232302.015625002793968, 8954913.0 ], [ 232308.265625, 8954919.25 ], [ 232314.515625, 8954925.5 ], [ 232320.765625001862645, 8954931.750000001862645 ], [ 232327.015625000931323, 8954938.00000000372529 ], [ 232327.015625000931323, 8954963.000000001862645 ], [ 232333.265625002793968, 8954969.25000000372529 ], [ 232339.515625, 8954975.5 ], [ 232339.515625, 8954988.0 ], [ 232345.765625006519258, 8954994.25 ], [ 232352.015625, 8955000.50000000372529 ], [ 232358.265625000931323, 8955006.75 ], [ 232364.515625000931323, 8955013.0 ], [ 232370.765625000931323, 8955019.25 ], [ 232377.015625, 8955025.5 ], [ 232383.265625001862645, 8955031.750000001862645 ], [ 232395.765625002793968, 8955031.750000001862645 ], [ 232402.015625000931323, 8955038.0 ], [ 232408.265625, 8955044.25 ], [ 232445.765625, 8955044.25 ], [ 232452.015625001862645, 8955050.5 ], [ 232458.26562500372529, 8955056.75 ], [ 232464.515625000931323, 8955063.000000001862645 ], [ 232470.765625, 8955069.25000000372529 ], [ 232477.015625, 8955075.5 ], [ 232477.015625001862645, 8955100.50000000372529 ], [ 232483.26562500372529, 8955106.75 ], [ 232489.515625000931323, 8955113.0 ], [ 232489.515625000931323, 8955125.500000001862645 ], [ 232495.765625000931323, 8955131.75000000372529 ], [ 232502.015624998137355, 8955138.0 ], [ 232508.265625001862645, 8955144.25 ], [ 232514.515624999068677, 8955150.5 ], [ 232520.765625005587935, 8955156.750000001862645 ], [ 232533.265625, 8955156.750000001862645 ], [ 232539.515625, 8955163.00000000372529 ], [ 232545.765625, 8955169.25 ], [ 232552.015625000931323, 8955175.5 ], [ 232558.265625000931323, 8955181.75 ], [ 232564.515625, 8955188.000000001862645 ], [ 232570.765625, 8955194.25000000372529 ], [ 232577.015625, 8955200.5 ], [ 232583.265625000931323, 8955206.75 ], [ 232589.515625000931323, 8955213.0 ], [ 232595.765625000931323, 8955219.25 ], [ 232602.015625, 8955225.50000000372529 ], [ 232608.265625, 8955231.75 ], [ 232614.515625001862645, 8955238.0 ], [ 232620.765625000931323, 8955244.25 ], [ 232627.015625000931323, 8955250.5 ], [ 232633.265625, 8955256.750000001862645 ], [ 232639.515625, 8955263.0 ], [ 232645.765625005587935, 8955269.25 ], [ 232658.265625000931323, 8955269.25 ], [ 232664.515625, 8955275.5 ], [ 232670.765625, 8955281.75 ], [ 232683.265625000931323, 8955281.75 ], [ 232689.515625000931323, 8955288.000000001862645 ], [ 232695.765625, 8955294.25000000372529 ], [ 232708.265625001862645, 8955294.25000000372529 ], [ 232714.515625000931323, 8955300.5 ], [ 232720.765625002793968, 8955306.75 ], [ 232727.015625, 8955313.0 ], [ 232733.265625, 8955319.250000001862645 ], [ 232739.515624997206032, 8955325.50000000372529 ], [ 232745.765625000931323, 8955331.75 ], [ 232758.265625, 8955331.75 ], [ 232764.515625, 8955338.0 ], [ 232770.765625, 8955344.25 ], [ 232777.015624999068677, 8955350.500000001862645 ], [ 232783.265625000931323, 8955356.75000000372529 ], [ 232789.515625000931323, 8955363.0 ], [ 232795.765625, 8955369.25 ], [ 232808.265625001862645, 8955369.25 ], [ 232814.515625000931323, 8955375.5 ], [ 232820.765625000931323, 8955381.750000001862645 ], [ 232827.015625, 8955388.00000000372529 ], [ 232833.265625, 8955394.25 ], [ 232845.765625005587935, 8955394.25 ], [ 232852.015625000931323, 8955400.5 ], [ 232858.265625, 8955406.75 ], [ 232864.515625, 8955413.0 ], [ 232870.76562500372529, 8955419.25000000372529 ], [ 232883.265625000931323, 8955419.25000000372529 ], [ 232889.515625004656613, 8955425.5 ], [ 232895.765625, 8955431.75 ], [ 232902.015625001862645, 8955438.0 ], [ 232908.26562500372529, 8955444.25 ], [ 232920.765625, 8955444.25 ], [ 232927.015625, 8955450.500000001862645 ], [ 232933.265624999068677, 8955456.75 ], [ 232939.515625007450581, 8955463.0 ], [ 232945.765625000931323, 8955469.25 ], [ 232952.015625, 8955475.5 ], [ 232952.015625, 8955500.5 ], [ 232958.265625, 8955506.75 ], [ 232964.515624999068677, 8955513.000000001862645 ], [ 232964.515624999068677, 8955538.0 ], [ 232970.765625000931323, 8955544.250000001862645 ], [ 232977.015625000931323, 8955550.50000000372529 ], [ 232983.265625, 8955556.75 ], [ 232989.515625001862645, 8955563.0 ], [ 232995.765625001862645, 8955569.25 ], [ 233008.265624999068677, 8955569.25 ], [ 233014.515625000931323, 8955575.500000001862645 ], [ 233020.765625, 8955581.75000000372529 ], [ 233033.265624999068677, 8955581.75000000372529 ], [ 233039.515625002793968, 8955588.0 ], [ 233039.515625002793968, 8955600.5 ], [ 233045.765625000931323, 8955606.750000001862645 ], [ 233052.015625, 8955613.00000000372529 ], [ 233052.015625, 8955638.0 ], [ 233058.265625001862645, 8955644.25000000372529 ], [ 233064.51562500372529, 8955650.5 ], [ 233064.515625001862645, 8955688.0 ], [ 233070.765625000931323, 8955694.25 ], [ 233077.015625000931323, 8955700.5 ], [ 233077.015625000931323, 8955713.00000000372529 ], [ 233083.265625, 8955719.25 ], [ 233089.515625, 8955725.5 ], [ 233095.765625001862645, 8955731.75 ], [ 233102.015625000931323, 8955738.000000001862645 ], [ 233102.015625000931323, 8955750.5 ], [ 233108.265625000931323, 8955756.75 ], [ 233114.515625, 8955763.0 ], [ 233120.765625001862645, 8955769.250000001862645 ], [ 233127.015625001862645, 8955775.50000000372529 ], [ 233133.265624999068677, 8955781.75 ], [ 233139.515625000931323, 8955788.0 ], [ 233139.515625000931323, 8955800.500000001862645 ], [ 233133.26562500372529, 8955806.75000000372529 ], [ 233127.015625001862645, 8955813.0 ], [ 233133.265625000931323, 8955819.25 ], [ 233139.515625000931323, 8955825.5 ], [ 233139.515625000931323, 8955863.0 ], [ 233145.765625, 8955869.25000000372529 ], [ 233152.015625, 8955875.5 ], [ 233152.015625, 8955888.0 ], [ 233158.265624999068677, 8955894.25 ], [ 233164.515625000931323, 8955900.500000001862645 ], [ 233170.765625000931323, 8955906.750000005587935 ], [ 233177.015625, 8955913.0 ], [ 233177.015625, 8955975.5 ], [ 233183.265625, 8955981.75 ], [ 233189.515625001862645, 8955988.0 ], [ 233189.515625, 8956000.50000000372529 ], [ 233195.765625000931323, 8956006.75 ], [ 233208.265625000931323, 8956006.75 ], [ 233214.515625, 8956013.0 ], [ 233220.765625, 8956019.25 ], [ 233227.015625001862645, 8956025.500000001862645 ], [ 233233.265625000931323, 8956031.75000000372529 ], [ 233239.515625002793968, 8956038.0 ], [ 233245.765625004656613, 8956044.25 ], [ 233252.015625, 8956050.5 ], [ 233258.265624999068677, 8956056.75 ], [ 233264.515625000931323, 8956063.00000000372529 ], [ 233264.515624999068677, 8956100.5 ], [ 233270.765625002793968, 8956106.75 ], [ 233277.015625, 8956113.0 ], [ 233277.015625, 8956163.00000000372529 ], [ 233283.265625, 8956169.25 ], [ 233289.51562500372529, 8956175.5 ], [ 233289.515625001862645, 8956213.0 ], [ 233283.265625, 8956219.250000001862645 ], [ 233277.015625, 8956225.50000000372529 ], [ 233277.015625, 8956263.0 ], [ 233283.265625001862645, 8956269.25 ], [ 233289.515625001862645, 8956275.5 ], [ 233295.765625000931323, 8956281.75 ], [ 233302.015625000931323, 8956288.00000000372529 ], [ 233302.015625000931323, 8956325.5 ], [ 233308.265625, 8956331.75 ], [ 233314.515625006519258, 8956338.0 ], [ 233314.515625, 8956375.5 ], [ 233320.765625001862645, 8956381.750000001862645 ], [ 233327.015625000931323, 8956388.00000000372529 ], [ 233327.015625000931323, 8956413.000000001862645 ], [ 233333.265624998137355, 8956419.25000000372529 ], [ 233339.515625004656613, 8956425.5 ], [ 233345.765625001862645, 8956431.75 ], [ 233352.015624999068677, 8956438.0 ], [ 233358.265625000931323, 8956444.250000001862645 ], [ 233364.515624998137355, 8956450.50000000372529 ], [ 233370.765625, 8956456.75 ], [ 233377.015625, 8956463.0 ], [ 233377.015625, 8956613.00000000372529 ], [ 233370.765624998137355, 8956619.25 ], [ 233364.515625002793968, 8956625.5 ], [ 233364.515625000931323, 8956638.000000001862645 ], [ 233370.765625, 8956644.25000000372529 ], [ 233377.015625, 8956650.5 ], [ 233377.015625, 8956688.0 ], [ 233383.265624999068677, 8956694.25 ], [ 233389.515625000931323, 8956700.5 ], [ 233395.765625000931323, 8956706.75000000372529 ], [ 233402.015625, 8956713.0 ], [ 233408.265625, 8956719.25 ], [ 233414.515625, 8956725.5 ], [ 233414.515625001862645, 8956738.000000001862645 ], [ 233408.265625, 8956744.25 ], [ 233402.015625, 8956750.5 ], [ 233402.015625, 8956775.50000000372529 ], [ 233395.765625000931323, 8956781.75 ], [ 233389.515625000931323, 8956788.0 ], [ 233389.515625000931323, 8956800.500000001862645 ], [ 233383.265624999068677, 8956806.75000000372529 ], [ 233377.015625, 8956813.0 ], [ 233377.015625, 8956875.5 ], [ 233383.265625001862645, 8956881.75 ], [ 233389.515625000931323, 8956888.0 ], [ 233389.515624999068677, 8956900.50000000372529 ], [ 233395.765624999068677, 8956906.75 ], [ 233402.015625, 8956913.0 ], [ 233408.265625001862645, 8956919.25 ], [ 233414.515625, 8956925.5 ], [ 233414.515625, 8956950.5 ], [ 233420.765625000931323, 8956956.75 ], [ 233427.015625000931323, 8956963.000000001862645 ], [ 233427.015624999068677, 8956975.5 ], [ 233433.265625002793968, 8956981.75 ], [ 233439.515625, 8956988.0 ], [ 233445.765625001862645, 8956994.250000001862645 ], [ 233452.015625001862645, 8957000.50000000372529 ], [ 233458.265625002793968, 8957006.75 ], [ 233464.515625000931323, 8957013.0 ], [ 233470.765625, 8957019.25 ], [ 233477.015625, 8957025.500000001862645 ], [ 233483.265625001862645, 8957031.75000000372529 ], [ 233489.515624999068677, 8957038.0 ], [ 233495.765625000931323, 8957044.25 ], [ 233502.015625, 8957050.5 ], [ 233508.265625001862645, 8957056.750000001862645 ], [ 233514.515625001862645, 8957063.00000000372529 ], [ 233514.515625001862645, 8957075.5 ], [ 233520.765625000931323, 8957081.75 ], [ 233527.015625002793968, 8957088.000000001862645 ], [ 233533.265625, 8957094.25000000372529 ], [ 233539.515625, 8957100.5 ], [ 233545.765625001862645, 8957106.75 ], [ 233552.015625000931323, 8957113.0 ], [ 233558.265625002793968, 8957119.25 ], [ 233564.515625, 8957125.50000000372529 ], [ 233570.765625001862645, 8957131.75 ], [ 233577.015624999068677, 8957138.0 ], [ 233583.265625000931323, 8957144.25 ], [ 233589.515625000931323, 8957150.5 ], [ 233589.515625000931323, 8957225.50000000372529 ], [ 233595.765625, 8957231.75 ], [ 233602.015625, 8957238.0 ], [ 233608.265625, 8957244.25 ], [ 233614.515625000931323, 8957250.500000001862645 ], [ 233620.765625000931323, 8957256.75000000372529 ], [ 233627.015625002793968, 8957263.0 ], [ 233633.265625, 8957269.25 ], [ 233639.515625, 8957275.5 ], [ 233645.765625001862645, 8957281.750000001862645 ], [ 233652.015625002793968, 8957288.00000000372529 ], [ 233658.265625000931323, 8957294.25 ], [ 233664.515625, 8957300.5 ], [ 233670.765625, 8957306.75 ], [ 233677.015625001862645, 8957313.0 ], [ 233677.015625001862645, 8957350.50000000372529 ], [ 233683.265625002793968, 8957356.75 ], [ 233689.515625000931323, 8957363.0 ], [ 233695.765625, 8957369.25 ], [ 233702.015625, 8957375.5 ], [ 233702.015625, 8957400.5 ], [ 233708.265625001862645, 8957406.75 ], [ 233714.515625000931323, 8957413.000000001862645 ], [ 233720.765625002793968, 8957419.25000000372529 ], [ 233727.015625, 8957425.5 ], [ 233733.265625006519258, 8957431.75 ], [ 233739.51562500372529, 8957438.0 ], [ 233739.515624999068677, 8957463.0 ], [ 233745.765625000931323, 8957469.25 ], [ 233752.015625000931323, 8957475.500000001862645 ], [ 233758.265625, 8957481.75000000372529 ], [ 233764.515625, 8957488.0 ], [ 233770.765624999068677, 8957494.25 ], [ 233783.265625002793968, 8957494.25 ], [ 233789.515625, 8957500.5 ], [ 233789.515625004656613, 8957513.00000000372529 ], [ 233795.765625, 8957519.25 ], [ 233802.015625001862645, 8957525.5 ], [ 233802.015624999068677, 8957563.0 ], [ 233808.265624999068677, 8957569.25 ], [ 233814.515625002793968, 8957575.500000001862645 ], [ 233820.765625, 8957581.75 ], [ 233827.015625, 8957588.0 ], [ 233833.265625, 8957594.25 ], [ 233839.515625000931323, 8957600.5 ], [ 233845.765624999068677, 8957606.750000001862645 ], [ 233852.015625002793968, 8957613.00000000372529 ], [ 233852.015625002793968, 8957638.000000001862645 ], [ 233858.265625001862645, 8957644.25000000372529 ], [ 233864.515625, 8957650.5 ], [ 233864.515625, 8957688.0 ], [ 233870.765624999068677, 8957694.25 ], [ 233877.015625000931323, 8957700.500000001862645 ], [ 233877.015625002793968, 8957713.0 ], [ 233883.265625000931323, 8957719.25 ], [ 233889.515625, 8957725.5 ], [ 233889.515625, 8957738.00000000372529 ], [ 233895.765625, 8957744.25 ], [ 233902.015625001862645, 8957750.5 ], [ 233908.265625000931323, 8957756.75 ], [ 233914.515625002793968, 8957763.0 ], [ 233914.515625000931323, 8957813.0 ], [ 233920.765625, 8957819.25 ], [ 233927.015625001862645, 8957825.5 ], [ 233933.265624999068677, 8957831.750000001862645 ], [ 233939.515625000931323, 8957838.00000000372529 ], [ 233945.765625002793968, 8957844.25 ], [ 233952.015625, 8957850.5 ], [ 233958.265625, 8957856.75 ], [ 233970.765625000931323, 8957856.75 ], [ 233977.015625000931323, 8957863.000000001862645 ], [ 233983.265625007450581, 8957869.25000000372529 ], [ 233989.515625001862645, 8957875.5 ], [ 233995.765624999068677, 8957881.75 ], [ 234002.015624999068677, 8957888.0 ], [ 234008.265625000931323, 8957894.250000001862645 ], [ 234020.765625, 8957894.250000001862645 ], [ 234027.015625, 8957900.50000000372529 ], [ 234033.265624999068677, 8957906.75 ], [ 234039.515625005587935, 8957913.0 ], [ 234045.765625000931323, 8957919.25 ], [ 234052.015625, 8957925.500000001862645 ], [ 234058.265625, 8957931.75000000372529 ], [ 234064.515625000931323, 8957938.0 ], [ 234070.765625000931323, 8957944.25 ], [ 234077.015625000931323, 8957950.5 ], [ 234077.015625000931323, 8957975.5 ], [ 234083.265625, 8957981.75 ], [ 234089.515625, 8957988.0 ], [ 234095.765624999068677, 8957994.250000001862645 ], [ 234102.015625000931323, 8958000.5 ], [ 234108.265625000931323, 8958006.75 ], [ 234114.515625, 8958013.0 ], [ 234120.765625, 8958019.25 ], [ 234127.015625001862645, 8958025.500000001862645 ], [ 234133.265625000931323, 8958031.75000000372529 ], [ 234139.515625002793968, 8958038.0 ], [ 234139.515625000931323, 8958050.5 ], [ 234145.765625, 8958056.750000001862645 ], [ 234152.015625001862645, 8958063.00000000372529 ], [ 234152.015625, 8958125.50000000372529 ], [ 234158.265625001862645, 8958131.75 ], [ 234164.515625000931323, 8958138.0 ], [ 234164.51562500372529, 8958188.00000000372529 ], [ 234170.765625000931323, 8958194.25 ], [ 234177.015625, 8958200.5 ], [ 234183.265625, 8958206.75 ], [ 234189.515625001862645, 8958213.0 ], [ 234189.515625001862645, 8958225.5 ], [ 234183.265625, 8958231.75 ], [ 234177.015625006519258, 8958238.0 ], [ 234183.265625, 8958244.25 ], [ 234189.515624999068677, 8958250.500000001862645 ], [ 234195.765624999068677, 8958256.75000000372529 ], [ 234208.265625, 8958256.75000000372529 ], [ 234214.515625001862645, 8958263.0 ], [ 234220.765624999068677, 8958269.25 ], [ 234227.015625000931323, 8958275.5 ], [ 234233.265625000931323, 8958281.750000001862645 ], [ 234239.515625, 8958288.00000000372529 ], [ 234245.765625, 8958294.25 ], [ 234252.015625, 8958300.5 ], [ 234252.015625, 8958350.50000000372529 ], [ 234258.265625000931323, 8958356.75 ], [ 234264.515625000931323, 8958363.0 ], [ 234270.765625000931323, 8958369.25 ], [ 234277.015625, 8958375.5 ], [ 234283.265625001862645, 8958381.75000000372529 ], [ 234289.515625001862645, 8958388.0 ], [ 234295.765625002793968, 8958394.25 ], [ 234302.015625000931323, 8958400.5 ], [ 234308.265625, 8958406.75 ], [ 234314.515625, 8958413.000000001862645 ], [ 234320.76562500372529, 8958419.25 ], [ 234327.015625005587935, 8958425.5 ], [ 234333.265625000931323, 8958431.75 ], [ 234339.515625, 8958438.0 ], [ 234345.765625, 8958444.250000001862645 ], [ 234352.015624999068677, 8958450.50000000372529 ], [ 234358.265625000931323, 8958456.75 ], [ 234364.515625000931323, 8958463.0 ], [ 234370.765625, 8958469.25 ], [ 234377.015625, 8958475.500000001862645 ], [ 234377.015625, 8958525.5 ], [ 234383.265625001862645, 8958531.75 ], [ 234389.515625000931323, 8958538.000000001862645 ], [ 234395.765625000931323, 8958544.25000000372529 ], [ 234402.015625004656613, 8958550.5 ], [ 234408.265625, 8958556.75 ], [ 234414.515624999068677, 8958563.0 ], [ 234420.765625005587935, 8958569.250000001862645 ], [ 234427.015624999068677, 8958575.50000000372529 ], [ 234433.265625, 8958581.75 ], [ 234439.515625, 8958588.0 ], [ 234439.515625, 8958613.0 ], [ 234445.765624999068677, 8958619.25 ], [ 234452.015625000931323, 8958625.5 ], [ 234458.265624999068677, 8958631.75 ], [ 234464.515625, 8958638.000000001862645 ], [ 234470.765625, 8958644.25 ], [ 234477.015625, 8958650.5 ], [ 234477.015625, 8958663.0 ], [ 234483.265624999068677, 8958669.250000001862645 ], [ 234489.515624999068677, 8958675.50000000372529 ], [ 234495.765625000931323, 8958681.75 ], [ 234502.015625001862645, 8958688.0 ], [ 234508.265625, 8958694.25 ], [ 234514.515625001862645, 8958700.500000001862645 ], [ 234520.765625000931323, 8958706.75000000372529 ], [ 234533.265625, 8958706.75000000372529 ], [ 234539.515625001862645, 8958713.0 ], [ 234545.765625001862645, 8958719.25 ], [ 234552.015625000931323, 8958725.5 ], [ 234558.265625000931323, 8958731.750000001862645 ], [ 234564.515625, 8958738.00000000372529 ], [ 234570.765625, 8958744.25 ], [ 234577.015625001862645, 8958750.5 ], [ 234570.765625, 8958756.75 ], [ 234564.515625004656613, 8958763.000000001862645 ], [ 234564.515625, 8958775.5 ], [ 234558.265625000931323, 8958781.75 ], [ 234552.015624999068677, 8958788.0 ], [ 234545.765624999068677, 8958794.25 ], [ 234539.515625, 8958800.50000000372529 ], [ 234539.515625, 8958900.50000000372529 ], [ 234533.265625004656613, 8958906.75 ], [ 234527.015625000931323, 8958913.0 ], [ 234527.015625000931323, 8958938.0 ], [ 234520.765625000931323, 8958944.25 ], [ 234514.515625001862645, 8958950.5 ], [ 234508.265625, 8958956.750000001862645 ], [ 234502.015625, 8958963.00000000372529 ], [ 234495.765625000931323, 8958969.25 ], [ 234489.515625000931323, 8958975.5 ], [ 234483.265625000931323, 8958981.75 ], [ 234470.765625001862645, 8958981.75 ], [ 234464.515625, 8958988.000000001862645 ], [ 234458.265625000931323, 8958994.25000000372529 ], [ 234452.015625000931323, 8959000.5 ], [ 234452.015625000931323, 8959013.0 ], [ 234445.765624999068677, 8959019.25 ], [ 234439.515625001862645, 8959025.50000000372529 ], [ 234439.515625, 8959038.0 ], [ 234433.265625, 8959044.25 ], [ 234427.015625000931323, 8959050.5 ], [ 234427.015625000931323, 8959063.0 ], [ 234420.765625005587935, 8959069.25 ], [ 234414.515624999068677, 8959075.5 ], [ 234414.515624999068677, 8959100.5 ], [ 234408.265625, 8959106.75 ], [ 234402.015625, 8959113.0 ], [ 234408.265625, 8959119.250000001862645 ], [ 234414.515624999068677, 8959125.50000000372529 ], [ 234414.515624999068677, 8959138.0 ], [ 234420.765625000931323, 8959144.25 ], [ 234427.015625000931323, 8959150.500000001862645 ], [ 234433.265625, 8959156.75000000372529 ], [ 234439.515625, 8959163.0 ], [ 234445.765624999068677, 8959169.25 ], [ 234452.015624999068677, 8959175.5 ], [ 234458.265625002793968, 8959181.750000001862645 ], [ 234464.515625, 8959188.00000000372529 ], [ 234470.765625, 8959194.25 ], [ 234477.015625, 8959200.5 ], [ 234483.265625000931323, 8959206.75 ], [ 234495.765625000931323, 8959206.75 ], [ 234502.015625001862645, 8959213.0 ], [ 234508.265625, 8959219.25000000372529 ], [ 234520.765625000931323, 8959219.25000000372529 ], [ 234527.015625000931323, 8959225.5 ], [ 234533.265625, 8959231.75 ], [ 234539.515625001862645, 8959238.0 ], [ 234545.765625001862645, 8959244.25 ], [ 234552.015625000931323, 8959250.50000000372529 ], [ 234558.265625000931323, 8959256.75 ], [ 234570.765625001862645, 8959256.75 ], [ 234577.015624999068677, 8959263.0 ], [ 234583.265625000931323, 8959269.25 ], [ 234595.765625, 8959269.25 ], [ 234602.015625, 8959275.5 ], [ 234608.26562500372529, 8959281.750000001862645 ], [ 234614.515625000931323, 8959288.000000005587935 ], [ 234620.765625000931323, 8959294.25 ], [ 234633.265624998137355, 8959294.25 ], [ 234639.515624999068677, 8959300.5 ], [ 234645.765625000931323, 8959306.75 ], [ 234652.015625000931323, 8959313.000000001862645 ], [ 234658.265625, 8959319.25000000372529 ], [ 234670.765625001862645, 8959319.25000000372529 ], [ 234677.015624999068677, 8959325.5 ], [ 234683.265625002793968, 8959331.75 ], [ 234689.515625000931323, 8959338.0 ], [ 234695.765625, 8959344.250000001862645 ], [ 234702.015625001862645, 8959350.50000000372529 ], [ 234708.265625001862645, 8959356.75 ], [ 234714.515625000931323, 8959363.0 ], [ 234720.765625000931323, 8959369.25 ], [ 234727.015625004656613, 8959375.500000001862645 ], [ 234733.265625, 8959381.75000000372529 ], [ 234739.515625001862645, 8959388.0 ], [ 234745.765624999068677, 8959394.25 ], [ 234758.265625, 8959394.25 ], [ 234764.515625, 8959400.5 ], [ 234770.765625001862645, 8959406.750000001862645 ], [ 234795.765625, 8959406.750000001862645 ], [ 234802.015625001862645, 8959413.00000000372529 ], [ 234808.265624999068677, 8959419.25 ], [ 234814.515625000931323, 8959425.5 ], [ 234820.765625, 8959431.75 ], [ 234827.015625, 8959438.0 ], [ 234833.265625001862645, 8959444.25000000372529 ], [ 234839.515624999068677, 8959450.5 ], [ 234845.765625002793968, 8959456.75 ], [ 234852.015625, 8959463.0 ], [ 234858.265625, 8959469.25 ], [ 234864.515624997206032, 8959475.500000001862645 ], [ 234870.765625000931323, 8959481.75 ], [ 234877.015625000931323, 8959488.0 ], [ 234883.265625, 8959494.25 ], [ 234889.515625, 8959500.5 ], [ 234895.765625, 8959506.750000001862645 ], [ 234902.015625000931323, 8959513.00000000372529 ], [ 234908.265625002793968, 8959519.25 ], [ 234914.515625000931323, 8959525.5 ], [ 234920.765625, 8959531.75 ], [ 234927.015625001862645, 8959538.000000001862645 ], [ 234933.265625001862645, 8959544.25000000372529 ], [ 234939.515625002793968, 8959550.5 ], [ 234945.765625000931323, 8959556.75 ], [ 234952.015625, 8959563.0 ], [ 234958.265625, 8959569.250000001862645 ], [ 234964.515624999068677, 8959575.50000000372529 ], [ 234970.76562500372529, 8959581.75 ], [ 234977.015625000931323, 8959588.0 ], [ 234983.265625, 8959594.25 ], [ 234989.515625, 8959600.500000001862645 ], [ 234989.515625, 8959638.00000000372529 ], [ 234995.765625001862645, 8959644.25 ], [ 235002.015625000931323, 8959650.5 ], [ 235008.265625000931323, 8959656.75 ], [ 235014.515625, 8959663.0 ], [ 235020.765625001862645, 8959669.25000000372529 ], [ 235027.01562500372529, 8959675.5 ], [ 235033.265625000931323, 8959681.75 ], [ 235039.515625000931323, 8959688.0 ], [ 235045.765625, 8959694.25 ], [ 235052.015625, 8959700.500000001862645 ], [ 235058.265624999068677, 8959706.75 ], [ 235064.515625000931323, 8959713.0 ], [ 235070.765625000931323, 8959719.25 ], [ 235077.015625, 8959725.5 ], [ 235083.265625, 8959731.750000001862645 ], [ 235089.515625, 8959738.00000000372529 ], [ 235095.765624999068677, 8959744.25 ], [ 235102.015625000931323, 8959750.5 ], [ 235108.265625000931323, 8959756.75 ], [ 235114.515625, 8959763.000000001862645 ], [ 235114.515625001862645, 8959788.0 ], [ 235120.765625001862645, 8959794.250000001862645 ], [ 235127.015625005587935, 8959800.50000000372529 ], [ 235127.01562500372529, 8959863.00000000372529 ], [ 235133.265625000931323, 8959869.25 ], [ 235139.515625000931323, 8959875.5 ], [ 235139.515625000931323, 8959888.0 ], [ 235145.765625002793968, 8959894.250000001862645 ], [ 235152.015625, 8959900.5 ], [ 235152.015625, 8959913.0 ], [ 235158.265624999068677, 8959919.25 ], [ 235164.515625000931323, 8959925.500000001862645 ], [ 235164.515625000931323, 8959938.0 ], [ 235170.765625002793968, 8959944.25 ], [ 235177.015625, 8959950.5 ], [ 235183.265625, 8959956.750000001862645 ], [ 235189.515625005587935, 8959963.00000000372529 ], [ 235189.515625001862645, 8959975.5 ], [ 235195.765625000931323, 8959981.75 ], [ 235202.015625000931323, 8959988.000000001862645 ], [ 235208.265625004656613, 8959994.25000000372529 ], [ 235214.515625, 8960000.5 ], [ 235220.765625001862645, 8960006.75 ], [ 235227.015625000931323, 8960013.0 ], [ 235227.015625000931323, 8960063.0 ], [ 235233.265625000931323, 8960069.25 ], [ 235239.515625, 8960075.5 ], [ 235245.765625001862645, 8960081.75 ], [ 235252.015624999068677, 8960088.00000000372529 ], [ 235258.265625000931323, 8960094.25 ], [ 235264.515625000931323, 8960100.5 ], [ 235270.765625, 8960106.75 ], [ 235277.015625, 8960113.0 ], [ 235277.015625, 8960125.5 ], [ 235283.265624997206032, 8960131.75 ], [ 235289.515625000931323, 8960138.0 ], [ 235289.515625000931323, 8960150.500000001862645 ], [ 235295.765625000931323, 8960156.75000000372529 ], [ 235302.015625, 8960163.0 ], [ 235302.015625, 8960175.5 ], [ 235308.265625, 8960181.750000001862645 ], [ 235314.515625001862645, 8960188.00000000372529 ], [ 235320.765624999068677, 8960194.25 ], [ 235327.015624999068677, 8960200.5 ], [ 235333.265625000931323, 8960206.75 ], [ 235345.765625, 8960206.75 ], [ 235352.015625001862645, 8960213.000000001862645 ], [ 235358.265625002793968, 8960219.25000000372529 ], [ 235370.765625002793968, 8960219.25000000372529 ], [ 235377.015625, 8960225.5 ], [ 235383.26562500372529, 8960231.75 ], [ 235389.515625000931323, 8960238.0 ], [ 235389.515625005587935, 8960263.0 ], [ 235395.765625000931323, 8960269.25 ], [ 235402.015625, 8960275.5 ], [ 235408.265625, 8960281.75000000372529 ], [ 235414.51562500372529, 8960288.0 ], [ 235420.765624999068677, 8960294.25 ], [ 235427.015625000931323, 8960300.5 ], [ 235433.265625, 8960306.75 ], [ 235439.515625001862645, 8960313.000000001862645 ], [ 235445.765625001862645, 8960319.25 ], [ 235508.265625, 8960319.25 ], [ 235514.515625000931323, 8960325.5 ], [ 235520.765625002793968, 8960331.75 ], [ 235527.015625002793968, 8960338.0 ], [ 235533.265625, 8960344.250000001862645 ], [ 235539.515625, 8960350.500000005587935 ], [ 235545.765625001862645, 8960356.75 ], [ 235552.015625002793968, 8960363.0 ], [ 235558.265625000931323, 8960369.25 ], [ 235564.515625, 8960375.500000001862645 ], [ 235570.765625, 8960381.75000000372529 ], [ 235577.015625001862645, 8960388.0 ], [ 235583.265625002793968, 8960394.25 ], [ 235589.515625000931323, 8960400.5 ], [ 235595.765625, 8960406.750000001862645 ], [ 235602.015625001862645, 8960413.00000000372529 ], [ 235608.265625001862645, 8960419.25 ], [ 235614.515625000931323, 8960425.5 ], [ 235620.765625000931323, 8960431.75 ], [ 235627.015625, 8960438.000000001862645 ], [ 235633.265625, 8960444.25000000372529 ], [ 235645.765624999068677, 8960444.25000000372529 ], [ 235652.015625000931323, 8960450.5 ], [ 235652.015625000931323, 8960563.0 ], [ 235645.765625000931323, 8960569.250000001862645 ], [ 235639.515625001862645, 8960575.50000000372529 ], [ 235639.515624999068677, 8960650.5 ], [ 235645.765625000931323, 8960656.75 ], [ 235652.015625000931323, 8960663.000000001862645 ], [ 235658.265625, 8960669.25000000372529 ], [ 235664.515625, 8960675.5 ], [ 235664.515625001862645, 8960750.5 ], [ 235670.765625001862645, 8960756.75 ], [ 235677.015625000931323, 8960763.000000001862645 ], [ 235677.015624999068677, 8960788.0 ], [ 235683.265625000931323, 8960794.250000001862645 ], [ 235689.515625, 8960800.50000000372529 ], [ 235689.515625002793968, 8960813.0 ], [ 235695.765625, 8960819.25 ], [ 235702.015624999068677, 8960825.500000001862645 ], [ 235708.26562500372529, 8960831.75000000372529 ], [ 235714.515624999068677, 8960838.0 ], [ 235720.765625, 8960844.25 ], [ 235727.015625, 8960850.5 ], [ 235727.015624998137355, 8960863.00000000372529 ], [ 235733.265625, 8960869.25 ], [ 235739.515625000931323, 8960875.5 ], [ 235745.765625000931323, 8960881.75 ], [ 235752.015625000931323, 8960888.000000001862645 ], [ 235758.265625, 8960894.25000000372529 ], [ 235764.515625001862645, 8960900.5 ], [ 235770.765624999068677, 8960906.75 ], [ 235777.015624999068677, 8960913.0 ], [ 235783.265625000931323, 8960919.25 ], [ 235789.515625, 8960925.50000000372529 ], [ 235795.765625, 8960931.75 ], [ 235802.015625001862645, 8960938.0 ], [ 235808.265625000931323, 8960944.25 ], [ 235814.515625000931323, 8960950.5 ], [ 235820.765625, 8960956.750000001862645 ], [ 235827.015625, 8960963.0 ], [ 235833.265625001862645, 8960969.25 ], [ 235845.765625000931323, 8960969.25 ], [ 235852.015625, 8960975.5 ], [ 235858.265625, 8960981.75 ], [ 235883.265625, 8960981.75 ], [ 235889.515625, 8960988.000000001862645 ], [ 235889.515625001862645, 8961025.50000000372529 ], [ 235895.765624997206032, 8961031.75 ], [ 235902.015625005587935, 8961038.0 ], [ 235908.265625000931323, 8961044.25 ], [ 235914.515625, 8961050.500000001862645 ], [ 235920.765625001862645, 8961056.75000000372529 ], [ 235933.265625000931323, 8961056.75000000372529 ], [ 235939.515625000931323, 8961063.0 ], [ 235945.765625, 8961069.25 ], [ 235952.015625001862645, 8961075.5 ], [ 235958.265625, 8961081.750000001862645 ], [ 235970.765625000931323, 8961081.750000001862645 ], [ 235977.015625002793968, 8961088.00000000372529 ], [ 235983.265625, 8961094.25 ], [ 235989.515625, 8961088.00000000372529 ], [ 235995.765625001862645, 8961081.750000001862645 ], [ 236002.015625000931323, 8961088.00000000372529 ], [ 236002.015624999068677, 8961100.5 ], [ 236008.265625000931323, 8961106.75 ], [ 236014.515625, 8961113.000000001862645 ], [ 236020.765625, 8961119.25000000372529 ], [ 236033.265625005587935, 8961119.25000000372529 ], [ 236039.515625000931323, 8961125.5 ], [ 236045.765625, 8961131.75 ], [ 236052.015625, 8961138.0 ], [ 236058.265625001862645, 8961144.25 ], [ 236070.765625002793968, 8961144.25 ], [ 236077.015625, 8961150.50000000372529 ], [ 236077.015625, 8961163.0 ], [ 236083.265625, 8961169.25 ], [ 236089.515624999068677, 8961175.5 ], [ 236089.51562500372529, 8961188.000000005587935 ], [ 236095.765624999068677, 8961194.25 ], [ 236102.015625000931323, 8961200.5 ], [ 236108.265625004656613, 8961206.75 ], [ 236114.515625001862645, 8961213.000000001862645 ], [ 236120.765624999068677, 8961219.25000000372529 ], [ 236127.015625000931323, 8961225.5 ], [ 236133.265625000931323, 8961231.75 ], [ 236139.515625, 8961238.0 ], [ 236145.765625, 8961244.250000001862645 ], [ 236152.015625, 8961250.50000000372529 ], [ 236158.265625000931323, 8961256.75 ], [ 236164.515625000931323, 8961263.0 ], [ 236170.765625000931323, 8961269.25 ], [ 236177.015625, 8961275.500000001862645 ], [ 236183.265625001862645, 8961281.75000000372529 ], [ 236189.515625001862645, 8961288.0 ], [ 236195.765625000931323, 8961294.25 ], [ 236202.015625000931323, 8961300.5 ], [ 236208.265625004656613, 8961306.750000001862645 ], [ 236214.515625, 8961313.00000000372529 ], [ 236220.765625001862645, 8961319.25 ], [ 236227.015624999068677, 8961325.5 ], [ 236233.265625002793968, 8961331.75 ], [ 236239.515625, 8961338.0 ], [ 236245.765625, 8961344.25000000372529 ], [ 236258.265625005587935, 8961344.25000000372529 ], [ 236264.515625000931323, 8961350.5 ], [ 236270.765625, 8961356.75 ], [ 236277.015625, 8961363.0 ], [ 236283.265624999068677, 8961369.25 ], [ 236295.765624998137355, 8961369.25 ], [ 236302.015625, 8961375.500000001862645 ], [ 236308.265625, 8961381.75 ], [ 236320.765625000931323, 8961381.75 ], [ 236327.015624998137355, 8961388.0 ], [ 236333.265625, 8961394.25 ], [ 236339.515625, 8961400.5 ], [ 236345.765624999068677, 8961406.750000001862645 ], [ 236352.015625000931323, 8961413.00000000372529 ], [ 236358.265624999068677, 8961419.25 ], [ 236364.515625, 8961425.5 ], [ 236370.765625, 8961431.75 ], [ 236408.265625, 8961431.75 ], [ 236414.515625001862645, 8961438.000000001862645 ], [ 236420.765625000931323, 8961444.25000000372529 ], [ 236495.765625004656613, 8961444.25000000372529 ], [ 236502.015625, 8961450.5 ], [ 236508.265624999068677, 8961456.75 ], [ 236533.265625, 8961456.75 ], [ 236539.51562500372529, 8961450.5 ], [ 236545.765625000931323, 8961444.25000000372529 ], [ 236595.765625, 8961444.25000000372529 ], [ 236602.015625, 8961450.5 ], [ 236608.265625001862645, 8961456.75 ], [ 236620.765625000931323, 8961456.75 ], [ 236627.015625, 8961463.0 ], [ 236633.265625, 8961469.250000001862645 ], [ 236645.76562500372529, 8961469.250000001862645 ], [ 236652.015625000931323, 8961475.50000000372529 ], [ 236658.265625, 8961481.75 ], [ 236664.515625, 8961488.0 ], [ 236670.765625005587935, 8961494.25 ], [ 236683.265625000931323, 8961494.25 ], [ 236689.515625, 8961500.500000001862645 ], [ 236695.765625, 8961506.75000000372529 ], [ 236702.01562500372529, 8961513.0 ], [ 236708.265625000931323, 8961519.25 ], [ 236714.515625000931323, 8961525.5 ], [ 236720.765625, 8961531.750000001862645 ], [ 236727.015625001862645, 8961538.00000000372529 ], [ 236733.265624999068677, 8961544.25 ], [ 236739.515624999068677, 8961550.5 ], [ 236745.765625000931323, 8961556.75 ], [ 236752.015625, 8961563.0 ], [ 236758.265625, 8961569.25000000372529 ], [ 236764.515624999068677, 8961575.5 ], [ 236770.765625000931323, 8961581.75 ], [ 236777.015625002793968, 8961588.0 ], [ 236783.265625, 8961594.25 ], [ 236820.765625, 8961594.25 ], [ 236827.015625, 8961600.500000001862645 ], [ 236833.265624999068677, 8961606.75 ], [ 236839.515625002793968, 8961613.0 ], [ 236845.765624998137355, 8961619.25 ], [ 236870.765625000931323, 8961619.25 ], [ 236877.015625004656613, 8961613.0 ], [ 236883.265625004656613, 8961606.75 ], [ 236889.515625, 8961613.0 ], [ 236895.765625001862645, 8961619.25 ], [ 236908.265625000931323, 8961619.25 ], [ 236914.515625, 8961625.5 ], [ 236920.765625001862645, 8961631.750000001862645 ], [ 237008.265625002793968, 8961631.750000001862645 ], [ 237014.515625, 8961638.00000000372529 ], [ 237020.765625, 8961644.25 ], [ 237033.265625000931323, 8961644.25 ], [ 237039.515625000931323, 8961650.5 ], [ 237045.765625, 8961656.75 ], [ 237052.015625001862645, 8961663.000000001862645 ], [ 237058.265625001862645, 8961669.25000000372529 ], [ 237064.515625000931323, 8961675.5 ], [ 237070.765625000931323, 8961681.75 ], [ 237077.015625004656613, 8961688.0 ], [ 237083.265625001862645, 8961694.250000001862645 ], [ 237089.515625001862645, 8961700.50000000372529 ], [ 237095.765625000931323, 8961706.75 ], [ 237102.015625000931323, 8961700.50000000372529 ], [ 237108.265625, 8961694.250000001862645 ], [ 237158.265625000931323, 8961694.250000001862645 ], [ 237164.515625000931323, 8961688.0 ], [ 237170.765625, 8961681.75 ], [ 237177.015625, 8961688.0 ], [ 237183.265624999068677, 8961694.250000001862645 ], [ 237189.515625000931323, 8961700.50000000372529 ], [ 237189.51562500372529, 8961713.0 ], [ 237195.765625000931323, 8961719.25 ], [ 237202.015625, 8961725.500000001862645 ], [ 237208.265625, 8961731.75000000372529 ], [ 237214.515625, 8961738.0 ], [ 237220.765624999068677, 8961744.25 ], [ 237227.015625000931323, 8961750.5 ], [ 237233.265625000931323, 8961756.75 ], [ 237245.765625, 8961756.75 ], [ 237252.015625001862645, 8961763.00000000372529 ], [ 237252.015625001862645, 8961775.5 ], [ 237258.265625000931323, 8961781.75 ], [ 237264.515625002793968, 8961788.0 ], [ 237264.515625000931323, 8961800.5 ], [ 237270.765625, 8961806.75 ], [ 237277.015625, 8961813.0 ], [ 237283.26562500372529, 8961819.25 ], [ 237289.515625000931323, 8961825.500000001862645 ], [ 237289.515625000931323, 8961838.0 ], [ 237295.765625000931323, 8961844.25 ], [ 237302.015625, 8961850.5 ], [ 237308.265625, 8961856.750000001862645 ], [ 237333.265625, 8961856.750000001862645 ], [ 237339.515625, 8961863.00000000372529 ], [ 237333.265625, 8961869.25 ], [ 237327.015625000931323, 8961875.5 ], [ 237320.765625005587935, 8961881.75 ], [ 237314.515625001862645, 8961888.000000001862645 ], [ 237314.515625001862645, 8961975.5 ], [ 237320.765625000931323, 8961981.75 ], [ 237327.015625000931323, 8961988.00000000372529 ], [ 237333.265625, 8961994.25 ], [ 237339.515625, 8962000.5 ], [ 237345.765625001862645, 8962006.75 ], [ 237352.015625000931323, 8962013.0 ], [ 237358.265624998137355, 8962019.250000001862645 ], [ 237364.515625002793968, 8962025.5 ], [ 237370.765625, 8962031.75 ], [ 237377.015624999068677, 8962038.0 ], [ 237383.265625000931323, 8962044.25 ], [ 237389.515625000931323, 8962050.500000001862645 ], [ 237383.265625005587935, 8962056.75000000372529 ], [ 237377.015624999068677, 8962063.0 ], [ 237377.015624997206032, 8962100.5 ], [ 237383.265625005587935, 8962106.75 ], [ 237389.515625000931323, 8962113.000000001862645 ], [ 237389.515625000931323, 8962213.000000001862645 ], [ 237395.765625, 8962219.25 ], [ 237402.015625, 8962225.5 ], [ 237402.015625, 8962250.500000005587935 ], [ 237408.265625, 8962256.75 ], [ 237414.515625000931323, 8962263.0 ], [ 237414.515625000931323, 8962288.0 ], [ 237420.765625000931323, 8962294.25 ], [ 237427.015625, 8962300.5 ], [ 237427.015625, 8962313.00000000372529 ], [ 237433.265624998137355, 8962319.25 ], [ 237439.515625, 8962325.5 ], [ 237439.515625, 8962338.000000001862645 ], [ 237445.765625000931323, 8962344.25000000372529 ], [ 237452.015624999068677, 8962350.5 ], [ 237458.265625000931323, 8962356.75 ], [ 237464.515625, 8962363.0 ], [ 237464.515624998137355, 8962388.0 ], [ 237470.765625, 8962394.25 ], [ 237477.015625001862645, 8962400.5 ], [ 237477.015624999068677, 8962413.0 ], [ 237483.265624999068677, 8962419.25 ], [ 237489.515625002793968, 8962425.5 ], [ 237495.765625, 8962431.75 ], [ 237502.015625, 8962438.000000001862645 ], [ 237508.265624999068677, 8962444.25 ], [ 237514.515625000931323, 8962450.5 ], [ 237520.765625000931323, 8962456.75 ], [ 237527.015625, 8962463.0 ], [ 237533.265625, 8962469.250000001862645 ], [ 237545.765625000931323, 8962469.250000001862645 ], [ 237552.015625002793968, 8962475.50000000372529 ], [ 237558.265625004656613, 8962481.75 ], [ 237564.515625, 8962488.0 ], [ 237570.765625001862645, 8962494.25 ], [ 237577.015625000931323, 8962500.500000001862645 ], [ 237583.265625000931323, 8962506.75000000372529 ], [ 237589.515625, 8962513.0 ], [ 237595.765625001862645, 8962519.25 ], [ 237602.015624999068677, 8962525.5 ], [ 237608.265625000931323, 8962531.750000001862645 ], [ 237614.515624999068677, 8962538.00000000372529 ], [ 237620.765625, 8962544.25 ], [ 237627.015625, 8962550.5 ], [ 237633.265625, 8962556.75 ], [ 237645.765625000931323, 8962556.75 ], [ 237652.015625000931323, 8962563.000000001862645 ], [ 237658.265625, 8962569.25000000372529 ], [ 237664.515625, 8962575.5 ], [ 237670.765625001862645, 8962581.75 ], [ 237677.015625000931323, 8962588.0 ], [ 237683.265625000931323, 8962594.25 ], [ 237689.515625004656613, 8962600.50000000372529 ], [ 237695.765625, 8962606.75 ], [ 237720.765625, 8962606.75 ], [ 237727.015625, 8962613.0 ], [ 237733.26562500372529, 8962619.25 ], [ 237739.515625000931323, 8962625.5 ], [ 237745.765625000931323, 8962631.75000000372529 ], [ 237752.015625, 8962638.0 ], [ 237758.265625001862645, 8962644.25 ], [ 237764.515625001862645, 8962650.5 ], [ 237770.765625005587935, 8962656.75 ], [ 237777.015625000931323, 8962663.000000001862645 ], [ 237783.265625, 8962669.250000005587935 ], [ 237789.515625, 8962675.5 ], [ 237789.515625, 8962700.50000000372529 ], [ 237795.765624999068677, 8962706.75 ], [ 237802.015625000931323, 8962713.0 ], [ 237802.015625000931323, 8962750.5 ], [ 237808.265625000931323, 8962756.750000001862645 ], [ 237814.515625002793968, 8962763.00000000372529 ], [ 237814.515625, 8962788.000000001862645 ], [ 237820.765625001862645, 8962794.25000000372529 ], [ 237827.015624999068677, 8962800.5 ], [ 237827.015624999068677, 8962813.0 ], [ 237833.265624999068677, 8962819.25 ], [ 237839.515624999068677, 8962825.50000000372529 ], [ 237845.765625, 8962831.75 ], [ 237852.015625, 8962838.0 ], [ 237858.265625, 8962844.25 ], [ 237864.515624999068677, 8962850.5 ], [ 237870.765625002793968, 8962856.750000001862645 ], [ 237877.015625000931323, 8962863.0 ], [ 237883.265625, 8962869.25 ], [ 237889.515625, 8962875.5 ], [ 237889.515625, 8962888.000000001862645 ], [ 237895.765624999068677, 8962894.25000000372529 ], [ 237902.015625000931323, 8962900.5 ], [ 237902.015625000931323, 8962913.0 ], [ 237908.265625000931323, 8962919.250000001862645 ], [ 237914.515625, 8962925.50000000372529 ], [ 237920.765625, 8962931.75 ], [ 237927.015624999068677, 8962938.0 ], [ 237927.01562500372529, 8963000.5 ], [ 237933.265625000931323, 8963006.75 ], [ 237939.515625000931323, 8963013.000000001862645 ], [ 237945.765625, 8963019.25000000372529 ], [ 237952.015625001862645, 8963025.5 ], [ 237958.265624999068677, 8963031.75 ], [ 237964.515625000931323, 8963038.0 ], [ 237970.765625000931323, 8963044.25 ], [ 237977.015625, 8963050.50000000372529 ], [ 237983.265625001862645, 8963056.75 ], [ 237989.51562500372529, 8963063.0 ], [ 237995.76562500372529, 8963069.25 ], [ 238002.015625002793968, 8963075.5 ], [ 238008.265625, 8963081.750000001862645 ], [ 238014.515625, 8963088.0 ], [ 238020.765624999068677, 8963094.25 ], [ 238027.015624999068677, 8963100.5 ], [ 238033.265625000931323, 8963106.75 ], [ 238039.515625, 8963113.000000001862645 ], [ 238039.515625, 8963125.5 ], [ 238045.765625001862645, 8963131.75 ], [ 238052.015625, 8963138.0 ], [ 238058.265625000931323, 8963144.250000001862645 ], [ 238064.515625000931323, 8963150.50000000372529 ], [ 238070.765625000931323, 8963156.75 ], [ 238077.015625001862645, 8963163.0 ], [ 238083.265625, 8963169.25 ], [ 238089.515625001862645, 8963175.500000001862645 ], [ 238095.765625000931323, 8963181.75000000372529 ], [ 238102.015625000931323, 8963188.0 ], [ 238108.265625, 8963194.25 ], [ 238133.265625000931323, 8963194.25 ], [ 238139.515625, 8963200.5 ], [ 238145.765625, 8963206.750000001862645 ], [ 238152.015625001862645, 8963213.00000000372529 ], [ 238158.265624999068677, 8963219.25 ], [ 238170.765625, 8963219.25 ], [ 238177.015625001862645, 8963225.5 ], [ 238183.265624999068677, 8963231.75 ], [ 238189.515625005587935, 8963238.0 ], [ 238195.765625000931323, 8963244.25000000372529 ], [ 238202.015625, 8963250.5 ], [ 238208.265625, 8963256.75 ], [ 238214.515624999068677, 8963263.0 ], [ 238220.765625005587935, 8963269.25 ], [ 238227.015625000931323, 8963275.500000001862645 ], [ 238233.265625, 8963281.75 ], [ 238239.515625, 8963288.0 ], [ 238245.765624999068677, 8963294.25 ], [ 238252.015625000931323, 8963300.5 ], [ 238258.265625000931323, 8963306.750000001862645 ], [ 238283.265625000931323, 8963306.750000001862645 ], [ 238289.515625000931323, 8963313.00000000372529 ], [ 238295.765625002793968, 8963319.25 ], [ 238302.015625001862645, 8963325.5 ], [ 238308.265625, 8963331.75 ], [ 238314.515625005587935, 8963338.000000001862645 ], [ 238320.765625000931323, 8963344.25000000372529 ], [ 238408.26562500372529, 8963344.25000000372529 ], [ 238414.51562500372529, 8963350.5 ], [ 238420.765625000931323, 8963356.75 ], [ 238458.265625, 8963356.75 ], [ 238464.515625, 8963363.0 ], [ 238470.765625, 8963369.250000001862645 ], [ 238483.265625000931323, 8963369.250000001862645 ], [ 238489.515625000931323, 8963375.50000000372529 ], [ 238489.515625004656613, 8963388.0 ], [ 238495.765625001862645, 8963394.25 ], [ 238502.015625, 8963400.500000001862645 ], [ 238508.265625001862645, 8963406.75000000372529 ], [ 238514.515625000931323, 8963400.500000001862645 ], [ 238520.765625000931323, 8963394.25 ], [ 238527.015625, 8963400.500000001862645 ], [ 238533.265625, 8963406.75000000372529 ], [ 238570.76562500372529, 8963406.75000000372529 ], [ 238577.015625000931323, 8963413.0 ], [ 238583.265625002793968, 8963419.25 ], [ 238589.515625, 8963413.0 ], [ 238595.765625, 8963406.75000000372529 ], [ 238602.01562500372529, 8963400.500000001862645 ], [ 238608.265625000931323, 8963394.25 ], [ 238620.765625, 8963394.25 ], [ 238627.015625, 8963400.500000001862645 ], [ 238633.265624999068677, 8963406.75000000372529 ], [ 238733.265625001862645, 8963406.75000000372529 ], [ 238739.515625000931323, 8963400.500000001862645 ], [ 238745.765625000931323, 8963394.25 ], [ 238752.015625, 8963388.0 ], [ 238758.265625, 8963381.75 ], [ 238783.265625, 8963381.75 ], [ 238789.515625, 8963375.50000000372529 ], [ 238795.765625001862645, 8963369.250000001862645 ], [ 238808.265625000931323, 8963369.250000001862645 ], [ 238814.515625, 8963375.50000000372529 ], [ 238820.765625, 8963381.75 ], [ 238827.015625001862645, 8963388.0 ], [ 238833.265624999068677, 8963394.25 ], [ 238858.265624999068677, 8963394.25 ], [ 238864.515625000931323, 8963400.500000001862645 ], [ 238870.765624999068677, 8963406.75000000372529 ], [ 238958.26562500372529, 8963406.75000000372529 ], [ 238964.515625000931323, 8963413.0 ], [ 238970.765625000931323, 8963419.25 ], [ 238977.015625, 8963413.0 ], [ 238983.265625, 8963406.75000000372529 ], [ 239008.265625, 8963406.75000000372529 ], [ 239014.515625, 8963413.0 ], [ 239020.76562500372529, 8963419.25 ], [ 239070.765625, 8963419.25 ], [ 239077.015625, 8963425.5 ], [ 239083.265624999068677, 8963431.750000001862645 ], [ 239133.265625000931323, 8963431.750000001862645 ], [ 239139.515625, 8963438.00000000372529 ], [ 239145.765625, 8963444.25 ], [ 239170.765625004656613, 8963444.25 ], [ 239177.015625001862645, 8963450.5 ], [ 239183.265624999068677, 8963456.75 ], [ 239189.515625005587935, 8963463.0 ], [ 239195.765625000931323, 8963469.25000000372529 ], [ 239202.015625, 8963475.5 ], [ 239208.265625, 8963481.75 ], [ 239214.515625001862645, 8963488.0 ], [ 239220.76562500372529, 8963494.25 ], [ 239227.015625000931323, 8963500.500000001862645 ], [ 239233.265625, 8963506.75 ], [ 239258.265625000931323, 8963506.75 ], [ 239264.515625, 8963513.0 ], [ 239270.765625, 8963519.25 ], [ 239308.265624999068677, 8963519.25 ], [ 239314.515625000931323, 8963525.5 ], [ 239320.765625000931323, 8963531.750000001862645 ], [ 239327.015624998137355, 8963538.00000000372529 ], [ 239333.265625, 8963544.25 ], [ 239339.515625, 8963550.5 ], [ 239345.765625000931323, 8963556.75 ], [ 239352.015625002793968, 8963563.000000001862645 ], [ 239358.265625000931323, 8963569.25000000372529 ], [ 239470.765625001862645, 8963569.25000000372529 ], [ 239477.015625000931323, 8963575.5 ], [ 239483.265625000931323, 8963581.75 ], [ 239495.765624998137355, 8963581.75 ], [ 239502.015624999068677, 8963588.0 ], [ 239508.265624999068677, 8963594.250000001862645 ], [ 239520.765625, 8963594.250000001862645 ], [ 239527.015625001862645, 8963600.50000000372529 ], [ 239533.265625, 8963606.75 ], [ 239545.765625002793968, 8963606.75 ], [ 239552.015625002793968, 8963613.0 ], [ 239558.265625, 8963619.25 ], [ 239570.765625001862645, 8963619.25 ], [ 239577.015624999068677, 8963625.500000001862645 ], [ 239583.265625002793968, 8963631.75000000372529 ], [ 239589.515625, 8963625.500000001862645 ], [ 239589.515625, 8963613.0 ], [ 239595.765625001862645, 8963606.75 ], [ 239602.015625001862645, 8963600.50000000372529 ], [ 239602.015625001862645, 8963588.0 ], [ 239608.265625000931323, 8963581.75 ], [ 239614.515625000931323, 8963575.5 ], [ 239620.765625, 8963569.25000000372529 ], [ 239627.015625001862645, 8963563.000000001862645 ], [ 239633.265625001862645, 8963556.75 ], [ 239639.515625000931323, 8963550.5 ], [ 239639.515625007450581, 8963463.0 ], [ 239645.765625000931323, 8963456.75 ], [ 239652.015625004656613, 8963450.5 ], [ 239652.015625, 8963438.00000000372529 ], [ 239658.265625001862645, 8963431.750000001862645 ], [ 239664.515625001862645, 8963425.5 ], [ 239664.515625001862645, 8963238.0 ], [ 239670.765624999068677, 8963231.75 ], [ 239677.015624998137355, 8963225.5 ], [ 239677.015625000931323, 8963213.00000000372529 ], [ 239683.265625002793968, 8963206.750000001862645 ], [ 239689.515625, 8963200.5 ], [ 239689.515625, 8963188.0 ], [ 239695.765624999068677, 8963181.75000000372529 ], [ 239702.015625000931323, 8963175.500000001862645 ], [ 239702.015625005587935, 8963163.0 ], [ 239708.265625000931323, 8963156.75 ], [ 239714.515625, 8963150.50000000372529 ], [ 239714.515625, 8963088.0 ], [ 239720.765625001862645, 8963081.750000001862645 ], [ 239733.265625000931323, 8963081.750000001862645 ], [ 239739.515625002793968, 8963075.5 ], [ 239739.515624999068677, 8963063.0 ], [ 239745.765625, 8963056.75 ], [ 239752.015625004656613, 8963050.50000000372529 ], [ 239752.015625001862645, 8963038.0 ], [ 239745.765625, 8963031.75 ], [ 239739.515625000931323, 8963025.5 ], [ 239739.515624999068677, 8963013.000000001862645 ], [ 239745.765625, 8963006.75 ], [ 239752.015624998137355, 8963000.5 ], [ 239758.265625, 8962994.25 ], [ 239764.515625000931323, 8962988.00000000372529 ], [ 239770.765624999068677, 8962981.750000001862645 ], [ 239777.015625002793968, 8962975.5 ], [ 239777.015625000931323, 8962963.0 ], [ 239783.265625, 8962956.75000000372529 ], [ 239789.515625, 8962950.500000001862645 ], [ 239789.515625, 8962938.0 ], [ 239795.76562500372529, 8962931.75 ], [ 239802.015624999068677, 8962925.50000000372529 ], [ 239808.265625000931323, 8962919.250000001862645 ], [ 239814.515625, 8962913.0 ], [ 239820.765625, 8962906.75 ], [ 239827.015625001862645, 8962900.5 ], [ 239833.265625000931323, 8962894.25000000372529 ], [ 239839.515625000931323, 8962888.000000001862645 ], [ 239845.765625, 8962881.75 ], [ 239852.015625, 8962875.5 ], [ 239858.265625001862645, 8962869.25 ], [ 239864.515624999068677, 8962863.0 ], [ 239870.765625000931323, 8962856.750000001862645 ], [ 239877.015625, 8962850.5 ], [ 239883.265625, 8962844.25 ], [ 239889.515625001862645, 8962838.0 ], [ 239889.515625001862645, 8962825.50000000372529 ], [ 239895.765625000931323, 8962819.25 ], [ 239958.26562500372529, 8962819.25 ], [ 239964.515625002793968, 8962813.0 ], [ 239970.765625000931323, 8962806.75 ], [ 239983.265625001862645, 8962806.75 ], [ 239989.51562500372529, 8962800.5 ], [ 239995.765625000931323, 8962794.25000000372529 ], [ 240002.015625000931323, 8962788.000000001862645 ], [ 240002.015625000931323, 8962775.5 ], [ 240008.265625004656613, 8962769.25 ], [ 240014.515625001862645, 8962763.00000000372529 ], [ 240020.765625001862645, 8962756.750000001862645 ], [ 240027.015625000931323, 8962750.5 ], [ 240033.265625000931323, 8962744.25 ], [ 240045.765625, 8962744.25 ], [ 240052.01562500372529, 8962738.0 ], [ 240058.265625000931323, 8962731.75000000372529 ], [ 240064.515625000931323, 8962725.500000001862645 ], [ 240070.765625002793968, 8962719.25 ], [ 240077.015625, 8962713.0 ], [ 240083.265625001862645, 8962706.75 ], [ 240183.265625000931323, 8962706.75 ], [ 240189.515625000931323, 8962700.50000000372529 ], [ 240189.515625000931323, 8962688.0 ], [ 240195.765625000931323, 8962681.75 ], [ 240202.015625, 8962675.5 ], [ 240208.265625, 8962669.250000005587935 ], [ 240214.51562500372529, 8962663.000000001862645 ], [ 240220.765624999068677, 8962656.75 ], [ 240227.015625000931323, 8962650.5 ], [ 240227.015625000931323, 8962638.0 ], [ 240233.265625004656613, 8962631.75000000372529 ], [ 240239.515625, 8962625.5 ], [ 240245.765625001862645, 8962619.25 ], [ 240252.015625000931323, 8962625.5 ], [ 240252.01562500372529, 8962638.0 ], [ 240258.265625000931323, 8962644.25 ], [ 240283.265625000931323, 8962644.25 ], [ 240289.515625002793968, 8962638.0 ], [ 240295.765625, 8962631.75000000372529 ], [ 240302.015625, 8962625.5 ], [ 240308.265624999068677, 8962619.25 ], [ 240320.765625000931323, 8962619.25 ], [ 240327.015625, 8962613.0 ], [ 240333.265625, 8962606.75 ], [ 240339.515624999068677, 8962600.50000000372529 ], [ 240345.765625000931323, 8962594.25 ], [ 240352.015625000931323, 8962588.0 ], [ 240358.265625, 8962581.75 ], [ 240370.765625, 8962581.75 ], [ 240377.015624999068677, 8962575.5 ], [ 240383.265625000931323, 8962569.25000000372529 ], [ 240389.515625002793968, 8962563.000000001862645 ], [ 240395.765625004656613, 8962556.75 ], [ 240420.765625000931323, 8962556.75 ], [ 240427.015625, 8962550.5 ], [ 240433.265625, 8962544.25 ], [ 240439.515625001862645, 8962538.00000000372529 ], [ 240445.765625002793968, 8962531.750000001862645 ], [ 240452.015625004656613, 8962525.5 ], [ 240458.265625, 8962519.25 ], [ 240464.51562500372529, 8962513.0 ], [ 240470.76562500372529, 8962506.75000000372529 ], [ 240495.765625, 8962506.75000000372529 ], [ 240502.015624999068677, 8962500.500000001862645 ], [ 240508.265625000931323, 8962494.25 ], [ 240520.765625, 8962494.25 ], [ 240527.015625, 8962488.0 ], [ 240533.265624999068677, 8962481.75 ], [ 240539.515625005587935, 8962475.50000000372529 ], [ 240545.765625000931323, 8962469.250000001862645 ], [ 240552.015625, 8962463.0 ], [ 240558.265625, 8962456.75 ], [ 240564.515624999068677, 8962450.5 ], [ 240570.765625000931323, 8962444.25 ], [ 240577.015625000931323, 8962438.000000001862645 ], [ 240583.265625, 8962431.75 ], [ 240589.515625006519258, 8962425.5 ], [ 240595.765625, 8962419.25 ], [ 240602.01562500372529, 8962413.0 ], [ 240608.265625000931323, 8962406.75000000372529 ], [ 240614.515625000931323, 8962400.5 ], [ 240620.765624998137355, 8962394.25 ], [ 240627.015625, 8962388.0 ], [ 240633.265625001862645, 8962381.75 ], [ 240658.265625001862645, 8962381.75 ], [ 240664.51562500372529, 8962375.50000000372529 ], [ 240670.765625000931323, 8962369.250000001862645 ], [ 240677.015625002793968, 8962363.0 ], [ 240683.265625, 8962356.75 ], [ 240689.515625, 8962350.5 ], [ 240695.765625001862645, 8962344.25000000372529 ], [ 240702.015624999068677, 8962338.000000001862645 ], [ 240708.265625000931323, 8962331.75 ], [ 240714.515625, 8962325.5 ], [ 240720.765625, 8962319.25 ], [ 240727.015625001862645, 8962313.00000000372529 ], [ 240727.015625001862645, 8962300.5 ], [ 240733.265625000931323, 8962294.25 ], [ 240739.515625000931323, 8962288.0 ], [ 240739.515625000931323, 8962275.500000001862645 ], [ 240745.765624998137355, 8962269.25 ], [ 240752.015625004656613, 8962263.0 ], [ 240758.265624999068677, 8962256.75 ], [ 240764.515625000931323, 8962250.500000005587935 ], [ 240770.765625000931323, 8962244.250000001862645 ], [ 240777.015625, 8962238.0 ], [ 240783.265625, 8962231.75 ], [ 240789.515625001862645, 8962225.5 ], [ 240789.515625, 8962213.000000001862645 ], [ 240795.765625000931323, 8962206.75 ], [ 240802.015624999068677, 8962200.5 ], [ 240808.265625, 8962194.25 ], [ 240814.515625001862645, 8962188.0 ], [ 240814.515625001862645, 8962175.5 ], [ 240820.765625, 8962169.25 ], [ 240827.015625000931323, 8962163.0 ], [ 240833.265625000931323, 8962156.75 ], [ 240839.515625000931323, 8962150.50000000372529 ], [ 240845.765625, 8962144.250000001862645 ], [ 240852.015625, 8962138.0 ], [ 240858.265625001862645, 8962131.75 ], [ 240864.515625000931323, 8962125.5 ], [ 240870.765625000931323, 8962119.25000000372529 ], [ 240877.015625, 8962113.000000001862645 ], [ 240883.265625, 8962106.75 ], [ 240889.515625001862645, 8962100.5 ], [ 240895.765625000931323, 8962094.25 ], [ 240902.015625000931323, 8962088.00000000372529 ], [ 240908.265625, 8962081.750000001862645 ], [ 240914.515625, 8962075.5 ], [ 240920.765625001862645, 8962069.25 ], [ 240933.265625000931323, 8962069.25 ], [ 240939.515625, 8962063.0 ], [ 240945.765625001862645, 8962056.75000000372529 ], [ 240952.015624999068677, 8962050.500000001862645 ], [ 240958.265625000931323, 8962044.25 ], [ 240964.515625000931323, 8962038.0 ], [ 240970.765625, 8962031.75 ], [ 240977.015625001862645, 8962025.5 ], [ 240983.265624999068677, 8962019.250000001862645 ], [ 240989.515625000931323, 8962013.0 ], [ 240995.765624999068677, 8962006.75 ], [ 241002.015625, 8962000.5 ], [ 241008.265625, 8961994.25 ], [ 241014.515625, 8961988.00000000372529 ], [ 241020.765625000931323, 8961981.75 ], [ 241027.015625002793968, 8961975.5 ], [ 241033.265625000931323, 8961969.25 ], [ 241039.515625001862645, 8961963.0 ], [ 241045.765625, 8961956.75000000372529 ], [ 241070.765625, 8961956.75000000372529 ], [ 241077.015625, 8961950.500000001862645 ], [ 241083.26562500372529, 8961944.25 ], [ 241089.515624999068677, 8961938.0 ], [ 241095.765625000931323, 8961931.75 ], [ 241102.015625, 8961925.50000000372529 ], [ 241108.265625001862645, 8961919.250000001862645 ], [ 241114.515625001862645, 8961913.0 ], [ 241120.765625000931323, 8961906.75 ], [ 241127.015625002793968, 8961900.5 ], [ 241133.265625, 8961894.25000000372529 ], [ 241139.515625, 8961888.000000001862645 ], [ 241145.765625001862645, 8961881.75 ], [ 241152.015625000931323, 8961875.5 ], [ 241152.015625000931323, 8961838.0 ], [ 241158.265625000931323, 8961831.75000000372529 ], [ 241164.515625, 8961825.500000001862645 ], [ 241170.765625, 8961819.25 ], [ 241177.015624999068677, 8961813.0 ], [ 241177.015624999068677, 8961788.0 ], [ 241183.265625005587935, 8961781.75 ], [ 241189.515624998137355, 8961775.5 ], [ 241195.765625, 8961769.25 ], [ 241202.015625, 8961763.00000000372529 ], [ 241208.265624999068677, 8961756.75 ], [ 241214.515624999068677, 8961750.5 ], [ 241220.765625002793968, 8961744.25 ], [ 241227.015624998137355, 8961738.0 ], [ 241233.265625001862645, 8961731.75000000372529 ], [ 241239.515625, 8961725.500000001862645 ], [ 241245.765625000931323, 8961719.25 ], [ 241252.015625000931323, 8961713.0 ], [ 241252.015625002793968, 8961688.0 ], [ 241258.265625000931323, 8961681.75 ], [ 241264.515625001862645, 8961675.5 ], [ 241270.765625, 8961669.25000000372529 ], [ 241277.01562500372529, 8961663.000000001862645 ], [ 241283.265625000931323, 8961656.75 ], [ 241295.765625, 8961656.75 ], [ 241302.015625, 8961650.5 ], [ 241308.26562500372529, 8961644.25 ], [ 241314.515624999068677, 8961638.00000000372529 ], [ 241320.765624998137355, 8961631.750000001862645 ], [ 241327.015625004656613, 8961625.5 ], [ 241333.265625, 8961619.25 ], [ 241339.515625001862645, 8961613.0 ], [ 241345.76562500372529, 8961606.75 ], [ 241370.765624999068677, 8961606.75 ], [ 241377.015625005587935, 8961600.500000001862645 ], [ 241383.265625000931323, 8961594.25 ], [ 241408.265624999068677, 8961594.25 ], [ 241414.515624999068677, 8961588.0 ], [ 241420.765625, 8961581.75 ], [ 241520.765625, 8961581.75 ], [ 241527.015625, 8961575.5 ], [ 241533.26562500372529, 8961569.25000000372529 ], [ 241545.765625000931323, 8961569.25000000372529 ], [ 241552.015625, 8961563.0 ], [ 241558.265624997206032, 8961556.75 ], [ 241564.515624999068677, 8961550.5 ], [ 241570.765625000931323, 8961544.25 ], [ 241577.015625000931323, 8961538.00000000372529 ], [ 241583.265625002793968, 8961531.750000001862645 ], [ 241608.265625002793968, 8961531.750000001862645 ], [ 241614.515625, 8961525.5 ], [ 241620.765625, 8961519.25 ], [ 241645.765625, 8961519.25 ], [ 241652.015625, 8961513.0 ], [ 241658.265625, 8961506.75000000372529 ], [ 241664.515624999068677, 8961500.500000001862645 ], [ 241670.765625002793968, 8961494.25 ], [ 241677.015625000931323, 8961488.0 ], [ 241683.265625, 8961481.75 ], [ 241689.515625, 8961475.50000000372529 ], [ 241695.765625001862645, 8961469.250000001862645 ], [ 241702.015625000931323, 8961463.0 ], [ 241708.265625000931323, 8961456.75 ], [ 241714.515625, 8961450.5 ], [ 241720.765625, 8961444.25000000372529 ], [ 241727.015625001862645, 8961438.000000001862645 ], [ 241720.765625, 8961431.75 ], [ 241714.515625, 8961425.5 ], [ 241714.515625, 8961400.5 ], [ 241720.765625, 8961394.25 ], [ 241727.015624999068677, 8961388.0 ], [ 241727.015625001862645, 8961363.0 ], [ 241733.265624999068677, 8961356.75 ], [ 241739.515625002793968, 8961350.5 ], [ 241745.765625, 8961344.25000000372529 ], [ 241752.015625001862645, 8961338.0 ], [ 241758.265625001862645, 8961331.75 ], [ 241764.515625000931323, 8961325.5 ], [ 241764.515625000931323, 8961313.00000000372529 ], [ 241770.765625000931323, 8961306.750000001862645 ], [ 241777.015625, 8961300.5 ], [ 241783.265625, 8961294.25 ], [ 241789.515625001862645, 8961288.0 ], [ 241789.51562500372529, 8961275.500000001862645 ], [ 241795.765624999068677, 8961269.25 ], [ 241808.265625, 8961269.25 ], [ 241814.515625, 8961263.0 ], [ 241820.765624999068677, 8961256.75 ], [ 241858.265625000931323, 8961256.75 ], [ 241864.515625000931323, 8961263.0 ], [ 241870.765625000931323, 8961269.25 ], [ 241877.015625, 8961263.0 ], [ 241883.265625, 8961256.75 ], [ 241895.765625000931323, 8961256.75 ], [ 241902.015625000931323, 8961250.50000000372529 ], [ 241908.265625, 8961244.250000001862645 ], [ 241983.265624999068677, 8961244.250000001862645 ], [ 241989.515625000931323, 8961250.50000000372529 ], [ 241995.765625002793968, 8961256.75 ], [ 242008.265625, 8961256.75 ], [ 242014.515624999068677, 8961263.0 ], [ 242020.765625000931323, 8961269.25 ], [ 242033.265625002793968, 8961269.25 ], [ 242039.515625, 8961275.500000001862645 ], [ 242045.765624999068677, 8961281.75000000372529 ], [ 242058.265624999068677, 8961281.75000000372529 ], [ 242064.515625, 8961288.0 ], [ 242070.765625001862645, 8961294.25 ], [ 242077.015625, 8961300.5 ], [ 242083.265625000931323, 8961306.750000001862645 ], [ 242089.515625000931323, 8961313.00000000372529 ], [ 242095.765625000931323, 8961319.25 ], [ 242102.015625, 8961325.5 ], [ 242108.265625001862645, 8961331.75 ], [ 242114.51562500372529, 8961338.0 ], [ 242120.765625000931323, 8961344.25000000372529 ], [ 242127.015625000931323, 8961350.5 ], [ 242133.265625004656613, 8961356.75 ], [ 242139.515625, 8961363.0 ], [ 242145.765625001862645, 8961369.25 ], [ 242152.015625005587935, 8961375.500000001862645 ], [ 242158.265625000931323, 8961381.75 ], [ 242164.515625, 8961388.0 ], [ 242170.765625, 8961394.25 ], [ 242177.015625001862645, 8961400.5 ], [ 242183.265625000931323, 8961406.750000001862645 ], [ 242189.515625000931323, 8961413.00000000372529 ], [ 242195.765624998137355, 8961419.25 ], [ 242202.015625, 8961425.5 ], [ 242208.265625001862645, 8961431.75 ], [ 242214.51562500372529, 8961438.000000001862645 ], [ 242220.765625000931323, 8961444.25000000372529 ], [ 242227.015624998137355, 8961450.5 ], [ 242233.265625, 8961456.75 ], [ 242239.515624999068677, 8961463.0 ], [ 242245.765624999068677, 8961469.250000001862645 ], [ 242252.015625000931323, 8961475.50000000372529 ], [ 242258.265625002793968, 8961481.75 ], [ 242264.515625001862645, 8961488.0 ], [ 242270.765625, 8961494.25 ], [ 242283.265625000931323, 8961494.25 ], [ 242289.515625002793968, 8961500.500000001862645 ], [ 242295.765625, 8961506.75000000372529 ], [ 242333.265625, 8961506.75000000372529 ], [ 242339.515625001862645, 8961513.0 ], [ 242345.765625002793968, 8961519.25 ], [ 242352.015625002793968, 8961525.5 ], [ 242358.265625, 8961531.750000001862645 ], [ 242364.515625, 8961538.00000000372529 ], [ 242370.765625001862645, 8961544.25 ], [ 242395.765625, 8961544.25 ], [ 242402.015625001862645, 8961550.5 ], [ 242408.265625000931323, 8961556.75 ], [ 242433.265625001862645, 8961556.75 ], [ 242439.515624999068677, 8961563.0 ], [ 242445.765625000931323, 8961569.25000000372529 ], [ 242458.265625, 8961569.25000000372529 ], [ 242464.515624999068677, 8961575.5 ], [ 242470.765624999068677, 8961581.75 ], [ 242477.015624999068677, 8961588.0 ], [ 242483.265625, 8961594.25 ], [ 242520.765625001862645, 8961594.25 ], [ 242527.015625, 8961600.500000001862645 ], [ 242533.265625001862645, 8961606.75 ], [ 242539.515625000931323, 8961613.0 ], [ 242545.765625000931323, 8961619.25 ], [ 242558.265625001862645, 8961619.25 ], [ 242564.515625001862645, 8961625.5 ], [ 242570.765624999068677, 8961631.750000001862645 ], [ 242577.015625000931323, 8961638.00000000372529 ], [ 242583.265625, 8961644.25 ], [ 242608.265625000931323, 8961644.25 ], [ 242614.515625, 8961650.5 ], [ 242620.765625, 8961656.75 ], [ 242670.765624999068677, 8961656.75 ], [ 242677.015625, 8961663.000000001862645 ], [ 242683.265625, 8961669.25000000372529 ], [ 242758.265625001862645, 8961669.25000000372529 ], [ 242764.515624999068677, 8961675.5 ], [ 242770.765625000931323, 8961681.75 ], [ 242820.765625001862645, 8961681.75 ], [ 242827.015625005587935, 8961688.0 ], [ 242833.265625000931323, 8961694.250000001862645 ], [ 242845.765625001862645, 8961694.250000001862645 ], [ 242852.015625001862645, 8961688.0 ], [ 242858.26562500372529, 8961681.75 ], [ 242870.765625, 8961681.75 ], [ 242877.015625, 8961675.5 ], [ 242883.265624997206032, 8961669.25000000372529 ], [ 242908.265625, 8961669.25000000372529 ], [ 242914.515625, 8961675.5 ], [ 242920.765624999068677, 8961681.75 ], [ 242933.265625000931323, 8961681.75 ], [ 242939.515625001862645, 8961688.0 ], [ 242945.765625, 8961694.250000001862645 ], [ 242958.265625000931323, 8961694.250000001862645 ], [ 242964.515625000931323, 8961700.50000000372529 ], [ 242970.765625, 8961706.75 ], [ 242977.015625, 8961713.0 ], [ 242983.265625001862645, 8961719.25 ], [ 243008.265625, 8961719.25 ], [ 243014.515625001862645, 8961725.500000001862645 ], [ 243020.765625005587935, 8961731.75000000372529 ], [ 243033.265625004656613, 8961731.75000000372529 ], [ 243039.515625, 8961738.0 ], [ 243045.765624999068677, 8961744.25 ], [ 243070.765625, 8961744.25 ], [ 243077.015625001862645, 8961750.5 ], [ 243083.26562500372529, 8961756.75 ], [ 243095.765625, 8961756.75 ], [ 243102.015625, 8961763.00000000372529 ], [ 243108.265625001862645, 8961769.25 ], [ 243145.765625000931323, 8961769.25 ], [ 243152.015625000931323, 8961775.5 ], [ 243158.265625002793968, 8961781.75 ], [ 243220.765625000931323, 8961781.75 ], [ 243227.015625, 8961788.0 ], [ 243233.265625, 8961794.250000001862645 ], [ 243239.515625001862645, 8961800.5 ], [ 243245.765625000931323, 8961806.75 ], [ 243252.015625000931323, 8961813.0 ], [ 243258.265625, 8961819.25 ], [ 243264.515625, 8961825.500000001862645 ], [ 243270.765625001862645, 8961831.75000000372529 ], [ 243277.015625005587935, 8961838.0 ], [ 243283.265625000931323, 8961844.25 ], [ 243289.515625004656613, 8961850.5 ], [ 243295.765625, 8961856.750000001862645 ], [ 243302.01562500372529, 8961863.00000000372529 ], [ 243308.265624999068677, 8961869.25 ], [ 243395.765625, 8961869.25 ], [ 243402.015625001862645, 8961875.5 ], [ 243408.265625000931323, 8961881.75 ], [ 243495.765624999068677, 8961881.75 ], [ 243502.015625005587935, 8961888.000000001862645 ], [ 243508.265625000931323, 8961894.25000000372529 ], [ 243514.515625, 8961900.5 ], [ 243520.765625, 8961906.75 ], [ 243570.765625000931323, 8961906.75 ], [ 243577.015625000931323, 8961913.0 ], [ 243583.265625001862645, 8961919.250000001862645 ], [ 243589.515625, 8961925.50000000372529 ], [ 243595.765624999068677, 8961931.75 ], [ 243602.015625000931323, 8961938.0 ], [ 243608.265625000931323, 8961944.25 ], [ 243614.515625, 8961950.500000001862645 ], [ 243620.765625001862645, 8961956.75000000372529 ], [ 243627.015625001862645, 8961963.0 ], [ 243633.265624999068677, 8961969.25 ], [ 243645.765625, 8961969.25 ], [ 243652.015625, 8961975.5 ], [ 243658.265625001862645, 8961981.75 ], [ 243670.765625000931323, 8961981.75 ], [ 243677.015625004656613, 8961988.00000000372529 ], [ 243683.265625, 8961994.25 ], [ 243689.515624999068677, 8962000.5 ], [ 243695.765625000931323, 8962006.75 ], [ 243702.015625000931323, 8962013.0 ], [ 243708.265625, 8962019.250000001862645 ], [ 243720.765624997206032, 8962019.250000001862645 ], [ 243727.015625000931323, 8962025.5 ], [ 243733.265625002793968, 8962031.75 ], [ 243858.265625000931323, 8962031.75 ], [ 243864.515625000931323, 8962038.0 ], [ 243870.765625004656613, 8962044.25 ], [ 243895.765625002793968, 8962044.25 ], [ 243902.015625, 8962050.500000001862645 ], [ 243908.265625, 8962056.75000000372529 ], [ 243914.515625001862645, 8962063.0 ], [ 243920.765625000931323, 8962069.25 ], [ 243927.01562499627471, 8962075.5 ], [ 243933.265625, 8962081.750000001862645 ], [ 243939.515625001862645, 8962088.00000000372529 ], [ 243945.765624999068677, 8962094.25 ], [ 243952.015625000931323, 8962100.5 ], [ 243958.265625000931323, 8962106.75 ], [ 243964.515625, 8962113.000000001862645 ], [ 243970.765625001862645, 8962119.25000000372529 ], [ 243977.015625, 8962125.5 ], [ 243983.265625000931323, 8962131.75 ], [ 243995.765625000931323, 8962131.75 ], [ 244002.015625, 8962138.0 ], [ 244008.265625001862645, 8962144.250000001862645 ], [ 244020.765625000931323, 8962144.250000001862645 ], [ 244027.015625000931323, 8962138.0 ], [ 244027.015625000931323, 8962125.5 ], [ 244033.265625, 8962119.25000000372529 ], [ 244039.515625, 8962113.000000001862645 ], [ 244045.765624999068677, 8962106.75 ], [ 244052.015624999068677, 8962100.5 ], [ 244058.265625002793968, 8962094.25 ], [ 244064.515625002793968, 8962088.00000000372529 ], [ 244064.515625002793968, 8962013.0 ], [ 244058.265624998137355, 8962006.75 ], [ 244052.015624999068677, 8962000.5 ], [ 244052.015625000931323, 8961938.0 ], [ 244045.765625001862645, 8961931.75 ], [ 244039.515625, 8961925.50000000372529 ], [ 244033.265625, 8961919.250000001862645 ], [ 244027.015625000931323, 8961913.0 ], [ 244020.765624999068677, 8961906.75 ], [ 244014.515624999068677, 8961900.5 ], [ 244008.265625, 8961894.25000000372529 ], [ 244002.015625, 8961888.000000001862645 ], [ 243995.765625000931323, 8961881.75 ], [ 243989.515625000931323, 8961875.5 ], [ 243983.265625000931323, 8961869.25 ], [ 243977.015625, 8961863.00000000372529 ], [ 243970.765625, 8961856.750000001862645 ], [ 243964.515625, 8961850.5 ], [ 243958.265625000931323, 8961844.25 ], [ 243952.015625000931323, 8961838.0 ], [ 243952.015625000931323, 8961763.00000000372529 ], [ 243958.265625000931323, 8961756.75 ], [ 243970.765625, 8961756.75 ], [ 243977.015625, 8961750.5 ], [ 243977.015625, 8961725.500000001862645 ], [ 243970.765625, 8961719.25 ], [ 243964.515625, 8961713.0 ], [ 243958.265625002793968, 8961706.75 ], [ 243952.01562500372529, 8961700.50000000372529 ], [ 243952.015624999068677, 8961675.5 ], [ 243958.265625000931323, 8961669.25000000372529 ], [ 243964.515625, 8961663.000000001862645 ], [ 243970.765625, 8961656.75 ], [ 243977.015625, 8961650.5 ], [ 243977.015625, 8961588.0 ], [ 243970.765625, 8961581.75 ], [ 243964.515625, 8961575.5 ], [ 243958.265625000931323, 8961569.25000000372529 ], [ 243952.015625000931323, 8961563.0 ], [ 243952.015625000931323, 8961525.5 ], [ 243958.265625000931323, 8961519.25 ], [ 243964.515625, 8961513.0 ], [ 243970.765625, 8961506.75000000372529 ], [ 243977.015625, 8961500.500000001862645 ], [ 243977.015625001862645, 8961450.5 ], [ 243983.265625000931323, 8961444.25000000372529 ], [ 243989.515624999068677, 8961438.000000001862645 ], [ 243989.515625000931323, 8961388.0 ], [ 243995.765625000931323, 8961381.75 ], [ 244002.015625001862645, 8961375.500000001862645 ], [ 244002.015625001862645, 8961350.5 ], [ 244008.265625001862645, 8961344.25000000372529 ], [ 244014.515625001862645, 8961338.0 ], [ 244014.515625001862645, 8961313.00000000372529 ], [ 244020.765625000931323, 8961306.750000001862645 ], [ 244027.015625000931323, 8961300.5 ], [ 244027.015625000931323, 8961288.0 ], [ 244033.265625, 8961281.75000000372529 ], [ 244039.515625, 8961275.500000001862645 ], [ 244039.515625, 8961250.50000000372529 ], [ 244045.765625001862645, 8961244.250000001862645 ], [ 244052.015625005587935, 8961238.0 ], [ 244058.265625002793968, 8961231.75 ], [ 244064.515625, 8961225.5 ], [ 244070.765625, 8961219.25000000372529 ], [ 244077.015625001862645, 8961213.000000001862645 ], [ 244083.265625000931323, 8961206.75 ], [ 244089.515625000931323, 8961200.5 ], [ 244095.765625004656613, 8961194.25 ], [ 244102.015625, 8961188.000000005587935 ], [ 244108.265625001862645, 8961181.750000001862645 ], [ 244133.265625, 8961181.750000001862645 ], [ 244139.515624999068677, 8961175.5 ], [ 244145.765625005587935, 8961169.25 ], [ 244152.015625000931323, 8961163.0 ], [ 244158.265625, 8961156.75 ], [ 244164.515625, 8961150.50000000372529 ], [ 244170.765625, 8961144.25 ], [ 244177.015625000931323, 8961138.0 ], [ 244177.015625000931323, 8961125.5 ], [ 244183.265624999068677, 8961119.25000000372529 ], [ 244189.515625, 8961113.000000001862645 ], [ 244195.765625, 8961106.75 ], [ 244202.015625001862645, 8961100.5 ], [ 244208.265624999068677, 8961094.25 ], [ 244220.765625002793968, 8961094.25 ], [ 244227.015625, 8961088.00000000372529 ], [ 244233.265625, 8961081.750000001862645 ], [ 244239.515625001862645, 8961075.5 ], [ 244245.765625000931323, 8961069.25 ], [ 244258.265625, 8961069.25 ], [ 244264.515625001862645, 8961063.0 ], [ 244270.765625001862645, 8961056.75000000372529 ], [ 244277.015625000931323, 8961050.500000001862645 ], [ 244283.265625000931323, 8961044.25 ], [ 244289.515625, 8961050.500000001862645 ], [ 244295.765625, 8961056.75000000372529 ], [ 244308.265625000931323, 8961056.75000000372529 ], [ 244314.515625000931323, 8961063.0 ], [ 244320.765625, 8961069.25 ], [ 244327.015625, 8961063.0 ], [ 244333.265625001862645, 8961056.75000000372529 ], [ 244345.765625002793968, 8961056.75000000372529 ], [ 244352.015625, 8961050.500000001862645 ], [ 244358.265625, 8961044.25 ], [ 244445.765625000931323, 8961044.25 ], [ 244452.015625, 8961038.0 ], [ 244458.265625, 8961031.75 ], [ 244495.765624999068677, 8961031.75 ], [ 244502.015625000931323, 8961025.50000000372529 ], [ 244508.265625002793968, 8961019.250000001862645 ], [ 244514.515625, 8961013.0 ], [ 244520.765625001862645, 8961006.75 ], [ 244545.765625, 8961006.75 ], [ 244552.015625, 8961000.5 ], [ 244558.265625001862645, 8960994.25000000372529 ], [ 244564.515625005587935, 8960988.000000001862645 ], [ 244570.765624998137355, 8960981.75 ], [ 244577.015625, 8960975.5 ], [ 244583.265625, 8960969.25 ], [ 244608.265625, 8960969.25 ], [ 244614.515625, 8960963.0 ], [ 244620.765625, 8960956.750000001862645 ], [ 244645.765625, 8960956.750000001862645 ], [ 244652.015625, 8960950.5 ], [ 244658.265625001862645, 8960944.25 ], [ 244670.765625000931323, 8960944.25 ], [ 244677.015625004656613, 8960938.0 ], [ 244683.265625001862645, 8960931.75 ], [ 244720.76562500372529, 8960931.75 ], [ 244727.015625000931323, 8960938.0 ], [ 244727.015624999068677, 8960950.5 ], [ 244733.265625000931323, 8960956.750000001862645 ], [ 244783.265624999068677, 8960956.750000001862645 ], [ 244789.515625000931323, 8960963.0 ], [ 244795.765625000931323, 8960969.25 ], [ 244802.015625, 8960975.5 ], [ 244808.265625, 8960981.75 ], [ 244814.515625, 8960988.000000001862645 ], [ 244820.765625000931323, 8960994.25000000372529 ], [ 244833.265624998137355, 8960994.25000000372529 ], [ 244839.515625, 8960988.000000001862645 ], [ 244845.765625, 8960981.75 ], [ 244852.015625001862645, 8960988.000000001862645 ], [ 244858.265625000931323, 8960994.25000000372529 ], [ 244883.26562500372529, 8960994.25000000372529 ], [ 244889.51562500372529, 8960988.000000001862645 ], [ 244895.765625000931323, 8960981.75 ], [ 244902.015625, 8960975.5 ], [ 244902.015625004656613, 8960950.5 ], [ 244908.265625, 8960944.25 ], [ 244914.515625001862645, 8960938.0 ], [ 244920.765625000931323, 8960931.75 ], [ 244927.015625000931323, 8960925.50000000372529 ], [ 244933.265625, 8960919.25 ], [ 244939.515625001862645, 8960913.0 ], [ 244945.765625001862645, 8960906.75 ], [ 244983.265625000931323, 8960906.75 ], [ 244989.515625000931323, 8960900.5 ], [ 244989.515625000931323, 8960888.000000001862645 ], [ 244995.765625, 8960881.75 ], [ 245002.015625, 8960875.5 ], [ 245008.265624999068677, 8960869.25 ], [ 245020.765625000931323, 8960869.25 ], [ 245027.015625, 8960863.00000000372529 ], [ 245033.265625, 8960856.750000001862645 ], [ 245039.515625, 8960850.5 ], [ 245039.515625, 8960825.500000001862645 ], [ 245045.765625000931323, 8960819.25 ], [ 245052.015625000931323, 8960813.0 ], [ 245058.265625000931323, 8960806.75 ], [ 245064.515625004656613, 8960800.50000000372529 ], [ 245070.765625, 8960794.250000001862645 ], [ 245077.015624999068677, 8960788.0 ], [ 245083.265625000931323, 8960781.75 ], [ 245089.515625000931323, 8960775.5 ], [ 245095.765625, 8960769.250000005587935 ], [ 245102.015625, 8960763.000000001862645 ], [ 245108.26562500372529, 8960756.75 ], [ 245114.515625000931323, 8960750.5 ], [ 245120.765625002793968, 8960744.25 ], [ 245127.015625, 8960738.0 ], [ 245133.265625001862645, 8960731.75000000372529 ], [ 245195.765625001862645, 8960731.75000000372529 ], [ 245202.015624999068677, 8960725.5 ], [ 245208.265624999068677, 8960719.25 ], [ 245214.515625002793968, 8960713.0 ], [ 245220.765625, 8960706.75 ], [ 245233.265625, 8960706.75 ], [ 245239.515625000931323, 8960700.50000000372529 ], [ 245245.765624999068677, 8960694.25 ], [ 245252.015625000931323, 8960688.0 ], [ 245258.265625, 8960681.75 ], [ 245283.265625000931323, 8960681.75 ], [ 245289.515625004656613, 8960675.5 ], [ 245295.765625, 8960669.25000000372529 ], [ 245345.765625000931323, 8960669.25000000372529 ], [ 245352.015625, 8960675.5 ], [ 245358.265625001862645, 8960681.75 ], [ 245420.765625, 8960681.75 ], [ 245427.015624999068677, 8960675.5 ], [ 245433.265625000931323, 8960669.25000000372529 ], [ 245439.515624999068677, 8960663.000000001862645 ], [ 245445.765625, 8960656.75 ], [ 245452.015625, 8960650.5 ], [ 245458.265625, 8960644.25 ], [ 245464.515625000931323, 8960638.00000000372529 ], [ 245470.765624999068677, 8960631.750000001862645 ], [ 245477.015625000931323, 8960625.5 ], [ 245483.265625, 8960619.25 ], [ 245489.515625, 8960613.0 ], [ 245495.76562500372529, 8960606.75000000372529 ], [ 245502.015625002793968, 8960600.500000001862645 ], [ 245502.015625000931323, 8960588.0 ], [ 245508.265625000931323, 8960581.75 ], [ 245514.515625004656613, 8960575.50000000372529 ], [ 245520.765625001862645, 8960569.250000001862645 ], [ 245527.015624999068677, 8960563.0 ], [ 245527.015625001862645, 8960550.5 ], [ 245533.265624999068677, 8960544.25 ], [ 245539.515625000931323, 8960538.000000001862645 ], [ 245539.515625000931323, 8960525.5 ], [ 245545.765625, 8960519.25 ], [ 245552.015625, 8960513.0 ], [ 245552.015625, 8960438.000000001862645 ], [ 245558.265625001862645, 8960431.75 ], [ 245564.515625000931323, 8960425.5 ], [ 245570.765625000931323, 8960419.25 ], [ 245577.015625004656613, 8960413.00000000372529 ], [ 245577.015625, 8960400.5 ], [ 245583.265625, 8960394.25 ], [ 245589.515624999068677, 8960388.0 ], [ 245589.51562500372529, 8960363.0 ], [ 245595.765624999068677, 8960356.75 ], [ 245602.015625000931323, 8960350.500000005587935 ], [ 245602.015624998137355, 8960313.000000001862645 ], [ 245608.265625, 8960306.75 ], [ 245614.515625, 8960300.5 ], [ 245620.765624999068677, 8960294.25 ], [ 245627.015625000931323, 8960288.0 ], [ 245633.265625002793968, 8960281.75000000372529 ], [ 245639.515625, 8960275.5 ], [ 245639.515625, 8960263.0 ], [ 245645.765625, 8960256.75 ], [ 245652.015625, 8960250.50000000372529 ], [ 245658.265624999068677, 8960244.250000001862645 ], [ 245664.515625000931323, 8960238.0 ], [ 245670.765625, 8960231.75 ], [ 245677.015625, 8960225.5 ], [ 245683.265625, 8960219.25000000372529 ], [ 245689.515625000931323, 8960213.000000001862645 ], [ 245689.515625000931323, 8960188.00000000372529 ], [ 245695.765625000931323, 8960181.750000001862645 ], [ 245702.015625000931323, 8960175.5 ], [ 245708.265625, 8960169.25 ], [ 245714.515625, 8960163.0 ], [ 245714.515625, 8960138.0 ], [ 245720.765624999068677, 8960131.75 ], [ 245727.015625002793968, 8960125.5 ], [ 245733.265625000931323, 8960119.250000001862645 ], [ 245739.515625, 8960113.0 ], [ 245739.515625, 8960100.5 ], [ 245733.265625000931323, 8960094.25 ], [ 245727.015625000931323, 8960088.00000000372529 ], [ 245727.015625005587935, 8960075.5 ], [ 245720.765625001862645, 8960069.25 ], [ 245714.515625, 8960063.0 ], [ 245708.265625, 8960056.75000000372529 ], [ 245702.015625000931323, 8960050.500000001862645 ], [ 245702.015625002793968, 8960025.50000000372529 ], [ 245695.765624999068677, 8960019.250000001862645 ], [ 245689.515624999068677, 8960013.0 ], [ 245689.515624999068677, 8959875.5 ], [ 245695.765624999068677, 8959869.25 ], [ 245702.015625000931323, 8959863.00000000372529 ], [ 245702.015625000931323, 8959800.50000000372529 ], [ 245695.765625002793968, 8959794.250000001862645 ], [ 245683.265625, 8959794.250000001862645 ], [ 245677.015625, 8959788.0 ], [ 245677.015625, 8959763.000000001862645 ], [ 245670.765625004656613, 8959756.75 ], [ 245664.515625000931323, 8959750.5 ], [ 245658.265625000931323, 8959744.25 ], [ 245633.265625002793968, 8959744.25 ], [ 245627.015625005587935, 8959738.00000000372529 ], [ 245620.765624999068677, 8959731.750000001862645 ], [ 245614.515625, 8959725.5 ], [ 245608.265625, 8959719.25 ], [ 245595.765625000931323, 8959719.25 ], [ 245589.515625001862645, 8959713.0 ], [ 245589.515625001862645, 8959663.0 ], [ 245583.265625, 8959656.75 ], [ 245577.015625, 8959650.5 ], [ 245577.015625, 8959625.5 ], [ 245570.765625000931323, 8959619.25 ], [ 245564.515624999068677, 8959613.0 ], [ 245558.265625001862645, 8959606.75000000372529 ], [ 245552.015625, 8959600.500000001862645 ], [ 245552.015625, 8959363.0 ], [ 245545.765625004656613, 8959356.75 ], [ 245539.515625002793968, 8959350.50000000372529 ], [ 245539.515625004656613, 8959275.5 ], [ 245533.265625000931323, 8959269.25 ], [ 245527.01562500372529, 8959263.0 ], [ 245527.015624999068677, 8959250.50000000372529 ], [ 245520.765625, 8959244.25 ], [ 245514.515625, 8959238.0 ], [ 245514.515625, 8959213.0 ], [ 245508.265625000931323, 8959206.75 ], [ 245502.015625000931323, 8959200.5 ], [ 245508.265625000931323, 8959194.25 ], [ 245514.515625002793968, 8959188.00000000372529 ], [ 245514.515624998137355, 8959163.0 ], [ 245508.265625002793968, 8959156.75000000372529 ], [ 245502.015625002793968, 8959150.500000001862645 ], [ 245502.015625000931323, 8959100.5 ], [ 245508.265625000931323, 8959094.25000000372529 ], [ 245514.515625, 8959088.000000001862645 ], [ 245514.515625, 8959075.5 ], [ 245520.765625, 8959069.25 ], [ 245527.015624999068677, 8959063.0 ], [ 245533.265625000931323, 8959056.750000001862645 ], [ 245539.515625000931323, 8959050.5 ], [ 245545.765625, 8959044.25 ], [ 245552.015625, 8959038.0 ], [ 245558.265624999068677, 8959031.75 ], [ 245564.515625000931323, 8959025.50000000372529 ], [ 245564.51562500372529, 8958988.000000001862645 ], [ 245558.265625001862645, 8958981.75 ], [ 245552.015625, 8958975.5 ], [ 245545.765625, 8958969.25 ], [ 245539.515625000931323, 8958963.00000000372529 ], [ 245539.515624998137355, 8958925.500000001862645 ], [ 245545.765625004656613, 8958919.25 ], [ 245552.015625, 8958913.0 ], [ 245558.265625001862645, 8958906.75 ], [ 245564.515625000931323, 8958900.50000000372529 ], [ 245564.515625000931323, 8958850.5 ], [ 245570.765625000931323, 8958844.25 ], [ 245577.015625004656613, 8958838.0 ], [ 245577.015625004656613, 8958800.50000000372529 ], [ 245583.265625, 8958794.25 ], [ 245589.515625001862645, 8958788.0 ], [ 245589.515625001862645, 8958738.00000000372529 ], [ 245583.265625, 8958731.750000001862645 ], [ 245577.015625, 8958725.5 ], [ 245570.765625000931323, 8958719.25 ], [ 245558.265625001862645, 8958719.25 ], [ 245552.015625, 8958713.0 ], [ 245545.765625, 8958706.75000000372529 ], [ 245539.515625000931323, 8958700.500000001862645 ], [ 245533.265625000931323, 8958694.25 ], [ 245520.765625, 8958694.25 ], [ 245514.515625, 8958688.0 ], [ 245508.265625000931323, 8958681.75 ], [ 245483.265625, 8958681.75 ], [ 245477.015625000931323, 8958675.50000000372529 ], [ 245470.765625000931323, 8958669.250000001862645 ], [ 245464.515625000931323, 8958663.0 ], [ 245458.265625001862645, 8958656.75 ], [ 245452.015625, 8958650.5 ], [ 245452.015625, 8958538.000000001862645 ], [ 245445.765625, 8958531.75 ], [ 245439.515624999068677, 8958525.5 ], [ 245433.265625000931323, 8958519.25 ], [ 245427.015624999068677, 8958513.00000000372529 ], [ 245420.765625001862645, 8958506.750000001862645 ], [ 245414.515624998137355, 8958500.5 ], [ 245414.515625004656613, 8958488.0 ], [ 245408.265624998137355, 8958481.75000000372529 ], [ 245402.015625000931323, 8958475.500000001862645 ], [ 245402.015625005587935, 8958463.0 ], [ 245395.765625001862645, 8958456.75 ], [ 245389.515625, 8958450.50000000372529 ], [ 245383.265625, 8958444.250000001862645 ], [ 245377.015625002793968, 8958438.0 ], [ 245377.015625000931323, 8958425.5 ], [ 245370.765625000931323, 8958419.25 ], [ 245364.515625001862645, 8958413.000000001862645 ], [ 245364.515624999068677, 8958363.0 ], [ 245358.265625, 8958356.75 ], [ 245352.015625, 8958350.50000000372529 ], [ 245345.765625000931323, 8958344.250000001862645 ], [ 245339.515625000931323, 8958338.0 ], [ 245333.265624999068677, 8958331.75 ], [ 245327.015625, 8958325.5 ], [ 245327.015625, 8958300.5 ], [ 245320.765625, 8958294.25 ], [ 245314.515625000931323, 8958288.00000000372529 ], [ 245314.515625002793968, 8958225.5 ], [ 245320.765624998137355, 8958219.250000001862645 ], [ 245327.015625, 8958213.0 ], [ 245327.015625001862645, 8958150.500000001862645 ], [ 245320.765625004656613, 8958144.25 ], [ 245314.515625000931323, 8958138.0 ], [ 245308.265625000931323, 8958131.75 ], [ 245302.015625001862645, 8958125.50000000372529 ], [ 245308.265625000931323, 8958119.250000001862645 ], [ 245314.515625002793968, 8958113.0 ], [ 245314.515625000931323, 8958050.5 ], [ 245320.765625, 8958044.25 ], [ 245327.015625, 8958038.0 ], [ 245327.015625001862645, 8957900.50000000372529 ], [ 245320.765625, 8957894.250000001862645 ], [ 245314.515625002793968, 8957888.0 ], [ 245320.765625004656613, 8957881.75 ], [ 245327.015625, 8957875.5 ], [ 245320.765625, 8957869.25000000372529 ], [ 245314.515625000931323, 8957863.000000001862645 ], [ 245314.515625000931323, 8957825.5 ], [ 245308.265625000931323, 8957819.25 ], [ 245302.015625001862645, 8957813.0 ], [ 245302.015624999068677, 8957800.500000001862645 ], [ 245295.765625, 8957794.25 ], [ 245289.515625004656613, 8957788.0 ], [ 245283.265625000931323, 8957781.75 ], [ 245277.015625000931323, 8957775.5 ], [ 245277.015625000931323, 8957763.0 ], [ 245270.76562500372529, 8957756.75 ], [ 245264.515625, 8957750.5 ], [ 245264.515625, 8957713.0 ], [ 245258.265625, 8957706.75000000372529 ], [ 245252.015625000931323, 8957700.500000001862645 ], [ 245245.765625000931323, 8957694.25 ], [ 245239.515625000931323, 8957688.0 ], [ 245233.265625, 8957681.75 ], [ 245227.015625001862645, 8957675.50000000372529 ], [ 245227.015625, 8957650.5 ], [ 245220.765625, 8957644.25000000372529 ], [ 245214.515624999068677, 8957638.000000001862645 ], [ 245214.515625000931323, 8957625.5 ], [ 245208.265625005587935, 8957619.25 ], [ 245202.015624999068677, 8957613.00000000372529 ], [ 245202.015624997206032, 8957600.5 ], [ 245195.765625, 8957594.25 ], [ 245189.515625002793968, 8957588.0 ], [ 245189.515625, 8957575.500000001862645 ], [ 245183.265624998137355, 8957569.25 ], [ 245177.015625000931323, 8957563.0 ], [ 245177.015624999068677, 8957538.0 ], [ 245183.265625000931323, 8957531.75 ], [ 245189.515625, 8957525.5 ], [ 245189.515625, 8957513.00000000372529 ], [ 245195.765625001862645, 8957506.750000001862645 ], [ 245202.015624999068677, 8957500.5 ], [ 245202.015625001862645, 8957475.500000001862645 ], [ 245208.265625000931323, 8957469.25 ], [ 245214.515625000931323, 8957463.0 ], [ 245214.515625000931323, 8957450.50000000372529 ], [ 245220.765625, 8957444.250000001862645 ], [ 245227.015625, 8957438.0 ], [ 245227.015625, 8957425.5 ], [ 245220.765625002793968, 8957419.25000000372529 ], [ 245214.515625000931323, 8957413.000000001862645 ], [ 245214.515625000931323, 8957388.000000005587935 ], [ 245220.765625, 8957381.750000001862645 ], [ 245227.015625, 8957375.5 ], [ 245233.265625, 8957369.25 ], [ 245239.515625000931323, 8957363.0 ], [ 245239.515625000931323, 8957350.50000000372529 ], [ 245245.765625000931323, 8957344.25 ], [ 245252.015625000931323, 8957338.0 ], [ 245252.015625000931323, 8957263.0 ], [ 245245.765625000931323, 8957256.75000000372529 ], [ 245239.515625000931323, 8957250.500000001862645 ], [ 245239.515625000931323, 8957238.0 ], [ 245233.265625, 8957231.75 ], [ 245227.015625, 8957225.50000000372529 ], [ 245220.765625, 8957219.250000001862645 ], [ 245214.515625000931323, 8957213.0 ], [ 245208.265625000931323, 8957206.75 ], [ 245202.015624999068677, 8957200.5 ], [ 245202.015624999068677, 8957113.0 ], [ 245195.765625001862645, 8957106.75 ], [ 245189.515625, 8957100.5 ], [ 245195.765625, 8957094.25000000372529 ], [ 245202.015625001862645, 8957088.000000001862645 ], [ 245202.015625001862645, 8957063.00000000372529 ], [ 245208.265625000931323, 8957056.750000001862645 ], [ 245214.515625000931323, 8957050.5 ], [ 245220.765625, 8957044.25 ], [ 245227.015625, 8957038.0 ], [ 245233.265625, 8957031.75000000372529 ], [ 245320.765625004656613, 8957031.75000000372529 ], [ 245327.015625, 8957025.500000001862645 ], [ 245333.265624999068677, 8957019.25 ], [ 245358.265625, 8957019.25 ], [ 245364.51562500372529, 8957013.0 ], [ 245370.765625005587935, 8957006.75 ], [ 245383.265625, 8957006.75 ], [ 245389.515625, 8957000.50000000372529 ], [ 245395.765625001862645, 8956994.250000001862645 ], [ 245420.765625, 8956994.250000001862645 ], [ 245427.01562500372529, 8956988.0 ], [ 245433.265625008381903, 8956981.75 ], [ 245458.265625, 8956981.75 ], [ 245464.515625000931323, 8956975.5 ], [ 245470.765625000931323, 8956969.250000005587935 ], [ 245477.015625000931323, 8956963.000000001862645 ], [ 245483.265625001862645, 8956956.75 ], [ 245489.515625, 8956950.5 ], [ 245495.765625001862645, 8956944.25 ], [ 245502.015625000931323, 8956938.0 ], [ 245508.265625000931323, 8956931.750000001862645 ], [ 245514.515625006519258, 8956925.5 ], [ 245520.765625, 8956919.25 ], [ 245527.015625001862645, 8956913.0 ], [ 245533.265625000931323, 8956906.75 ], [ 245539.515625000931323, 8956900.50000000372529 ], [ 245539.515625000931323, 8956888.0 ], [ 245545.765624998137355, 8956881.75 ], [ 245552.015625, 8956875.5 ], [ 245558.26562500372529, 8956869.25000000372529 ], [ 245570.765625000931323, 8956869.25000000372529 ], [ 245577.015625, 8956863.000000001862645 ], [ 245583.265625, 8956856.75 ], [ 245589.515625001862645, 8956850.5 ], [ 245589.515625008381903, 8956838.00000000372529 ], [ 245595.765625000931323, 8956831.750000001862645 ], [ 245602.015625000931323, 8956825.5 ], [ 245602.015624998137355, 8956813.0 ], [ 245608.265625, 8956806.75000000372529 ], [ 245614.515625, 8956800.500000001862645 ], [ 245620.765624999068677, 8956794.25 ], [ 245633.265625000931323, 8956794.25 ], [ 245639.515625, 8956788.0 ], [ 245645.765625, 8956781.75 ], [ 245652.015625, 8956775.50000000372529 ], [ 245658.265624999068677, 8956769.250000001862645 ], [ 245664.515625002793968, 8956763.0 ], [ 245670.765625, 8956756.75 ], [ 245677.015625, 8956750.5 ], [ 245683.265625, 8956744.25 ], [ 245689.515625000931323, 8956738.000000001862645 ], [ 245695.765624999068677, 8956731.75 ], [ 245702.015625000931323, 8956725.5 ], [ 245708.265625, 8956719.25 ], [ 245720.765625001862645, 8956719.25 ], [ 245727.015625002793968, 8956713.0 ], [ 245733.265625000931323, 8956706.75000000372529 ], [ 245739.515625, 8956700.5 ], [ 245745.765625, 8956694.25 ], [ 245770.765625, 8956694.25 ], [ 245777.015625, 8956700.5 ], [ 245783.265625001862645, 8956706.75000000372529 ], [ 245789.515625005587935, 8956713.0 ], [ 245795.765625000931323, 8956719.25 ], [ 245802.015625, 8956713.0 ], [ 245808.265625, 8956706.75000000372529 ], [ 245814.515625001862645, 8956700.5 ], [ 245820.765625000931323, 8956694.25 ], [ 245827.015625000931323, 8956688.0 ], [ 245827.015625002793968, 8956675.50000000372529 ], [ 245833.265625, 8956669.250000001862645 ], [ 245839.515625001862645, 8956663.0 ], [ 245839.515625, 8956650.5 ], [ 245845.765624997206032, 8956644.25000000372529 ], [ 245852.015625000931323, 8956638.000000001862645 ], [ 245858.265625000931323, 8956631.75 ], [ 245895.765625000931323, 8956631.75 ], [ 245902.015625, 8956625.5 ], [ 245908.265625, 8956619.25 ], [ 245914.515625001862645, 8956613.00000000372529 ], [ 245920.765625000931323, 8956606.750000001862645 ], [ 245927.015625000931323, 8956600.5 ], [ 245933.265625, 8956594.25 ], [ 245939.515625001862645, 8956588.0 ], [ 245945.765625001862645, 8956581.75000000372529 ], [ 245952.015625000931323, 8956575.500000001862645 ], [ 245958.265625000931323, 8956569.25 ], [ 245964.515625004656613, 8956563.0 ], [ 245970.765625, 8956556.75 ], [ 245977.01562500372529, 8956550.50000000372529 ], [ 245983.265625000931323, 8956544.250000001862645 ], [ 245989.515625000931323, 8956538.0 ], [ 245995.765625, 8956531.75 ], [ 246002.015625, 8956525.5 ], [ 246008.265625001862645, 8956519.25 ], [ 246014.515625000931323, 8956513.000000001862645 ], [ 246020.765625002793968, 8956506.75 ], [ 246027.015625, 8956500.5 ], [ 246033.265624998137355, 8956494.25 ], [ 246045.765624999068677, 8956494.25 ], [ 246052.015624998137355, 8956488.0 ], [ 246058.265625, 8956481.75000000372529 ], [ 246095.765625001862645, 8956481.75000000372529 ], [ 246102.015625, 8956475.5 ], [ 246108.265625000931323, 8956469.25 ], [ 246114.515625000931323, 8956463.0 ], [ 246120.765625000931323, 8956456.75 ], [ 246133.265625, 8956456.75 ], [ 246139.515625001862645, 8956450.50000000372529 ], [ 246145.765624999068677, 8956444.250000001862645 ], [ 246220.765625, 8956444.250000001862645 ], [ 246227.015625, 8956438.0 ], [ 246233.265625001862645, 8956431.75 ], [ 246239.515625005587935, 8956425.5 ], [ 246245.765625000931323, 8956419.25000000372529 ], [ 246252.015625, 8956413.000000001862645 ], [ 246258.265625, 8956406.75 ], [ 246283.265624998137355, 8956406.75 ], [ 246289.515625, 8956400.5 ], [ 246295.765625, 8956394.25 ], [ 246308.265625000931323, 8956394.25 ], [ 246314.515625002793968, 8956388.00000000372529 ], [ 246320.765625001862645, 8956381.750000001862645 ], [ 246327.015625001862645, 8956375.5 ], [ 246333.265625001862645, 8956369.25 ], [ 246383.265625004656613, 8956369.25 ], [ 246389.515625, 8956363.0 ], [ 246395.765625001862645, 8956356.75000000372529 ], [ 246433.265625000931323, 8956356.75000000372529 ], [ 246439.515625002793968, 8956350.500000001862645 ], [ 246439.515625000931323, 8956338.0 ], [ 246445.765625, 8956331.75 ], [ 246452.015625, 8956325.5 ], [ 246458.265624999068677, 8956319.250000001862645 ], [ 246470.765625000931323, 8956319.250000001862645 ], [ 246477.015625, 8956313.0 ], [ 246483.265625, 8956306.75 ], [ 246489.515625001862645, 8956300.5 ], [ 246495.765625000931323, 8956294.25 ], [ 246508.265624998137355, 8956294.25 ], [ 246514.515625, 8956288.00000000372529 ], [ 246520.765625, 8956281.75 ], [ 246527.015624999068677, 8956275.5 ], [ 246533.265625000931323, 8956269.25 ], [ 246539.515625000931323, 8956263.0 ], [ 246545.765625, 8956256.75000000372529 ], [ 246552.015625, 8956250.500000001862645 ], [ 246558.265625001862645, 8956244.25 ], [ 246564.515625002793968, 8956238.0 ], [ 246570.765625000931323, 8956231.75 ], [ 246583.265625, 8956231.75 ], [ 246589.51562500372529, 8956225.50000000372529 ], [ 246595.765625000931323, 8956219.250000001862645 ], [ 246608.265625, 8956219.250000001862645 ], [ 246614.515625, 8956213.0 ], [ 246620.765625001862645, 8956206.75 ], [ 246633.265625000931323, 8956206.75 ], [ 246639.515625004656613, 8956200.5 ], [ 246645.765625001862645, 8956194.25000000372529 ], [ 246683.265624999068677, 8956194.25000000372529 ], [ 246689.51562500372529, 8956188.000000001862645 ], [ 246695.765625002793968, 8956181.75 ], [ 246702.015625, 8956175.5 ], [ 246708.265625, 8956169.25 ], [ 246714.515625, 8956163.00000000372529 ], [ 246720.765625000931323, 8956156.750000001862645 ], [ 246727.015625000931323, 8956150.5 ], [ 246733.265625000931323, 8956144.25 ], [ 246745.765625, 8956144.25 ], [ 246752.015625001862645, 8956138.0 ], [ 246758.265625000931323, 8956131.75000000372529 ], [ 246764.515625000931323, 8956125.500000001862645 ], [ 246770.765625, 8956119.25 ], [ 246777.015625, 8956113.0 ], [ 246783.26562500372529, 8956106.75 ], [ 246789.515625000931323, 8956100.5 ], [ 246795.765625000931323, 8956094.250000001862645 ], [ 246802.015625, 8956088.0 ], [ 246802.015625004656613, 8956038.0 ], [ 246808.265625, 8956031.75000000372529 ], [ 246814.515624999068677, 8956025.500000001862645 ], [ 246820.76562500372529, 8956019.25 ], [ 246833.265625, 8956019.25 ], [ 246839.515625, 8956013.0 ], [ 246845.76562500372529, 8956006.75 ], [ 246852.015625000931323, 8956000.50000000372529 ], [ 246858.265625000931323, 8955994.250000001862645 ], [ 246864.515625002793968, 8955988.0 ], [ 246870.765624997206032, 8955981.75 ], [ 246883.265625000931323, 8955981.75 ], [ 246889.515625000931323, 8955975.5 ], [ 246895.765625, 8955969.25000000372529 ], [ 246902.015625001862645, 8955963.000000001862645 ], [ 246902.015625, 8955950.5 ], [ 246908.26562500372529, 8955944.25 ], [ 246914.515625000931323, 8955938.00000000372529 ], [ 246920.765625000931323, 8955931.750000001862645 ], [ 246927.015625, 8955925.5 ], [ 246933.265625001862645, 8955919.25 ], [ 246939.515625, 8955913.0 ], [ 246945.765625000931323, 8955906.750000005587935 ], [ 246952.015625000931323, 8955900.500000001862645 ], [ 246958.265625002793968, 8955894.25 ], [ 246964.515625, 8955888.0 ], [ 246970.765625001862645, 8955881.75 ], [ 246977.01562500372529, 8955875.5 ], [ 246983.265625000931323, 8955869.25000000372529 ], [ 246989.515625002793968, 8955863.0 ], [ 246995.765625004656613, 8955856.75 ], [ 247002.015625, 8955850.5 ], [ 247008.265625001862645, 8955844.25 ], [ 247014.515625005587935, 8955838.00000000372529 ], [ 247014.515625005587935, 8955813.0 ], [ 247020.765625000931323, 8955806.75000000372529 ], [ 247027.015624998137355, 8955800.500000001862645 ], [ 247033.265625, 8955794.25 ], [ 247039.515625001862645, 8955788.0 ], [ 247045.765624999068677, 8955781.75 ], [ 247052.015625002793968, 8955775.50000000372529 ], [ 247058.265625, 8955769.250000001862645 ], [ 247064.515625001862645, 8955763.0 ], [ 247064.515625, 8955750.5 ], [ 247070.765625001862645, 8955744.25000000372529 ], [ 247145.765625002793968, 8955744.25000000372529 ], [ 247152.015625000931323, 8955738.000000001862645 ], [ 247158.265625, 8955731.75 ], [ 247164.515625, 8955725.5 ], [ 247170.765625000931323, 8955719.25 ], [ 247177.015625002793968, 8955713.00000000372529 ], [ 247183.265625000931323, 8955706.750000001862645 ], [ 247195.765625, 8955706.750000001862645 ], [ 247202.015625001862645, 8955700.5 ], [ 247202.015625001862645, 8955650.5 ], [ 247208.265625002793968, 8955644.25000000372529 ], [ 247214.515625002793968, 8955638.0 ], [ 247214.515625000931323, 8955613.00000000372529 ], [ 247220.765625, 8955606.750000001862645 ], [ 247227.015625, 8955600.5 ], [ 247233.26562500372529, 8955594.25 ], [ 247239.515625005587935, 8955588.0 ], [ 247239.515625000931323, 8955550.50000000372529 ], [ 247233.265625001862645, 8955544.250000001862645 ], [ 247227.015625, 8955538.0 ], [ 247227.015625, 8955525.5 ], [ 247220.765625, 8955519.25000000372529 ], [ 247214.515625002793968, 8955513.000000001862645 ], [ 247214.515625000931323, 8955500.5 ], [ 247208.265625000931323, 8955494.25 ], [ 247202.01562500372529, 8955488.000000005587935 ], [ 247202.01562500372529, 8955475.5 ], [ 247195.765625001862645, 8955469.25 ], [ 247189.515625001862645, 8955463.0 ], [ 247189.515624998137355, 8955425.5 ], [ 247183.265625000931323, 8955419.25000000372529 ], [ 247177.015625000931323, 8955413.0 ], [ 247177.015625002793968, 8955338.0 ], [ 247170.765624999068677, 8955331.75 ], [ 247164.515625, 8955325.50000000372529 ], [ 247164.515625, 8955300.5 ], [ 247158.265625001862645, 8955294.25000000372529 ], [ 247152.015625000931323, 8955288.000000001862645 ], [ 247145.765625000931323, 8955281.75 ], [ 247139.515625000931323, 8955275.5 ], [ 247139.515625000931323, 8955263.0 ], [ 247145.765625000931323, 8955256.750000001862645 ], [ 247152.015624998137355, 8955250.5 ], [ 247152.015625000931323, 8955225.50000000372529 ], [ 247145.765625000931323, 8955219.25 ], [ 247139.515625000931323, 8955213.0 ], [ 247139.515625000931323, 8955150.5 ], [ 247133.265625001862645, 8955144.25 ], [ 247127.015625, 8955138.0 ], [ 247127.015625, 8955125.500000001862645 ], [ 247120.765625, 8955119.25 ], [ 247114.515624999068677, 8955113.0 ], [ 247108.265625000931323, 8955106.75 ], [ 247102.015624999068677, 8955100.50000000372529 ], [ 247102.015625001862645, 8955063.000000001862645 ], [ 247095.765625, 8955056.75 ], [ 247089.515625, 8955050.5 ], [ 247089.515625, 8955038.0 ], [ 247083.265624998137355, 8955031.750000001862645 ], [ 247077.015625000931323, 8955025.5 ], [ 247070.76562500372529, 8955019.25 ], [ 247064.515625, 8955013.0 ], [ 247058.265625, 8955006.75 ], [ 247052.015625000931323, 8955000.50000000372529 ], [ 247052.015625000931323, 8954988.0 ], [ 247045.765625005587935, 8954981.75 ], [ 247039.515625001862645, 8954975.5 ], [ 247039.515624999068677, 8954925.5 ], [ 247033.265625, 8954919.25 ], [ 247027.015625, 8954913.0 ], [ 247027.015625, 8954900.500000001862645 ], [ 247020.765625000931323, 8954894.25 ], [ 247014.515624999068677, 8954888.0 ], [ 247014.515625000931323, 8954863.0 ], [ 247008.265625001862645, 8954856.75 ], [ 247002.015625, 8954850.5 ], [ 247002.015625, 8954838.000000001862645 ], [ 247008.265625001862645, 8954831.75 ], [ 247014.515625000931323, 8954825.5 ], [ 247014.515625000931323, 8954738.000000001862645 ], [ 247008.265625001862645, 8954731.75 ], [ 247002.015625001862645, 8954725.5 ], [ 247002.015625, 8954688.0 ], [ 247008.265625001862645, 8954681.75000000372529 ], [ 247014.515625005587935, 8954675.500000001862645 ], [ 247020.765625000931323, 8954669.25 ], [ 247027.015625, 8954663.0 ], [ 247027.015625004656613, 8954625.5 ], [ 247020.765625000931323, 8954619.25 ], [ 247014.515625005587935, 8954613.000000001862645 ], [ 247014.515625000931323, 8954600.5 ], [ 247008.265625001862645, 8954594.25 ], [ 247002.015625, 8954588.0 ], [ 247008.265625001862645, 8954581.75000000372529 ], [ 247014.515625000931323, 8954575.5 ], [ 247020.765625000931323, 8954569.25 ], [ 247027.015625, 8954563.0 ], [ 247027.015625002793968, 8954525.5 ], [ 247033.265625, 8954519.25000000372529 ], [ 247039.515625001862645, 8954513.000000001862645 ], [ 247045.76562500372529, 8954506.75 ], [ 247052.015625002793968, 8954500.5 ], [ 247058.265625, 8954494.25 ], [ 247070.765625001862645, 8954494.25 ], [ 247077.015625000931323, 8954488.00000000372529 ], [ 247083.265625000931323, 8954481.750000001862645 ], [ 247089.515625, 8954475.5 ], [ 247095.765625, 8954469.25 ], [ 247102.015624999068677, 8954463.0 ], [ 247108.26562500372529, 8954456.75000000372529 ], [ 247120.765624998137355, 8954456.75000000372529 ], [ 247127.015625, 8954450.500000001862645 ], [ 247133.26562500372529, 8954444.25 ], [ 247139.515624999068677, 8954438.0 ], [ 247145.765625000931323, 8954431.75 ], [ 247152.015625000931323, 8954425.500000005587935 ], [ 247158.265625001862645, 8954419.250000001862645 ], [ 247164.515625001862645, 8954413.0 ], [ 247164.515625001862645, 8954313.0 ], [ 247158.265625, 8954306.75 ], [ 247152.015625002793968, 8954300.5 ], [ 247145.765625002793968, 8954294.25000000372529 ], [ 247139.515625000931323, 8954288.000000001862645 ], [ 247133.265625001862645, 8954281.75 ], [ 247127.015625, 8954275.5 ], [ 247120.765625, 8954269.25 ], [ 247108.265625000931323, 8954269.25 ], [ 247102.015624999068677, 8954263.00000000372529 ], [ 247102.015624999068677, 8954238.0 ], [ 247108.265625000931323, 8954231.75000000372529 ], [ 247114.515624999068677, 8954225.500000001862645 ], [ 247120.765625, 8954219.25 ], [ 247127.015625, 8954213.0 ], [ 247127.015625, 8954163.00000000372529 ], [ 247120.765625, 8954156.75 ], [ 247114.515625000931323, 8954150.5 ], [ 247108.265625000931323, 8954144.25 ], [ 247102.015624999068677, 8954138.0 ], [ 247102.015624999068677, 8954113.0 ], [ 247095.765625, 8954106.75 ], [ 247089.515625, 8954100.50000000372529 ], [ 247083.265625000931323, 8954094.250000001862645 ], [ 247077.015625000931323, 8954088.0 ], [ 247070.76562500372529, 8954081.75 ], [ 247064.515625, 8954075.5 ], [ 247058.265625, 8954069.25000000372529 ], [ 247052.015625002793968, 8954063.000000001862645 ], [ 247052.015625000931323, 8954038.00000000372529 ], [ 247045.765625000931323, 8954031.750000001862645 ], [ 247039.515625001862645, 8954025.5 ], [ 247039.515625001862645, 8953988.0 ], [ 247033.265625, 8953981.75 ], [ 247027.015625, 8953975.5 ], [ 247027.015625, 8953950.5 ], [ 247020.765625002793968, 8953944.25 ], [ 247014.515625000931323, 8953938.00000000372529 ], [ 247014.515624999068677, 8953925.5 ], [ 247008.26562500372529, 8953919.25 ], [ 246995.765625, 8953919.25 ], [ 246989.515625000931323, 8953913.0 ], [ 246983.265625002793968, 8953906.75000000372529 ], [ 246977.015624999068677, 8953900.500000001862645 ], [ 246970.765625, 8953894.25 ], [ 246964.515625, 8953888.0 ], [ 246958.265625000931323, 8953881.75 ], [ 246952.015625002793968, 8953875.50000000372529 ], [ 246945.765625000931323, 8953869.250000001862645 ], [ 246939.515625, 8953863.0 ], [ 246939.515625, 8953825.5 ], [ 246933.265625001862645, 8953819.25 ], [ 246927.015625, 8953813.00000000372529 ], [ 246920.765625000931323, 8953806.750000001862645 ], [ 246914.51562500372529, 8953800.5 ], [ 246908.265624997206032, 8953794.25 ], [ 246902.015625, 8953788.0 ], [ 246895.765625, 8953781.75 ], [ 246889.515625000931323, 8953775.500000001862645 ], [ 246889.515625000931323, 8953750.5 ], [ 246883.265625000931323, 8953744.25000000372529 ], [ 246870.765625, 8953744.25000000372529 ], [ 246864.515625, 8953738.0 ], [ 246858.265625000931323, 8953731.75 ], [ 246852.015625000931323, 8953725.5 ], [ 246845.765624999068677, 8953719.25 ], [ 246839.515625, 8953713.00000000372529 ], [ 246839.515625001862645, 8953700.5 ], [ 246833.265625, 8953694.25 ], [ 246827.015625000931323, 8953688.0 ], [ 246820.765625000931323, 8953681.75000000372529 ], [ 246814.515625001862645, 8953675.500000001862645 ], [ 246808.265625, 8953669.25 ], [ 246802.015625, 8953663.0 ], [ 246802.015625, 8953650.50000000372529 ], [ 246795.765625000931323, 8953644.250000001862645 ], [ 246789.515624999068677, 8953638.0 ], [ 246789.515625000931323, 8953600.5 ], [ 246783.265625001862645, 8953594.25 ], [ 246777.015625, 8953588.00000000372529 ], [ 246770.765625002793968, 8953581.750000001862645 ], [ 246764.515625000931323, 8953575.5 ], [ 246758.265625000931323, 8953569.25 ], [ 246745.765625, 8953569.25 ], [ 246739.515625, 8953563.0 ], [ 246733.265625000931323, 8953556.75 ], [ 246727.015624999068677, 8953550.500000001862645 ], [ 246720.765625000931323, 8953544.25 ], [ 246714.515625, 8953538.0 ], [ 246714.515625, 8953525.5 ], [ 246708.265625, 8953519.25000000372529 ], [ 246695.765625000931323, 8953519.25000000372529 ], [ 246689.515625005587935, 8953513.0 ], [ 246689.515625005587935, 8953500.5 ], [ 246683.265624999068677, 8953494.25 ], [ 246677.015625, 8953488.00000000372529 ], [ 246670.765625, 8953481.750000001862645 ], [ 246664.515625000931323, 8953475.5 ], [ 246664.515625000931323, 8953463.0 ], [ 246658.265624999068677, 8953456.75000000372529 ], [ 246652.01562500372529, 8953450.500000001862645 ], [ 246645.765625, 8953444.25 ], [ 246639.515625, 8953438.0 ], [ 246633.265625000931323, 8953431.75 ], [ 246627.015624999068677, 8953425.50000000372529 ], [ 246620.765625001862645, 8953419.250000001862645 ], [ 246614.515625, 8953413.0 ], [ 246608.265625, 8953406.75 ], [ 246595.765625005587935, 8953406.75 ], [ 246589.515625001862645, 8953400.5 ], [ 246583.265625, 8953394.25000000372529 ], [ 246577.015625002793968, 8953388.000000001862645 ], [ 246570.765625000931323, 8953381.75 ], [ 246564.515624999068677, 8953375.5 ], [ 246564.515625000931323, 8953300.5 ], [ 246558.265624999068677, 8953294.25000000372529 ], [ 246552.015625, 8953288.000000001862645 ], [ 246545.765625, 8953281.75 ], [ 246539.515625000931323, 8953275.5 ], [ 246539.515625000931323, 8953238.0 ], [ 246533.265625000931323, 8953231.75000000372529 ], [ 246508.265625, 8953231.75000000372529 ], [ 246502.015625002793968, 8953225.500000001862645 ], [ 246502.015625000931323, 8953213.0 ], [ 246508.265625, 8953206.75 ], [ 246514.515625, 8953200.50000000372529 ], [ 246514.515625, 8953188.0 ], [ 246520.765625001862645, 8953181.75 ], [ 246527.015624999068677, 8953175.5 ], [ 246520.765625, 8953169.25000000372529 ], [ 246514.515625, 8953163.000000001862645 ], [ 246508.265625, 8953156.75 ], [ 246502.015624999068677, 8953150.5 ], [ 246502.015625000931323, 8953125.5 ], [ 246495.765625000931323, 8953119.25 ], [ 246489.515625001862645, 8953113.0 ], [ 246483.265625, 8953106.75 ], [ 246477.015625, 8953100.50000000372529 ], [ 246477.015625, 8953088.0 ], [ 246470.765624998137355, 8953081.75 ], [ 246464.515624999068677, 8953075.5 ], [ 246458.265624999068677, 8953069.25000000372529 ], [ 246445.765625, 8953069.25000000372529 ], [ 246439.515625000931323, 8953063.000000001862645 ], [ 246439.515624998137355, 8953050.5 ], [ 246445.765625004656613, 8953044.25 ], [ 246452.015625001862645, 8953038.00000000372529 ], [ 246452.015625, 8953025.5 ], [ 246458.265624999068677, 8953019.25 ], [ 246464.515625005587935, 8953013.0 ], [ 246458.265624999068677, 8953006.75000000372529 ], [ 246452.015625, 8953000.500000001862645 ], [ 246452.015625, 8952975.50000000372529 ], [ 246445.765625004656613, 8952969.250000001862645 ], [ 246439.515624998137355, 8952963.0 ], [ 246433.265625000931323, 8952956.75 ], [ 246427.015625001862645, 8952950.5 ], [ 246427.015624999068677, 8952913.0 ], [ 246420.765625, 8952906.75000000372529 ], [ 246414.515625, 8952900.5 ], [ 246408.265625002793968, 8952894.25 ], [ 246402.015624999068677, 8952888.0 ], [ 246395.765624999068677, 8952881.75 ], [ 246389.515625, 8952875.50000000372529 ], [ 246383.265625, 8952869.250000001862645 ], [ 246377.015625000931323, 8952875.50000000372529 ], [ 246370.765625005587935, 8952881.75 ], [ 246358.265625001862645, 8952881.75 ], [ 246352.015625, 8952888.0 ], [ 246345.765625000931323, 8952894.25 ], [ 246339.515625000931323, 8952900.5 ], [ 246333.265625001862645, 8952906.75000000372529 ], [ 246327.015625, 8952913.0 ], [ 246320.765625, 8952919.25 ], [ 246314.515625000931323, 8952925.5 ], [ 246308.265625000931323, 8952931.75 ], [ 246302.015625000931323, 8952938.000000001862645 ], [ 246295.765625, 8952944.250000005587935 ], [ 246289.515625, 8952950.5 ], [ 246283.265625, 8952956.75 ], [ 246145.765625000931323, 8952956.75 ], [ 246139.51562500372529, 8952963.0 ], [ 246133.265625, 8952969.250000001862645 ], [ 246127.015624998137355, 8952975.50000000372529 ], [ 246120.765625000931323, 8952981.75 ], [ 246070.765624999068677, 8952981.75 ], [ 246064.515625001862645, 8952975.50000000372529 ], [ 246058.265625, 8952969.250000001862645 ], [ 246052.015625000931323, 8952963.0 ], [ 246045.765624999068677, 8952956.75 ], [ 246039.515624997206032, 8952950.5 ], [ 246033.265625, 8952944.250000005587935 ], [ 246027.015625, 8952938.000000001862645 ], [ 246027.015625, 8952913.0 ], [ 246020.765625000931323, 8952906.75000000372529 ], [ 246014.515624999068677, 8952900.5 ], [ 246008.26562500372529, 8952894.25 ], [ 246002.015625, 8952888.0 ], [ 245995.765625, 8952881.75 ], [ 245989.515625000931323, 8952875.50000000372529 ], [ 245983.265625000931323, 8952869.250000001862645 ], [ 245977.015624999068677, 8952863.0 ], [ 245970.765625, 8952856.75 ], [ 245964.515625, 8952850.5 ], [ 245964.515625, 8952825.5 ], [ 245958.265625002793968, 8952819.25 ], [ 245952.015625000931323, 8952813.00000000372529 ], [ 245945.765625001862645, 8952806.750000001862645 ], [ 245939.515625, 8952800.5 ], [ 245933.265625, 8952794.25 ], [ 245927.015625002793968, 8952788.0 ], [ 245920.765625000931323, 8952781.75000000372529 ], [ 245914.51562500372529, 8952775.500000001862645 ], [ 245908.265625, 8952769.25 ], [ 245858.265625002793968, 8952769.25 ], [ 245852.015625000931323, 8952763.0 ], [ 245852.015625000931323, 8952750.50000000372529 ], [ 245845.765624999068677, 8952744.250000001862645 ], [ 245839.515625, 8952738.0 ], [ 245833.265625, 8952731.75 ], [ 245827.015625000931323, 8952725.5 ], [ 245820.765625005587935, 8952719.25 ], [ 245808.265625, 8952719.25 ], [ 245802.015625, 8952713.000000001862645 ], [ 245795.765625000931323, 8952706.75 ], [ 245789.515625000931323, 8952700.5 ], [ 245789.515625000931323, 8952688.0 ], [ 245783.265625001862645, 8952681.75000000372529 ], [ 245777.015625, 8952675.5 ], [ 245770.765625, 8952669.25 ], [ 245764.515625000931323, 8952663.0 ], [ 245758.265625000931323, 8952656.75 ], [ 245752.015625001862645, 8952650.50000000372529 ], [ 245752.01562500372529, 8952638.0 ], [ 245745.765625001862645, 8952631.75 ], [ 245739.515625, 8952625.5 ], [ 245733.265625000931323, 8952619.25000000372529 ], [ 245727.015625002793968, 8952613.000000001862645 ], [ 245720.765625001862645, 8952606.75 ], [ 245714.515625, 8952600.5 ], [ 245708.265625, 8952594.25 ], [ 245702.015625000931323, 8952588.00000000372529 ], [ 245702.015625000931323, 8952575.5 ], [ 245695.765625000931323, 8952569.25 ], [ 245608.265625, 8952569.25 ], [ 245602.015624998137355, 8952563.0 ], [ 245595.76562500372529, 8952556.75000000372529 ], [ 245583.265625, 8952556.75000000372529 ], [ 245577.015625, 8952550.500000001862645 ], [ 245570.765625000931323, 8952544.25 ], [ 245564.51562500372529, 8952538.0 ], [ 245558.265624999068677, 8952531.75 ], [ 245545.765625, 8952531.75 ], [ 245539.515625002793968, 8952525.500000005587935 ], [ 245533.265624999068677, 8952519.250000001862645 ], [ 245520.765625, 8952519.250000001862645 ], [ 245514.515625, 8952513.0 ], [ 245508.265625000931323, 8952506.75 ], [ 245502.015625000931323, 8952500.5 ], [ 245495.765625001862645, 8952494.25 ], [ 245483.265625, 8952494.25 ], [ 245477.015625000931323, 8952488.00000000372529 ], [ 245470.765625007450581, 8952481.75 ], [ 245445.765625, 8952481.75 ], [ 245439.515625002793968, 8952475.5 ], [ 245433.265625000931323, 8952469.25 ], [ 245427.015625001862645, 8952463.0 ], [ 245420.765625, 8952456.75000000372529 ], [ 245414.515625, 8952450.5 ], [ 245408.265625000931323, 8952444.25 ], [ 245208.265625005587935, 8952444.25 ], [ 245202.015624999068677, 8952438.0 ], [ 245195.765625, 8952431.75 ], [ 245120.765625000931323, 8952431.75 ], [ 245114.515625000931323, 8952438.0 ], [ 245108.265625001862645, 8952444.25 ], [ 245102.015625001862645, 8952450.5 ], [ 245095.765625, 8952456.75000000372529 ], [ 245045.765625000931323, 8952456.75000000372529 ], [ 245039.515625, 8952463.0 ], [ 245033.265625, 8952469.25 ], [ 244970.765625, 8952469.25 ], [ 244964.515625004656613, 8952475.5 ], [ 244958.265625000931323, 8952481.75 ], [ 244952.015625005587935, 8952475.5 ], [ 244945.76562500372529, 8952469.25 ], [ 244733.265625000931323, 8952469.25 ], [ 244727.015625000931323, 8952463.0 ], [ 244720.765625001862645, 8952456.75000000372529 ], [ 244714.515625001862645, 8952450.5 ], [ 244708.265625, 8952444.25 ], [ 244702.015625000931323, 8952438.0 ], [ 244695.765624999068677, 8952431.75 ], [ 244689.515625001862645, 8952425.50000000372529 ], [ 244683.265625, 8952419.250000001862645 ], [ 244677.015625, 8952413.0 ], [ 244670.765625002793968, 8952406.75 ], [ 244664.515624999068677, 8952400.5 ], [ 244658.265625001862645, 8952394.25000000372529 ], [ 244652.015625, 8952388.000000001862645 ], [ 244645.765625, 8952381.75 ], [ 244639.515625002793968, 8952375.5 ], [ 244633.265625000931323, 8952369.25 ], [ 244627.015625000931323, 8952363.00000000372529 ], [ 244620.765625, 8952356.750000001862645 ], [ 244614.515625, 8952350.5 ], [ 244614.515625, 8952338.0 ], [ 244608.265625, 8952331.75000000372529 ], [ 244602.015625000931323, 8952325.500000001862645 ], [ 244595.765625000931323, 8952319.25 ], [ 244589.515624999068677, 8952313.0 ], [ 244583.265625001862645, 8952306.75 ], [ 244577.015625, 8952300.5 ], [ 244570.765625000931323, 8952294.250000001862645 ], [ 244564.515625000931323, 8952288.0 ], [ 244564.515625000931323, 8952263.00000000372529 ], [ 244558.265625001862645, 8952256.75 ], [ 244545.765625, 8952256.75 ], [ 244539.515625000931323, 8952250.5 ], [ 244533.265624999068677, 8952244.25 ], [ 244520.765625, 8952244.25 ], [ 244514.515625, 8952238.0 ], [ 244508.265625000931323, 8952231.75000000372529 ], [ 244502.015625000931323, 8952225.500000001862645 ], [ 244495.765624999068677, 8952219.25 ], [ 244489.515625, 8952213.0 ], [ 244483.265625, 8952206.75 ], [ 244477.015625002793968, 8952200.50000000372529 ], [ 244470.765624999068677, 8952194.250000001862645 ], [ 244464.51562500372529, 8952188.0 ], [ 244458.265625, 8952181.75 ], [ 244452.015625, 8952175.5 ], [ 244445.765625000931323, 8952169.25000000372529 ], [ 244439.515624999068677, 8952163.000000001862645 ], [ 244433.265625001862645, 8952156.75 ], [ 244427.015625, 8952150.5 ], [ 244427.015625, 8952138.00000000372529 ], [ 244420.765625, 8952131.750000001862645 ], [ 244408.265625002793968, 8952131.750000001862645 ], [ 244402.015624999068677, 8952125.5 ], [ 244408.265625000931323, 8952119.25 ], [ 244414.515625000931323, 8952113.0 ], [ 244420.765625, 8952106.750000005587935 ], [ 244433.265625001862645, 8952106.750000005587935 ], [ 244439.515624999068677, 8952100.500000001862645 ], [ 244445.765625002793968, 8952094.25 ], [ 244452.015625004656613, 8952088.0 ], [ 244458.265625, 8952081.75 ], [ 244464.515625001862645, 8952075.5 ], [ 244470.765625000931323, 8952069.250000001862645 ], [ 244477.015624998137355, 8952063.0 ], [ 244483.265625, 8952056.75 ], [ 244489.515625, 8952050.5 ], [ 244489.515625, 8952038.00000000372529 ], [ 244495.765625001862645, 8952031.75 ], [ 244502.01562500372529, 8952025.5 ], [ 244495.765625001862645, 8952019.25 ], [ 244489.515625, 8952013.0 ], [ 244489.515625, 8951988.0 ], [ 244483.265625, 8951981.75 ], [ 244477.015625000931323, 8951975.50000000372529 ], [ 244483.265625, 8951969.250000001862645 ], [ 244489.515625, 8951963.0 ], [ 244489.515625, 8951925.5 ], [ 244495.765625001862645, 8951919.25 ], [ 244502.015625000931323, 8951913.00000000372529 ], [ 244502.015624999068677, 8951875.500000001862645 ], [ 244508.265625000931323, 8951869.25 ], [ 244514.515625, 8951863.0 ], [ 244514.515625, 8951825.5 ], [ 244520.765625, 8951819.25 ], [ 244527.015625001862645, 8951813.00000000372529 ], [ 244527.015625001862645, 8951800.5 ], [ 244533.265625000931323, 8951794.25 ], [ 244539.515625000931323, 8951788.0 ], [ 244539.515624998137355, 8951775.500000001862645 ], [ 244545.765625, 8951769.25 ], [ 244552.015625001862645, 8951763.0 ], [ 244558.265625001862645, 8951756.75 ], [ 244564.515624999068677, 8951750.50000000372529 ], [ 244558.265624999068677, 8951744.250000001862645 ], [ 244552.015625, 8951738.0 ], [ 244545.765625, 8951731.75 ], [ 244539.515625000931323, 8951725.5 ], [ 244539.515625002793968, 8951700.5 ], [ 244533.265625000931323, 8951694.25 ], [ 244527.015625001862645, 8951688.00000000372529 ], [ 244527.015625001862645, 8951675.5 ], [ 244533.265625000931323, 8951669.25 ], [ 244539.515625000931323, 8951663.0 ], [ 244539.515625000931323, 8951650.500000001862645 ], [ 244545.765625, 8951644.25 ], [ 244552.015625004656613, 8951638.0 ], [ 244545.765625004656613, 8951631.75 ], [ 244539.515625002793968, 8951625.5 ], [ 244545.765625004656613, 8951619.25000000372529 ], [ 244552.015625, 8951613.0 ], [ 244552.015625, 8951575.5 ], [ 244558.265624999068677, 8951569.25 ], [ 244564.515624999068677, 8951563.0 ], [ 244564.515624999068677, 8951513.0 ], [ 244570.765625000931323, 8951506.75 ], [ 244577.015625, 8951500.5 ], [ 244577.015625, 8951475.5 ], [ 244583.265625, 8951469.25 ], [ 244589.515624999068677, 8951463.0 ], [ 244595.765624999068677, 8951456.750000001862645 ], [ 244602.015624999068677, 8951450.5 ], [ 244608.265625, 8951444.25 ], [ 244614.515625, 8951438.0 ], [ 244614.515625001862645, 8951425.50000000372529 ], [ 244620.765625, 8951419.25 ], [ 244627.015625000931323, 8951413.0 ], [ 244633.265625000931323, 8951406.75 ], [ 244639.515625002793968, 8951400.5 ], [ 244645.765625, 8951394.25000000372529 ], [ 244652.015625, 8951388.000000001862645 ], [ 244658.265624999068677, 8951381.75 ], [ 244664.515625000931323, 8951375.5 ], [ 244670.765625000931323, 8951369.25 ], [ 244677.015625, 8951363.00000000372529 ], [ 244683.265625001862645, 8951356.750000001862645 ], [ 244689.515625001862645, 8951350.5 ], [ 244689.51562500372529, 8951300.50000000372529 ], [ 244695.765625000931323, 8951294.250000001862645 ], [ 244702.015625000931323, 8951288.0 ], [ 244708.265625, 8951281.75 ], [ 244714.515625, 8951275.5 ], [ 244720.765625001862645, 8951269.25000000372529 ], [ 244727.015625005587935, 8951263.000000001862645 ], [ 244727.015625000931323, 8951213.0 ], [ 244733.265625000931323, 8951206.75 ], [ 244739.515625, 8951200.50000000372529 ], [ 244739.515625, 8951188.0 ], [ 244745.765625, 8951181.75 ], [ 244752.015624999068677, 8951175.5 ], [ 244758.265624999068677, 8951169.25000000372529 ], [ 244770.765625002793968, 8951169.25000000372529 ], [ 244777.015625, 8951163.000000001862645 ], [ 244783.265624999068677, 8951156.75 ], [ 244789.515624999068677, 8951150.5 ], [ 244795.765624999068677, 8951144.25 ], [ 244808.265625, 8951144.25 ], [ 244814.515625001862645, 8951138.00000000372529 ], [ 244820.765624999068677, 8951131.750000001862645 ], [ 244833.265625000931323, 8951131.750000001862645 ], [ 244839.515625, 8951125.5 ], [ 244845.765625, 8951119.25 ], [ 244852.015624999068677, 8951113.0 ], [ 244858.265624999068677, 8951106.75000000372529 ], [ 244870.765625, 8951106.75000000372529 ], [ 244877.015625, 8951100.500000001862645 ], [ 244883.265624999068677, 8951094.25 ], [ 244895.765625000931323, 8951094.25 ], [ 244902.015625, 8951088.0 ], [ 244908.265625001862645, 8951081.75 ], [ 244914.515625001862645, 8951075.50000000372529 ], [ 244920.765625000931323, 8951069.250000001862645 ], [ 244927.015625002793968, 8951063.0 ], [ 244927.015625002793968, 8951025.5 ], [ 244933.265625, 8951019.25 ], [ 244939.515625, 8951013.0 ], [ 244939.515625, 8950963.0 ], [ 244945.765625001862645, 8950956.75 ], [ 244952.015625000931323, 8950950.5 ], [ 244952.015625005587935, 8950938.000000001862645 ], [ 244958.265625000931323, 8950931.75 ], [ 244964.515625, 8950925.5 ], [ 244970.765625, 8950919.25 ], [ 244977.015624999068677, 8950913.00000000372529 ], [ 244983.265625000931323, 8950906.750000001862645 ], [ 244989.515625000931323, 8950900.5 ], [ 244995.765625, 8950894.25 ], [ 245002.015625, 8950888.0 ], [ 245002.015625, 8950813.000000001862645 ], [ 245008.265624999068677, 8950806.75 ], [ 245014.515625000931323, 8950800.5 ], [ 245014.515625000931323, 8950725.5 ], [ 245008.265624999068677, 8950719.25000000372529 ], [ 245002.015625, 8950713.000000001862645 ], [ 245008.265624999068677, 8950706.75 ], [ 245014.515624999068677, 8950700.5 ], [ 245020.765625002793968, 8950694.25 ], [ 245027.015625, 8950688.00000000372529 ], [ 245027.015624998137355, 8950625.500000005587935 ], [ 245033.265625, 8950619.250000001862645 ], [ 245039.515625, 8950613.0 ], [ 245045.765624999068677, 8950606.75 ], [ 245052.015625000931323, 8950600.5 ], [ 245052.015625000931323, 8950588.000000001862645 ], [ 245045.765625000931323, 8950581.75 ], [ 245033.265625, 8950581.75 ], [ 245027.015625, 8950575.5 ], [ 245027.015625, 8950563.0 ], [ 245033.265625, 8950556.75000000372529 ], [ 245039.515625, 8950550.5 ], [ 245033.265625, 8950544.25 ], [ 245027.015625, 8950538.0 ], [ 245027.015625, 8950500.5 ], [ 245033.265625, 8950494.25000000372529 ], [ 245039.515625, 8950488.000000001862645 ], [ 245039.515625, 8950475.5 ], [ 245033.265625001862645, 8950469.25 ], [ 245027.015625, 8950463.00000000372529 ], [ 245020.765625000931323, 8950456.750000001862645 ], [ 245014.515625000931323, 8950450.5 ], [ 245014.515625000931323, 8950438.0 ], [ 245008.265624999068677, 8950431.75000000372529 ], [ 245002.015625001862645, 8950425.500000001862645 ], [ 245002.015625, 8950413.0 ], [ 245008.265624999068677, 8950406.75 ], [ 245014.515625000931323, 8950400.5 ], [ 245014.515625000931323, 8950375.5 ], [ 245008.265624999068677, 8950369.25 ], [ 245002.015625, 8950363.00000000372529 ], [ 245002.015625, 8950250.5 ], [ 244995.765625, 8950244.25 ], [ 244989.515625000931323, 8950238.00000000372529 ], [ 244989.515625000931323, 8950225.5 ], [ 244983.265625000931323, 8950219.25 ], [ 244977.015624997206032, 8950213.0 ], [ 244970.765625, 8950206.75000000372529 ], [ 244964.515625, 8950200.500000001862645 ], [ 244958.265625007450581, 8950194.25 ], [ 244952.015625000931323, 8950188.0 ], [ 244945.765625001862645, 8950181.75 ], [ 244939.515625, 8950175.5 ], [ 244933.265625, 8950169.250000001862645 ], [ 244927.015625000931323, 8950163.0 ], [ 244920.765625000931323, 8950156.75 ], [ 244914.515625001862645, 8950150.5 ], [ 244908.265625001862645, 8950144.25 ], [ 244902.015625, 8950138.00000000372529 ], [ 244895.765625000931323, 8950131.75 ], [ 244889.515624999068677, 8950125.5 ], [ 244883.265625001862645, 8950119.25 ], [ 244877.015625, 8950113.0 ], [ 244877.015625, 8950100.500000001862645 ], [ 244870.765625002793968, 8950094.25 ], [ 244864.515625000931323, 8950088.0 ], [ 244858.265625002793968, 8950081.75 ], [ 244852.015625001862645, 8950075.50000000372529 ], [ 244852.01562500372529, 8950050.5 ], [ 244845.765625, 8950044.25000000372529 ], [ 244839.515625, 8950038.000000001862645 ], [ 244839.515625001862645, 8950000.5 ], [ 244833.265625000931323, 8949994.25 ], [ 244820.765625000931323, 8949994.25 ], [ 244814.515625, 8949988.0 ], [ 244820.765625000931323, 8949981.75 ], [ 244827.015625000931323, 8949975.500000001862645 ], [ 244833.265625000931323, 8949969.25 ], [ 244870.765624998137355, 8949969.25 ], [ 244877.015625, 8949963.0 ], [ 244883.265624999068677, 8949956.75 ], [ 244889.515625000931323, 8949950.5 ], [ 244895.765625000931323, 8949944.25000000372529 ], [ 244902.015625004656613, 8949938.0 ], [ 244902.015625, 8949925.5 ], [ 244908.265625001862645, 8949919.25 ], [ 244914.51562500372529, 8949913.00000000372529 ], [ 244914.515624999068677, 8949900.5 ], [ 244920.765625000931323, 8949894.25 ], [ 244927.015625002793968, 8949888.0 ], [ 244927.015625002793968, 8949875.500000001862645 ], [ 244933.265625, 8949869.25 ], [ 244939.515625, 8949863.0 ], [ 244945.765625001862645, 8949856.75 ], [ 244952.015625000931323, 8949850.50000000372529 ], [ 244958.265625000931323, 8949844.250000001862645 ], [ 244964.515625, 8949838.0 ], [ 244964.515625, 8949825.5 ], [ 244970.765625, 8949819.25000000372529 ], [ 244977.015624999068677, 8949813.000000001862645 ], [ 244977.015624999068677, 8949788.00000000372529 ], [ 244983.26562500372529, 8949781.750000001862645 ], [ 244989.515625002793968, 8949775.5 ], [ 244989.515625000931323, 8949750.500000001862645 ], [ 244995.765625, 8949744.25 ], [ 245002.015625, 8949738.0 ], [ 245008.265624999068677, 8949731.75 ], [ 245014.515624999068677, 8949725.5 ], [ 245014.515625000931323, 8949713.0 ], [ 245020.765625000931323, 8949706.75 ], [ 245027.015625, 8949700.5 ], [ 245027.015625, 8949675.5 ], [ 245033.265625, 8949669.25 ], [ 245039.515625, 8949663.0 ], [ 245045.765625000931323, 8949656.75000000372529 ], [ 245052.015624999068677, 8949650.500000001862645 ], [ 245052.015624999068677, 8949625.50000000372529 ], [ 245058.265624998137355, 8949619.250000001862645 ], [ 245064.515625, 8949613.0 ], [ 245064.515625, 8949600.5 ], [ 245070.765625, 8949594.25000000372529 ], [ 245077.015625001862645, 8949588.000000001862645 ], [ 245077.015625001862645, 8949525.50000000372529 ], [ 245083.265625000931323, 8949519.25 ], [ 245089.515625000931323, 8949513.0 ], [ 245089.515625000931323, 8949500.5 ], [ 245095.765625004656613, 8949494.25000000372529 ], [ 245102.015625, 8949488.000000001862645 ], [ 245108.265625001862645, 8949481.75 ], [ 245114.515625000931323, 8949475.5 ], [ 245114.515624999068677, 8949450.5 ], [ 245120.765625000931323, 8949444.25 ], [ 245127.015625, 8949438.0 ], [ 245133.265625, 8949431.75000000372529 ], [ 245139.515624999068677, 8949425.500000001862645 ], [ 245133.265625001862645, 8949419.25 ], [ 245127.015625004656613, 8949413.0 ], [ 245127.015625, 8949400.50000000372529 ], [ 245120.765625000931323, 8949394.250000001862645 ], [ 245114.515625000931323, 8949388.0 ], [ 245114.515625000931323, 8949363.000000001862645 ], [ 245108.265625001862645, 8949356.75 ], [ 245102.015625001862645, 8949350.5 ], [ 245102.015625, 8949300.50000000372529 ], [ 245108.265625001862645, 8949294.25 ], [ 245114.515625007450581, 8949288.0 ], [ 245120.765625000931323, 8949281.75 ], [ 245127.015625, 8949275.5 ], [ 245133.265625, 8949269.25000000372529 ], [ 245139.515625001862645, 8949263.000000001862645 ], [ 245139.51562500372529, 8949175.50000000372529 ], [ 245133.265625, 8949169.250000001862645 ], [ 245127.015624998137355, 8949163.0 ], [ 245127.015625004656613, 8949100.5 ], [ 245133.265625, 8949094.25 ], [ 245139.515625005587935, 8949088.0 ], [ 245139.515624999068677, 8949075.50000000372529 ], [ 245145.765625000931323, 8949069.25 ], [ 245152.015625000931323, 8949063.0 ], [ 245158.265625, 8949056.75 ], [ 245164.515625, 8949050.5 ], [ 245164.515625, 8949000.5 ], [ 245170.765625001862645, 8948994.25 ], [ 245177.015625000931323, 8948988.0 ], [ 245183.265625000931323, 8948981.75000000372529 ], [ 245189.515625002793968, 8948975.500000001862645 ], [ 245183.265625000931323, 8948969.25 ], [ 245177.015625000931323, 8948963.0 ], [ 245177.01562500372529, 8948938.0 ], [ 245183.265625000931323, 8948931.75 ], [ 245189.515625, 8948925.5 ], [ 245195.765625001862645, 8948919.25 ], [ 245202.015624997206032, 8948913.000000001862645 ], [ 245208.265624999068677, 8948906.75 ], [ 245214.515625000931323, 8948900.5 ], [ 245220.765625, 8948894.25 ], [ 245227.015625, 8948888.0 ], [ 245227.015625, 8948875.5 ], [ 245233.265625, 8948869.25 ], [ 245239.515625000931323, 8948863.0 ], [ 245245.765625000931323, 8948856.75 ], [ 245252.015625000931323, 8948850.50000000372529 ], [ 245258.265625, 8948844.250000001862645 ], [ 245264.515625001862645, 8948838.0 ], [ 245270.765625001862645, 8948831.75 ], [ 245277.015625002793968, 8948825.5 ], [ 245283.265625002793968, 8948819.25000000372529 ], [ 245289.515625004656613, 8948813.000000001862645 ], [ 245295.765625, 8948806.75 ], [ 245302.015625001862645, 8948800.5 ], [ 245302.015625001862645, 8948788.00000000372529 ], [ 245308.265625000931323, 8948781.750000001862645 ], [ 245314.515625000931323, 8948775.5 ], [ 245320.765625, 8948769.25 ], [ 245327.015625, 8948763.0 ], [ 245333.265625001862645, 8948756.75000000372529 ], [ 245339.515625005587935, 8948750.500000001862645 ], [ 245345.765625000931323, 8948744.25 ], [ 245352.015625004656613, 8948738.0 ], [ 245358.265625, 8948731.75 ], [ 245364.515625001862645, 8948725.500000005587935 ], [ 245364.51562500372529, 8948650.5 ], [ 245358.265625, 8948644.25 ], [ 245352.015625, 8948638.0 ], [ 245352.015624998137355, 8948600.5 ], [ 245345.765625000931323, 8948594.25000000372529 ], [ 245333.265624999068677, 8948594.25000000372529 ], [ 245327.015625, 8948588.000000001862645 ], [ 245327.015625, 8948563.00000000372529 ], [ 245320.765624998137355, 8948556.750000001862645 ], [ 245314.515625000931323, 8948550.5 ], [ 245308.265625000931323, 8948544.25 ], [ 245302.015625001862645, 8948538.0 ], [ 245295.765625, 8948531.75000000372529 ], [ 245258.265625, 8948531.75000000372529 ], [ 245252.015625000931323, 8948525.500000001862645 ], [ 245245.765624999068677, 8948519.25 ], [ 245239.515625000931323, 8948513.0 ], [ 245233.265625001862645, 8948506.75 ], [ 245227.015625, 8948500.5 ], [ 245220.765625, 8948494.250000001862645 ], [ 245195.765625, 8948494.250000001862645 ], [ 245189.515625, 8948488.0 ], [ 245183.265625000931323, 8948481.75 ], [ 245177.015625000931323, 8948475.5 ], [ 245170.76562500372529, 8948469.25 ], [ 245164.515625, 8948463.00000000372529 ], [ 245164.515625, 8948450.5 ], [ 245158.265625, 8948444.25 ], [ 245108.265625001862645, 8948444.25 ], [ 245102.015625, 8948450.5 ], [ 245095.765625, 8948456.75 ], [ 245058.265625000931323, 8948456.75 ], [ 245052.015624999068677, 8948463.00000000372529 ], [ 245045.765624999068677, 8948469.25 ], [ 245033.265625, 8948469.25 ], [ 245027.015625, 8948475.5 ], [ 245020.765625000931323, 8948481.75 ], [ 244983.265625005587935, 8948481.75 ], [ 244977.015624999068677, 8948488.0 ], [ 244970.765625, 8948494.250000001862645 ], [ 244964.515625, 8948500.5 ], [ 244958.265625000931323, 8948506.75 ], [ 244952.015625000931323, 8948513.0 ], [ 244945.765625001862645, 8948519.25 ], [ 244939.515625, 8948525.500000001862645 ], [ 244933.265625, 8948531.75000000372529 ], [ 244927.015625000931323, 8948538.0 ], [ 244920.765624999068677, 8948544.25 ], [ 244914.515625001862645, 8948550.5 ], [ 244914.515625001862645, 8948575.5 ], [ 244908.265625, 8948581.75 ], [ 244902.015625, 8948588.000000001862645 ], [ 244895.765625004656613, 8948594.25000000372529 ], [ 244889.515624999068677, 8948600.5 ], [ 244883.265625001862645, 8948606.75 ], [ 244877.015625, 8948613.0 ], [ 244870.765625, 8948619.250000001862645 ], [ 244864.515625002793968, 8948625.50000000372529 ], [ 244858.265625000931323, 8948631.75 ], [ 244852.015625001862645, 8948638.0 ], [ 244845.765625, 8948644.25 ], [ 244839.515625004656613, 8948650.5 ], [ 244833.265625002793968, 8948656.75000000372529 ], [ 244827.015625000931323, 8948663.0 ], [ 244820.765625000931323, 8948669.25 ], [ 244808.265625, 8948669.25 ], [ 244802.015625, 8948675.5 ], [ 244795.765624999068677, 8948681.75 ], [ 244783.265624999068677, 8948681.75 ], [ 244777.015625, 8948688.000000001862645 ], [ 244770.765625, 8948694.25 ], [ 244758.265625000931323, 8948694.25 ], [ 244752.015625001862645, 8948700.5 ], [ 244745.765625, 8948706.75 ], [ 244595.765624999068677, 8948706.75 ], [ 244589.515625001862645, 8948713.0 ], [ 244583.265625, 8948719.250000001862645 ], [ 244558.265624999068677, 8948719.250000001862645 ], [ 244552.015625, 8948713.0 ], [ 244545.765625, 8948706.75 ], [ 244533.265625000931323, 8948706.75 ], [ 244527.015624999068677, 8948713.0 ], [ 244520.765625, 8948719.250000001862645 ], [ 244445.765625000931323, 8948719.250000001862645 ], [ 244439.515625002793968, 8948725.500000005587935 ], [ 244433.265625001862645, 8948731.75 ], [ 244333.26562500372529, 8948731.75 ], [ 244327.015625, 8948738.0 ], [ 244320.765625, 8948744.25 ], [ 244308.265625000931323, 8948744.25 ], [ 244302.01562500372529, 8948750.500000001862645 ], [ 244295.765625, 8948756.75000000372529 ], [ 244283.265625002793968, 8948756.75000000372529 ], [ 244277.015625000931323, 8948763.0 ], [ 244270.765625001862645, 8948769.25 ], [ 244220.765625002793968, 8948769.25 ], [ 244214.515625002793968, 8948775.5 ], [ 244208.265625000931323, 8948781.750000001862645 ], [ 244202.015625001862645, 8948788.00000000372529 ], [ 244195.765625, 8948794.25 ], [ 244183.265625000931323, 8948794.25 ], [ 244177.015625000931323, 8948800.5 ], [ 244170.765625001862645, 8948806.75 ], [ 244158.265625, 8948806.75 ], [ 244152.015625000931323, 8948813.000000001862645 ], [ 244145.765625000931323, 8948819.25000000372529 ], [ 244108.26562500372529, 8948819.25000000372529 ], [ 244102.015625, 8948825.5 ], [ 244095.765625, 8948831.75 ], [ 244089.515625000931323, 8948838.0 ], [ 244083.265625000931323, 8948844.250000001862645 ], [ 244070.765625, 8948844.250000001862645 ], [ 244064.515625004656613, 8948850.50000000372529 ], [ 244058.265625000931323, 8948856.75 ], [ 244045.765624999068677, 8948856.75 ], [ 244039.515625, 8948863.0 ], [ 244033.265625, 8948869.25 ], [ 244020.765624999068677, 8948869.25 ], [ 244014.515624999068677, 8948875.5 ], [ 244008.265625, 8948881.75000000372529 ], [ 244002.015625, 8948888.0 ], [ 243995.765625002793968, 8948894.25 ], [ 243989.515625002793968, 8948900.5 ], [ 243989.515624999068677, 8948913.000000001862645 ], [ 243983.265625000931323, 8948919.25 ], [ 243977.015625, 8948925.5 ], [ 243970.765625, 8948931.75 ], [ 243964.515625, 8948938.0 ], [ 243958.265625000931323, 8948944.250000001862645 ], [ 243952.01562500372529, 8948950.50000000372529 ], [ 243945.765625001862645, 8948956.75 ], [ 243939.515625, 8948963.0 ], [ 243933.265625, 8948969.25 ], [ 243920.765625000931323, 8948969.25 ], [ 243914.515625001862645, 8948975.500000001862645 ], [ 243908.265625, 8948981.75000000372529 ], [ 243902.015625, 8948988.0 ], [ 243895.765625000931323, 8948994.25 ], [ 243889.515625000931323, 8949000.5 ], [ 243883.265624999068677, 8949006.750000001862645 ], [ 243877.015625, 8949013.00000000372529 ], [ 243870.765625002793968, 8949019.25 ], [ 243858.265625000931323, 8949019.25 ], [ 243852.015624999068677, 8949025.5 ], [ 243845.765625, 8949031.75 ], [ 243795.765625000931323, 8949031.75 ], [ 243789.515624999068677, 8949025.5 ], [ 243783.265625, 8949019.25 ], [ 243770.765625002793968, 8949019.25 ], [ 243764.515625002793968, 8949013.00000000372529 ], [ 243758.265625000931323, 8949006.750000001862645 ], [ 243752.015625001862645, 8949000.5 ], [ 243745.765625, 8948994.25 ], [ 243733.265625002793968, 8948994.25 ], [ 243727.015625000931323, 8948988.0 ], [ 243720.765624999068677, 8948981.75000000372529 ], [ 243695.765625000931323, 8948981.75000000372529 ], [ 243689.515625001862645, 8948975.500000001862645 ], [ 243683.265625001862645, 8948969.25 ], [ 243677.015625, 8948963.0 ], [ 243670.765625002793968, 8948956.75 ], [ 243608.265625000931323, 8948956.75 ], [ 243602.015625000931323, 8948950.50000000372529 ], [ 243595.765625001862645, 8948944.250000001862645 ], [ 243545.765625, 8948944.250000001862645 ], [ 243539.515625000931323, 8948938.0 ], [ 243533.265625000931323, 8948931.75 ], [ 243483.265625004656613, 8948931.75 ], [ 243477.015624998137355, 8948925.5 ], [ 243470.765625000931323, 8948919.25 ], [ 243464.515625001862645, 8948913.000000001862645 ], [ 243458.265625, 8948906.75 ], [ 243370.765624999068677, 8948906.75 ], [ 243364.515625, 8948900.5 ], [ 243358.265625, 8948894.25 ], [ 243352.015625002793968, 8948888.0 ], [ 243345.765625002793968, 8948881.75000000372529 ], [ 243339.515625000931323, 8948875.5 ], [ 243333.265625001862645, 8948869.25 ], [ 243270.765625001862645, 8948869.25 ], [ 243264.515624997206032, 8948875.5 ], [ 243258.265625, 8948881.75000000372529 ], [ 243252.015625000931323, 8948888.0 ], [ 243245.765624999068677, 8948894.25 ], [ 243239.515624999068677, 8948900.5 ], [ 243233.265625, 8948906.75 ], [ 243227.015625, 8948913.000000001862645 ], [ 243220.765625000931323, 8948919.25 ], [ 243145.765625000931323, 8948919.25 ], [ 243139.515625, 8948925.5 ], [ 243133.265625, 8948931.75 ], [ 243127.015625, 8948925.5 ], [ 243120.765624999068677, 8948919.25 ], [ 243108.265624999068677, 8948919.25 ], [ 243102.015625, 8948913.000000001862645 ], [ 243095.765625, 8948906.75 ], [ 243045.765625001862645, 8948906.75 ], [ 243039.515625001862645, 8948913.000000001862645 ], [ 243033.265625, 8948919.25 ], [ 243020.765625000931323, 8948919.25 ], [ 243014.51562500372529, 8948925.5 ], [ 243008.265625001862645, 8948931.75 ], [ 242970.765625, 8948931.75 ], [ 242964.515625000931323, 8948925.5 ], [ 242958.265625000931323, 8948919.25 ], [ 242895.765625000931323, 8948919.25 ], [ 242889.515624999068677, 8948913.000000001862645 ], [ 242883.265625001862645, 8948906.75 ], [ 242877.015625, 8948900.5 ], [ 242877.015625, 8948888.0 ], [ 242870.765625, 8948881.75000000372529 ], [ 242864.515625002793968, 8948875.5 ], [ 242858.265625000931323, 8948869.25 ], [ 242852.01562500372529, 8948863.0 ], [ 242845.765625, 8948856.75 ], [ 242833.265625000931323, 8948856.75 ], [ 242827.015625005587935, 8948850.50000000372529 ], [ 242820.765624999068677, 8948844.250000001862645 ], [ 242758.265625001862645, 8948844.250000001862645 ], [ 242752.015625, 8948838.0 ], [ 242745.765625, 8948831.75 ], [ 242739.515625004656613, 8948825.5 ], [ 242739.515625000931323, 8948813.000000001862645 ], [ 242733.265625002793968, 8948806.75 ], [ 242727.015625000931323, 8948800.5 ], [ 242727.015625000931323, 8948725.500000005587935 ], [ 242720.765625, 8948719.250000001862645 ], [ 242714.515625, 8948713.0 ], [ 242714.515625, 8948675.5 ], [ 242708.265625, 8948669.25 ], [ 242702.015625000931323, 8948663.0 ], [ 242695.765625000931323, 8948656.75000000372529 ], [ 242689.515624999068677, 8948650.5 ], [ 242683.265625, 8948644.25 ], [ 242677.015625, 8948638.0 ], [ 242677.015625, 8948625.50000000372529 ], [ 242670.765625000931323, 8948619.250000001862645 ], [ 242664.515625000931323, 8948613.0 ], [ 242658.265624999068677, 8948606.75 ], [ 242652.015625, 8948600.5 ], [ 242645.765625, 8948594.25000000372529 ], [ 242633.265625005587935, 8948594.25000000372529 ], [ 242627.015624999068677, 8948588.000000001862645 ], [ 242620.765625001862645, 8948581.75 ], [ 242614.515625004656613, 8948575.5 ], [ 242608.265625002793968, 8948569.25 ], [ 242570.765624999068677, 8948569.25 ], [ 242564.515625001862645, 8948563.00000000372529 ], [ 242558.265625, 8948556.750000001862645 ], [ 242552.015625, 8948550.5 ], [ 242545.765625002793968, 8948544.25 ], [ 242539.515624999068677, 8948538.0 ], [ 242533.265625001862645, 8948531.75000000372529 ], [ 242520.765625, 8948531.75000000372529 ], [ 242514.515625000931323, 8948525.500000001862645 ], [ 242508.265625002793968, 8948519.25 ], [ 242502.015625000931323, 8948513.0 ], [ 242495.765625, 8948506.75 ], [ 242408.265624999068677, 8948506.75 ], [ 242402.015625001862645, 8948513.0 ], [ 242395.765625001862645, 8948519.25 ], [ 242383.265625000931323, 8948519.25 ], [ 242377.015625000931323, 8948513.0 ], [ 242370.765624999068677, 8948506.75 ], [ 242345.765625000931323, 8948506.75 ], [ 242339.515625001862645, 8948500.5 ], [ 242339.51562500372529, 8948488.0 ], [ 242333.265625, 8948481.75 ], [ 242327.015625, 8948475.5 ], [ 242320.765625000931323, 8948469.25 ], [ 242314.515625000931323, 8948463.00000000372529 ], [ 242308.265625000931323, 8948456.75 ], [ 242302.015625, 8948450.5 ], [ 242295.765625001862645, 8948444.25 ], [ 242289.515625000931323, 8948438.0 ], [ 242283.265625000931323, 8948431.75000000372529 ], [ 242277.015624999068677, 8948425.500000001862645 ], [ 242270.765625, 8948419.25 ], [ 242258.265625, 8948419.25 ], [ 242252.015624999068677, 8948413.0 ], [ 242245.765625000931323, 8948406.75 ], [ 242233.265625, 8948406.75 ], [ 242227.015625007450581, 8948400.50000000372529 ], [ 242220.765625002793968, 8948394.250000001862645 ], [ 242208.265625001862645, 8948394.250000001862645 ], [ 242202.015625, 8948388.0 ], [ 242195.765625, 8948381.75 ], [ 242183.265625000931323, 8948381.75 ], [ 242177.015624999068677, 8948375.5 ], [ 242170.765625, 8948369.25000000372529 ], [ 242164.515625, 8948363.000000001862645 ], [ 242158.265625000931323, 8948356.75 ], [ 242152.015625000931323, 8948350.5 ], [ 242145.765625001862645, 8948344.25 ], [ 242139.515625001862645, 8948338.00000000372529 ], [ 242133.265625, 8948331.750000001862645 ], [ 242127.015625000931323, 8948325.5 ], [ 242120.765625000931323, 8948319.25 ], [ 241958.265625000931323, 8948319.25 ], [ 241952.015625001862645, 8948313.0 ], [ 241945.765625, 8948306.75000000372529 ], [ 241939.515625, 8948313.0 ], [ 241933.265625000931323, 8948319.25 ], [ 241927.015625000931323, 8948325.5 ], [ 241920.76562500372529, 8948331.750000001862645 ], [ 241914.515625, 8948338.00000000372529 ], [ 241908.265625, 8948344.25 ], [ 241870.765625000931323, 8948344.25 ], [ 241864.515625000931323, 8948338.00000000372529 ], [ 241858.265625000931323, 8948331.750000001862645 ], [ 241845.765625, 8948331.750000001862645 ], [ 241839.515625, 8948325.5 ], [ 241833.265625000931323, 8948319.25 ], [ 241820.765624999068677, 8948319.25 ], [ 241814.515625, 8948325.5 ], [ 241808.265625, 8948331.750000001862645 ], [ 241770.765625000931323, 8948331.750000001862645 ], [ 241764.515624999068677, 8948338.00000000372529 ], [ 241758.26562500372529, 8948344.25 ], [ 241708.265625000931323, 8948344.25 ], [ 241702.015625000931323, 8948338.00000000372529 ], [ 241695.765624999068677, 8948331.750000001862645 ], [ 241689.515625, 8948325.5 ], [ 241683.265625, 8948319.25 ], [ 241677.015625000931323, 8948313.0 ], [ 241670.765625000931323, 8948306.75000000372529 ], [ 241658.265625, 8948306.75000000372529 ], [ 241652.015625001862645, 8948300.500000001862645 ], [ 241645.765625, 8948294.25 ], [ 241558.265625, 8948294.25 ], [ 241552.015625, 8948300.500000001862645 ], [ 241545.765625000931323, 8948306.75000000372529 ], [ 241495.765625001862645, 8948306.75000000372529 ], [ 241489.515625004656613, 8948313.0 ], [ 241483.265625000931323, 8948319.25 ], [ 241458.265625, 8948319.25 ], [ 241452.015625000931323, 8948325.5 ], [ 241445.765625000931323, 8948331.750000001862645 ], [ 241333.265625, 8948331.750000001862645 ], [ 241327.015625004656613, 8948338.00000000372529 ], [ 241320.765625000931323, 8948344.25 ], [ 241308.265624999068677, 8948344.25 ], [ 241302.015625, 8948338.00000000372529 ], [ 241295.765625, 8948331.750000001862645 ], [ 241289.515625002793968, 8948325.5 ], [ 241283.265625000931323, 8948319.25 ], [ 241277.01562500372529, 8948313.0 ], [ 241277.01562500372529, 8948300.500000001862645 ], [ 241270.765625001862645, 8948294.25 ], [ 241264.515625, 8948288.0 ], [ 241264.515624998137355, 8948275.5 ], [ 241258.265625002793968, 8948269.250000001862645 ], [ 241252.015625000931323, 8948263.0 ], [ 241245.765625000931323, 8948256.75 ], [ 241239.515625, 8948250.5 ], [ 241239.515625, 8948200.500000001862645 ], [ 241233.265625, 8948194.25 ], [ 241227.015625, 8948188.0 ], [ 241220.765625002793968, 8948181.75 ], [ 241214.515625000931323, 8948175.50000000372529 ], [ 241214.515625000931323, 8948163.0 ], [ 241208.265624999068677, 8948156.75 ], [ 241202.015625001862645, 8948150.5 ], [ 241202.015625, 8948125.5 ], [ 241195.765625, 8948119.25 ], [ 241189.515625002793968, 8948113.00000000372529 ], [ 241189.515625000931323, 8948100.5 ], [ 241183.265624999068677, 8948094.25 ], [ 241177.015624999068677, 8948088.0 ], [ 241177.015625001862645, 8948075.500000001862645 ], [ 241170.765625, 8948069.25 ], [ 241164.515625, 8948063.0 ], [ 241164.515625004656613, 8948038.0 ], [ 241158.265625002793968, 8948031.75 ], [ 241152.015625000931323, 8948025.5 ], [ 241152.015624999068677, 8947975.500000001862645 ], [ 241145.765624999068677, 8947969.25 ], [ 241139.515625001862645, 8947963.0 ], [ 241139.515624997206032, 8947938.0 ], [ 241145.765625001862645, 8947931.75 ], [ 241152.015624999068677, 8947925.5 ], [ 241152.015625000931323, 8947888.00000000372529 ], [ 241158.265625000931323, 8947881.750000001862645 ], [ 241164.515625, 8947875.5 ], [ 241164.515625, 8947825.5 ], [ 241170.765625, 8947819.25000000372529 ], [ 241177.015624999068677, 8947813.0 ], [ 241177.015624997206032, 8947800.5 ], [ 241183.265625000931323, 8947794.25 ], [ 241189.515625000931323, 8947788.00000000372529 ], [ 241189.515625000931323, 8947675.5 ], [ 241195.765625, 8947669.25 ], [ 241202.015625, 8947663.000000005587935 ], [ 241195.765625, 8947656.750000001862645 ], [ 241158.265625007450581, 8947656.750000001862645 ], [ 241152.015625000931323, 8947663.000000005587935 ], [ 241145.765625001862645, 8947669.25 ], [ 241139.515625, 8947675.5 ], [ 241133.265625, 8947681.75 ], [ 240920.765625001862645, 8947681.75 ], [ 240914.515625, 8947688.000000001862645 ], [ 240908.265625004656613, 8947694.25000000372529 ], [ 240795.765625000931323, 8947694.25000000372529 ], [ 240789.515625, 8947688.000000001862645 ], [ 240783.265625, 8947681.75 ], [ 240777.015625, 8947688.000000001862645 ], [ 240770.765625000931323, 8947694.25000000372529 ], [ 240764.515625005587935, 8947688.000000001862645 ], [ 240758.265624999068677, 8947681.75 ], [ 240752.015625, 8947688.000000001862645 ], [ 240745.765625, 8947694.25000000372529 ], [ 240739.515625000931323, 8947688.000000001862645 ], [ 240733.265625000931323, 8947681.75 ], [ 240727.015625001862645, 8947675.5 ], [ 240720.765625, 8947669.25 ], [ 240714.515625004656613, 8947663.000000005587935 ], [ 240708.265625000931323, 8947656.750000001862645 ], [ 240702.015624999068677, 8947650.5 ], [ 240695.765625005587935, 8947644.25 ], [ 240595.765625, 8947644.25 ], [ 240589.515625, 8947650.5 ], [ 240583.265625, 8947656.750000001862645 ], [ 240577.015625000931323, 8947663.000000005587935 ], [ 240570.765625000931323, 8947669.25 ], [ 240545.765625002793968, 8947669.25 ], [ 240539.515625000931323, 8947675.5 ], [ 240533.26562500372529, 8947681.75 ], [ 240508.265625000931323, 8947681.75 ], [ 240502.015625001862645, 8947675.5 ], [ 240495.765625, 8947669.25 ], [ 240489.515625, 8947663.000000005587935 ], [ 240483.265625000931323, 8947656.750000001862645 ], [ 240458.265625, 8947656.750000001862645 ], [ 240452.015625000931323, 8947650.5 ], [ 240445.765625000931323, 8947644.25 ], [ 240439.515624999068677, 8947638.0 ], [ 240433.265625001862645, 8947631.75 ], [ 240345.765625000931323, 8947631.75 ], [ 240339.515624999068677, 8947625.50000000372529 ], [ 240339.515624999068677, 8947538.0 ], [ 240333.265625, 8947531.75000000372529 ], [ 240327.015625, 8947525.500000001862645 ], [ 240320.765625000931323, 8947519.25 ], [ 240314.515625000931323, 8947513.0 ], [ 240308.265625001862645, 8947506.75 ], [ 240302.015625, 8947500.50000000372529 ], [ 240302.015625, 8947488.0 ], [ 240295.765625, 8947481.75 ], [ 240289.515625000931323, 8947475.5 ], [ 240283.265624999068677, 8947469.25000000372529 ], [ 240270.765625, 8947469.25000000372529 ], [ 240264.515625, 8947463.000000001862645 ], [ 240258.265625000931323, 8947456.75 ], [ 240252.015625000931323, 8947450.5 ], [ 240245.765625001862645, 8947444.25 ], [ 240239.515625, 8947438.0 ], [ 240239.515625, 8947425.5 ], [ 240233.265625, 8947419.25 ], [ 240227.015625000931323, 8947413.0 ], [ 240227.015625002793968, 8947375.5 ], [ 240220.765625000931323, 8947369.25000000372529 ], [ 240214.515624999068677, 8947363.000000001862645 ], [ 240214.515625001862645, 8947338.00000000372529 ], [ 240208.265625, 8947331.750000001862645 ], [ 240202.015625, 8947325.5 ], [ 240202.015625, 8947313.0 ], [ 240195.765625000931323, 8947306.75000000372529 ], [ 240189.515625000931323, 8947300.500000001862645 ], [ 240189.515625000931323, 8947288.0 ], [ 240183.265625000931323, 8947281.75 ], [ 240177.015625001862645, 8947275.50000000372529 ], [ 240177.015625, 8947263.0 ], [ 240170.765625, 8947256.75 ], [ 240158.265624999068677, 8947256.75 ], [ 240152.015624999068677, 8947250.5 ], [ 240145.765624999068677, 8947244.250000005587935 ], [ 240139.515625001862645, 8947238.000000001862645 ], [ 240133.265625, 8947231.75 ], [ 240127.015625000931323, 8947225.5 ], [ 240120.76562500372529, 8947219.25 ], [ 240114.515624999068677, 8947213.0 ], [ 240108.265625001862645, 8947206.750000001862645 ], [ 240102.015625, 8947200.5 ], [ 240095.765625002793968, 8947194.25 ], [ 240089.515625000931323, 8947188.0 ], [ 240083.265624999068677, 8947181.75 ], [ 240077.015625, 8947175.50000000372529 ], [ 240077.015625, 8947050.50000000372529 ], [ 240070.765625, 8947044.250000001862645 ], [ 240064.515625000931323, 8947038.0 ], [ 240064.515625002793968, 8947025.5 ], [ 240058.265625000931323, 8947019.25 ], [ 240052.015625001862645, 8947013.000000001862645 ], [ 240052.015624999068677, 8946900.5 ], [ 240045.765625001862645, 8946894.25 ], [ 240039.515625, 8946888.00000000372529 ], [ 240033.265625000931323, 8946881.750000001862645 ], [ 240027.01562500372529, 8946875.5 ], [ 240027.015625000931323, 8946863.0 ], [ 240020.765625001862645, 8946856.75000000372529 ], [ 240014.515625, 8946850.500000001862645 ], [ 240014.515625, 8946838.0 ], [ 240008.265625, 8946831.75 ], [ 240002.015625002793968, 8946825.50000000372529 ], [ 239995.765625000931323, 8946819.250000001862645 ], [ 239989.515625001862645, 8946813.0 ], [ 239989.515625001862645, 8946800.5 ], [ 239983.265625, 8946794.25 ], [ 239977.015625, 8946788.000000001862645 ], [ 239970.765625000931323, 8946781.75 ], [ 239964.515624999068677, 8946775.5 ], [ 239958.265625000931323, 8946769.25 ], [ 239952.015625, 8946763.0 ], [ 239945.765625, 8946756.75000000372529 ], [ 239939.515625, 8946750.5 ], [ 239933.265625000931323, 8946744.25 ], [ 239908.265625, 8946744.25 ], [ 239902.015624998137355, 8946738.0 ], [ 239902.015625000931323, 8946700.5 ], [ 239895.765625005587935, 8946694.25000000372529 ], [ 239889.515624999068677, 8946688.000000001862645 ], [ 239889.515624999068677, 8946675.5 ], [ 239883.265625, 8946669.25 ], [ 239877.015625, 8946663.00000000372529 ], [ 239883.265625001862645, 8946656.750000001862645 ], [ 239889.515625001862645, 8946650.5 ], [ 239883.265625001862645, 8946644.25 ], [ 239877.015625004656613, 8946638.0 ], [ 239870.765625002793968, 8946631.75000000372529 ], [ 239864.51562500372529, 8946638.0 ], [ 239858.265625001862645, 8946644.25 ], [ 239808.265625000931323, 8946644.25 ], [ 239802.015625000931323, 8946638.0 ], [ 239795.765624999068677, 8946631.75000000372529 ], [ 239770.765625000931323, 8946631.75000000372529 ], [ 239764.515625000931323, 8946625.500000001862645 ], [ 239758.265625, 8946619.25 ], [ 239745.765625, 8946619.25 ], [ 239739.515625000931323, 8946613.0 ], [ 239733.265625000931323, 8946606.75 ], [ 239720.765625001862645, 8946606.75 ], [ 239714.515625, 8946600.5 ], [ 239708.265625000931323, 8946594.250000001862645 ], [ 239702.015624999068677, 8946588.0 ], [ 239695.765625001862645, 8946581.75 ], [ 239689.515625, 8946575.5 ], [ 239683.265625, 8946569.25 ], [ 239677.015625000931323, 8946563.00000000372529 ], [ 239670.765625000931323, 8946556.75 ], [ 239664.515625001862645, 8946550.5 ], [ 239658.265625, 8946544.25 ], [ 239633.265625001862645, 8946544.25 ], [ 239627.015625, 8946538.0 ], [ 239620.765625, 8946531.75000000372529 ], [ 239608.265625000931323, 8946531.75000000372529 ], [ 239602.01562500372529, 8946525.500000001862645 ], [ 239595.765625001862645, 8946519.25 ], [ 239533.265625, 8946519.25 ], [ 239527.015625001862645, 8946513.0 ], [ 239520.765625, 8946506.75 ], [ 239514.515625002793968, 8946500.50000000372529 ], [ 239508.265625005587935, 8946494.250000001862645 ], [ 239502.015624999068677, 8946488.0 ], [ 239495.765625, 8946481.75 ], [ 239489.515625, 8946475.5 ], [ 239483.265625000931323, 8946469.25000000372529 ], [ 239383.265625000931323, 8946469.25000000372529 ], [ 239377.015625001862645, 8946463.000000001862645 ], [ 239370.765625, 8946456.75 ], [ 239358.265625000931323, 8946456.75 ], [ 239352.015624999068677, 8946450.5 ], [ 239345.765625000931323, 8946444.25 ], [ 239339.515625, 8946438.00000000372529 ], [ 239333.265625, 8946431.750000001862645 ], [ 239327.015625, 8946425.5 ], [ 239320.765625000931323, 8946419.25 ], [ 239308.265624999068677, 8946419.25 ], [ 239302.015625, 8946413.0 ], [ 239295.765625, 8946406.75000000372529 ], [ 239270.765625, 8946406.75000000372529 ], [ 239264.515625, 8946413.0 ], [ 239258.265625002793968, 8946419.25 ], [ 239245.765625001862645, 8946419.25 ], [ 239239.515625, 8946425.5 ], [ 239233.265625002793968, 8946431.750000001862645 ], [ 239227.015625000931323, 8946438.00000000372529 ], [ 239227.015625000931323, 8946450.5 ], [ 239220.765625000931323, 8946456.75 ], [ 239214.51562500372529, 8946463.000000001862645 ], [ 239208.265625, 8946469.25000000372529 ], [ 239202.015625, 8946475.5 ], [ 239195.765625002793968, 8946481.75 ], [ 239189.515625000931323, 8946488.0 ], [ 239189.515625005587935, 8946500.50000000372529 ], [ 239183.265625001862645, 8946506.75 ], [ 239177.015625, 8946513.0 ], [ 239170.765625, 8946519.25 ], [ 239164.515625002793968, 8946525.500000001862645 ], [ 239158.265624999068677, 8946531.75000000372529 ], [ 239120.765625000931323, 8946531.75000000372529 ], [ 239114.515625, 8946538.0 ], [ 239108.265625, 8946544.25 ], [ 239102.015625, 8946550.5 ], [ 239095.765625000931323, 8946556.75 ], [ 239070.765625, 8946556.75 ], [ 239064.515625002793968, 8946563.00000000372529 ], [ 239058.265625005587935, 8946569.25 ], [ 239020.76562500372529, 8946569.25 ], [ 239014.515625, 8946563.00000000372529 ], [ 239008.265625002793968, 8946556.75 ], [ 238945.765625, 8946556.75 ], [ 238939.515625000931323, 8946550.5 ], [ 238933.265625002793968, 8946544.25 ], [ 238920.765625, 8946544.25 ], [ 238914.515625, 8946538.0 ], [ 238908.265625000931323, 8946531.75000000372529 ], [ 238902.015625002793968, 8946525.500000001862645 ], [ 238902.015625000931323, 8946513.0 ], [ 238895.765625005587935, 8946506.75 ], [ 238889.515625, 8946500.50000000372529 ], [ 238889.515625001862645, 8946488.0 ], [ 238883.265625, 8946481.75 ], [ 238877.015625, 8946475.5 ], [ 238877.015625, 8946463.000000001862645 ], [ 238870.765625000931323, 8946456.75 ], [ 238858.265624999068677, 8946456.75 ], [ 238852.015625, 8946450.5 ], [ 238845.765625, 8946444.25 ], [ 238839.515625002793968, 8946438.00000000372529 ], [ 238833.265624999068677, 8946431.750000001862645 ], [ 238827.015625001862645, 8946425.5 ], [ 238820.765625, 8946419.25 ], [ 238814.515625, 8946413.0 ], [ 238814.515625, 8946400.500000001862645 ], [ 238808.265625000931323, 8946394.25 ], [ 238802.015624999068677, 8946388.0 ], [ 238795.76562500372529, 8946381.75 ], [ 238789.515625, 8946375.5 ], [ 238783.265624998137355, 8946369.250000001862645 ], [ 238777.015625000931323, 8946363.0 ], [ 238770.765624999068677, 8946356.75 ], [ 238764.51562500372529, 8946350.5 ], [ 238758.265625, 8946344.25 ], [ 238752.015625, 8946338.00000000372529 ], [ 238745.765625004656613, 8946331.75 ], [ 238739.515624999068677, 8946325.5 ], [ 238733.265625001862645, 8946319.25 ], [ 238720.765625001862645, 8946319.25 ], [ 238714.515625000931323, 8946313.0 ], [ 238708.265625002793968, 8946306.75000000372529 ], [ 238702.015624999068677, 8946300.500000001862645 ], [ 238702.015625000931323, 8946275.50000000372529 ], [ 238695.765625001862645, 8946269.250000001862645 ], [ 238689.515625, 8946263.0 ], [ 238683.265625, 8946256.75 ], [ 238658.265625001862645, 8946256.75 ], [ 238652.015625, 8946250.5 ], [ 238645.765625000931323, 8946244.25000000372529 ], [ 238583.265625000931323, 8946244.25000000372529 ], [ 238577.015625000931323, 8946238.000000001862645 ], [ 238570.765625001862645, 8946231.75 ], [ 238564.515625, 8946225.5 ], [ 238558.265625, 8946219.25 ], [ 238520.765625000931323, 8946219.25 ], [ 238514.515624999068677, 8946225.5 ], [ 238508.265625001862645, 8946231.75 ], [ 238495.765625, 8946231.75 ], [ 238489.515625000931323, 8946225.5 ], [ 238483.265625000931323, 8946219.25 ], [ 238477.015625000931323, 8946225.5 ], [ 238470.765625, 8946231.75 ], [ 238370.765625001862645, 8946231.75 ], [ 238364.515625, 8946238.000000001862645 ], [ 238358.265625000931323, 8946244.25000000372529 ], [ 238283.265624999068677, 8946244.25000000372529 ], [ 238277.015625, 8946250.5 ], [ 238270.765625, 8946256.75 ], [ 238195.765624998137355, 8946256.75 ], [ 238189.515624999068677, 8946250.5 ], [ 238183.265625001862645, 8946244.25000000372529 ], [ 238170.765625, 8946244.25000000372529 ], [ 238164.515625000931323, 8946250.5 ], [ 238158.265625000931323, 8946256.75 ], [ 238145.765625, 8946256.75 ], [ 238139.515625, 8946263.0 ], [ 238133.265625000931323, 8946269.250000001862645 ], [ 238127.015625000931323, 8946275.50000000372529 ], [ 238120.765625001862645, 8946281.75 ], [ 238114.515625, 8946288.0 ], [ 238108.265625, 8946294.25 ], [ 238102.015625000931323, 8946300.500000001862645 ], [ 238095.765624999068677, 8946306.75000000372529 ], [ 238089.515624999068677, 8946313.0 ], [ 238089.515625001862645, 8946325.5 ], [ 238083.265625001862645, 8946331.75 ], [ 238077.015625, 8946338.00000000372529 ], [ 238070.765624998137355, 8946344.25 ], [ 238064.515624999068677, 8946350.5 ], [ 238058.265624999068677, 8946356.75 ], [ 238052.015625, 8946363.0 ], [ 238052.015625, 8946375.5 ], [ 238045.765625, 8946381.75 ], [ 238039.515625, 8946388.0 ], [ 238033.265625000931323, 8946394.25 ], [ 238027.015625000931323, 8946400.500000001862645 ], [ 238020.765624999068677, 8946406.75000000372529 ], [ 238014.515625, 8946413.0 ], [ 238008.265625, 8946419.25 ], [ 237995.765625005587935, 8946419.25 ], [ 237989.515625001862645, 8946425.5 ], [ 237983.265625, 8946431.750000001862645 ], [ 237970.765625000931323, 8946431.750000001862645 ], [ 237964.515625000931323, 8946438.00000000372529 ], [ 237958.265625001862645, 8946444.25 ], [ 237945.765625, 8946444.25 ], [ 237939.515625000931323, 8946450.5 ], [ 237933.265625000931323, 8946456.75 ], [ 237908.265625000931323, 8946456.75 ], [ 237902.015625000931323, 8946463.000000001862645 ], [ 237895.765625001862645, 8946469.25000000372529 ], [ 237889.515625, 8946475.5 ], [ 237883.265625, 8946481.75 ], [ 237877.015625000931323, 8946488.0 ], [ 237870.765625000931323, 8946494.250000001862645 ], [ 237864.515624999068677, 8946500.50000000372529 ], [ 237858.265625001862645, 8946506.75 ], [ 237845.765625, 8946506.75 ], [ 237839.515625000931323, 8946513.0 ], [ 237833.265625000931323, 8946519.25 ], [ 237827.015624999068677, 8946525.500000001862645 ], [ 237820.765625, 8946531.75000000372529 ], [ 237814.515625, 8946538.0 ], [ 237808.265625000931323, 8946544.25 ], [ 237770.765625000931323, 8946544.25 ], [ 237764.515625001862645, 8946550.5 ], [ 237758.265625, 8946556.75 ], [ 237745.765625000931323, 8946556.75 ], [ 237739.51562500372529, 8946563.00000000372529 ], [ 237733.26562500372529, 8946569.25 ], [ 237727.015625, 8946575.5 ], [ 237720.765625, 8946581.75 ], [ 237714.515625000931323, 8946588.0 ], [ 237708.265625000931323, 8946594.250000001862645 ], [ 237695.765625, 8946594.250000001862645 ], [ 237689.515624998137355, 8946600.5 ], [ 237683.265625000931323, 8946606.75 ], [ 237670.765624999068677, 8946606.75 ], [ 237664.515625, 8946613.0 ], [ 237658.265625, 8946619.25 ], [ 237633.265625, 8946619.25 ], [ 237627.015625, 8946625.500000001862645 ], [ 237620.765625, 8946631.75000000372529 ], [ 237614.515625000931323, 8946638.0 ], [ 237608.265625000931323, 8946644.25 ], [ 237602.015624999068677, 8946650.5 ], [ 237595.765625, 8946656.750000001862645 ], [ 237570.765625001862645, 8946656.750000001862645 ], [ 237564.515625, 8946650.5 ], [ 237558.265625004656613, 8946644.25 ], [ 237552.015625000931323, 8946638.0 ], [ 237545.765625000931323, 8946631.75000000372529 ], [ 237539.515624999068677, 8946625.500000001862645 ], [ 237533.265625, 8946619.25 ], [ 237527.015625, 8946613.0 ], [ 237520.765625000931323, 8946606.75 ], [ 237514.515625000931323, 8946600.5 ], [ 237508.265625001862645, 8946594.250000001862645 ], [ 237495.765625, 8946594.250000001862645 ], [ 237489.515625002793968, 8946588.0 ], [ 237483.265624999068677, 8946581.75 ], [ 237383.265625005587935, 8946581.75 ], [ 237377.015624999068677, 8946575.5 ], [ 237370.765625, 8946569.25 ], [ 237358.265625000931323, 8946569.25 ], [ 237352.015625000931323, 8946575.5 ], [ 237345.765624999068677, 8946581.75 ], [ 237339.515625, 8946588.0 ], [ 237333.265625, 8946594.250000001862645 ], [ 237283.26562500372529, 8946594.250000001862645 ], [ 237277.015625, 8946588.0 ], [ 237270.765625, 8946581.75 ], [ 237233.265625002793968, 8946581.75 ], [ 237227.015625000931323, 8946588.0 ], [ 237220.765625000931323, 8946594.250000001862645 ], [ 237195.765625000931323, 8946594.250000001862645 ], [ 237189.515625000931323, 8946600.5 ], [ 237183.265625001862645, 8946606.75 ], [ 237120.765624999068677, 8946606.75 ], [ 237114.515625, 8946600.5 ], [ 237108.265625, 8946594.250000001862645 ], [ 237095.765625000931323, 8946594.250000001862645 ], [ 237089.51562500372529, 8946588.0 ], [ 237089.515625001862645, 8946575.5 ], [ 237083.265625, 8946569.25 ], [ 237070.765625000931323, 8946569.25 ], [ 237064.515625000931323, 8946563.00000000372529 ], [ 237058.26562500372529, 8946556.75 ], [ 237052.015625001862645, 8946550.5 ], [ 237045.765625, 8946544.25 ], [ 237033.265625000931323, 8946544.25 ], [ 237027.015625001862645, 8946538.0 ], [ 237020.765625001862645, 8946531.75000000372529 ], [ 237008.265625000931323, 8946531.75000000372529 ], [ 237002.015625000931323, 8946525.500000001862645 ], [ 236995.765624999068677, 8946519.25 ], [ 236933.265625000931323, 8946519.25 ], [ 236927.015624999068677, 8946525.500000001862645 ], [ 236920.765625, 8946531.75000000372529 ], [ 236908.265625000931323, 8946531.75000000372529 ], [ 236902.015625000931323, 8946525.500000001862645 ], [ 236895.765625001862645, 8946519.25 ], [ 236858.265625, 8946519.25 ], [ 236852.015625, 8946513.0 ], [ 236845.765625000931323, 8946506.75 ], [ 236839.515625002793968, 8946500.50000000372529 ], [ 236833.265625001862645, 8946494.250000001862645 ], [ 236820.765625, 8946494.250000001862645 ], [ 236814.515625000931323, 8946488.0 ], [ 236808.265625000931323, 8946481.75 ], [ 236802.015625000931323, 8946475.5 ], [ 236795.765625, 8946469.25000000372529 ], [ 236789.515625, 8946463.000000001862645 ], [ 236783.265625, 8946456.75 ], [ 236770.765624999068677, 8946456.75 ], [ 236764.515624999068677, 8946450.5 ], [ 236758.265625, 8946444.25 ], [ 236752.015625, 8946438.00000000372529 ], [ 236745.765625002793968, 8946431.750000001862645 ], [ 236733.265625001862645, 8946431.750000001862645 ], [ 236727.015625, 8946425.5 ], [ 236720.765625, 8946419.25 ], [ 236714.515624998137355, 8946413.0 ], [ 236708.26562500372529, 8946406.75000000372529 ], [ 236702.015624999068677, 8946400.500000001862645 ], [ 236695.765625, 8946394.25 ], [ 236683.265625000931323, 8946394.25 ], [ 236677.015625005587935, 8946388.0 ], [ 236670.765625001862645, 8946381.75 ], [ 236664.515625001862645, 8946375.5 ], [ 236658.265625, 8946369.250000001862645 ], [ 236645.765625000931323, 8946369.250000001862645 ], [ 236639.51562500372529, 8946363.0 ], [ 236633.26562500372529, 8946356.75 ], [ 236627.015625, 8946350.5 ], [ 236620.765625000931323, 8946344.25 ], [ 236614.515625000931323, 8946338.00000000372529 ], [ 236608.265625001862645, 8946331.75 ], [ 236595.765625, 8946331.75 ], [ 236589.515625000931323, 8946325.5 ], [ 236583.265625002793968, 8946319.25 ], [ 236577.015624999068677, 8946313.0 ], [ 236570.765625, 8946306.75000000372529 ], [ 236564.515625, 8946300.500000001862645 ], [ 236558.265625, 8946294.25 ], [ 236552.015624999068677, 8946288.0 ], [ 236545.765625000931323, 8946281.75 ], [ 236539.515624999068677, 8946275.50000000372529 ], [ 236533.265625, 8946269.250000001862645 ], [ 236508.265625001862645, 8946269.250000001862645 ], [ 236502.015625, 8946263.0 ], [ 236495.765625004656613, 8946256.75 ], [ 236470.765625, 8946256.75 ], [ 236464.515624998137355, 8946250.5 ], [ 236464.515625, 8946225.5 ], [ 236458.265625002793968, 8946219.25 ], [ 236452.015624999068677, 8946213.00000000372529 ], [ 236445.765625005587935, 8946206.750000001862645 ], [ 236439.515625001862645, 8946200.5 ], [ 236439.515625, 8946163.0 ], [ 236433.265624998137355, 8946156.75 ], [ 236427.015625000931323, 8946150.5 ], [ 236420.765625000931323, 8946144.25000000372529 ], [ 236414.515625001862645, 8946138.0 ], [ 236414.515625001862645, 8946125.5 ], [ 236408.265625, 8946119.25 ], [ 236402.015625, 8946113.00000000372529 ], [ 236395.765625000931323, 8946106.750000001862645 ], [ 236389.515625000931323, 8946100.5 ], [ 236389.515625002793968, 8946050.50000000372529 ], [ 236395.765625000931323, 8946044.250000001862645 ], [ 236402.015625, 8946038.0 ], [ 236402.015625, 8946000.5 ], [ 236408.265625, 8945994.25 ], [ 236414.515625001862645, 8945988.00000000372529 ], [ 236414.51562500372529, 8945950.500000001862645 ], [ 236408.265625, 8945944.25 ], [ 236402.015625, 8945938.0 ], [ 236402.015625, 8945925.5 ], [ 236395.765625002793968, 8945919.25000000372529 ], [ 236389.515625000931323, 8945913.0 ], [ 236383.265625000931323, 8945906.75 ], [ 236377.015625, 8945900.5 ], [ 236370.765625, 8945894.25 ], [ 236364.515624998137355, 8945888.00000000372529 ], [ 236358.265625000931323, 8945881.750000001862645 ], [ 236352.015625000931323, 8945875.5 ], [ 236345.765624999068677, 8945869.25 ], [ 236339.515625001862645, 8945863.0 ], [ 236333.265625, 8945856.75000000372529 ], [ 236327.015625000931323, 8945850.500000001862645 ], [ 236320.765625000931323, 8945844.25 ], [ 236314.515624999068677, 8945838.0 ], [ 236308.265625, 8945831.75 ], [ 236302.015625, 8945825.50000000372529 ], [ 236302.015625004656613, 8945775.5 ], [ 236295.765624998137355, 8945769.25 ], [ 236289.515625000931323, 8945763.000000005587935 ], [ 236283.265625001862645, 8945756.750000001862645 ], [ 236277.015624997206032, 8945750.5 ], [ 236277.015625, 8945738.0 ], [ 236270.765625, 8945731.75 ], [ 236264.515625002793968, 8945725.500000001862645 ], [ 236264.515625002793968, 8945713.0 ], [ 236258.265625000931323, 8945706.75 ], [ 236252.015625001862645, 8945700.5 ], [ 236245.765625, 8945694.25000000372529 ], [ 236220.765625001862645, 8945694.25000000372529 ], [ 236214.515625, 8945688.0 ], [ 236208.265625, 8945681.75 ], [ 236202.015625000931323, 8945675.5 ], [ 236195.765625002793968, 8945669.25 ], [ 236183.265625, 8945669.25 ], [ 236177.015625001862645, 8945663.00000000372529 ], [ 236170.765625000931323, 8945656.750000001862645 ], [ 236164.515625000931323, 8945650.5 ], [ 236158.265625000931323, 8945644.25 ], [ 236108.265625004656613, 8945644.25 ], [ 236102.015625002793968, 8945638.0 ], [ 236095.765624999068677, 8945631.75000000372529 ], [ 236083.265625, 8945631.75000000372529 ], [ 236077.015625, 8945625.500000001862645 ], [ 236070.765625000931323, 8945619.25 ], [ 235983.265625, 8945619.25 ], [ 235977.015625000931323, 8945613.0 ], [ 235970.765625000931323, 8945606.75 ], [ 235920.765625, 8945606.75 ], [ 235914.515625, 8945600.50000000372529 ], [ 235908.265625002793968, 8945594.250000001862645 ], [ 235783.265625000931323, 8945594.250000001862645 ], [ 235777.015625000931323, 8945600.50000000372529 ], [ 235770.765625001862645, 8945606.75 ], [ 235695.765625, 8945606.75 ], [ 235689.515625, 8945600.50000000372529 ], [ 235683.265624998137355, 8945594.250000001862645 ], [ 235670.765625001862645, 8945594.250000001862645 ], [ 235664.515625, 8945588.0 ], [ 235658.265625, 8945581.75 ], [ 235645.765625000931323, 8945581.75 ], [ 235639.515625001862645, 8945575.5 ], [ 235633.265625, 8945569.25000000372529 ], [ 235620.765625002793968, 8945569.25000000372529 ], [ 235614.51562500372529, 8945563.000000001862645 ], [ 235608.265624999068677, 8945556.75 ], [ 235570.765625001862645, 8945556.75 ], [ 235564.515625, 8945563.000000001862645 ], [ 235558.265625000931323, 8945569.25000000372529 ], [ 235470.765625, 8945569.25000000372529 ], [ 235464.515625, 8945563.000000001862645 ], [ 235458.265625000931323, 8945556.75 ], [ 235452.01562500372529, 8945550.5 ], [ 235445.765625001862645, 8945544.25 ], [ 235433.265625, 8945544.25 ], [ 235427.015625000931323, 8945538.0 ], [ 235420.765625005587935, 8945531.750000001862645 ], [ 235383.265625001862645, 8945531.750000001862645 ], [ 235377.015625, 8945525.5 ], [ 235370.765625, 8945519.25 ], [ 235364.515625000931323, 8945513.0 ], [ 235358.265625000931323, 8945506.75 ], [ 235352.015624999068677, 8945500.50000000372529 ], [ 235345.765625, 8945494.25 ], [ 235339.515625001862645, 8945488.0 ], [ 235333.265625000931323, 8945481.75 ], [ 235327.015625000931323, 8945475.5 ], [ 235320.765625000931323, 8945469.25000000372529 ], [ 235314.515625, 8945463.000000001862645 ], [ 235308.265625001862645, 8945456.75 ], [ 235302.015625, 8945450.5 ], [ 235295.765625000931323, 8945444.25 ], [ 235289.515624999068677, 8945438.00000000372529 ], [ 235283.265624999068677, 8945431.750000001862645 ], [ 235277.015625, 8945425.5 ], [ 235270.765625, 8945419.25 ], [ 235264.515624998137355, 8945413.0 ], [ 235258.265625000931323, 8945406.75000000372529 ], [ 235252.015625001862645, 8945400.500000001862645 ], [ 235245.765625001862645, 8945394.25 ], [ 235239.515625002793968, 8945388.0 ], [ 235233.265625000931323, 8945381.75 ], [ 235227.015625000931323, 8945375.50000000372529 ], [ 235220.765624999068677, 8945369.250000001862645 ], [ 235214.515625, 8945363.0 ], [ 235208.265625002793968, 8945356.75 ], [ 235202.015625000931323, 8945350.5 ], [ 235195.765625000931323, 8945344.25000000372529 ], [ 235189.515625001862645, 8945338.000000001862645 ], [ 235183.265625, 8945331.75 ], [ 235177.015625, 8945325.5 ], [ 235170.765625000931323, 8945319.25 ], [ 235164.515625000931323, 8945313.0 ], [ 235158.265625001862645, 8945306.750000001862645 ], [ 235152.015625, 8945300.5 ], [ 235145.765625, 8945294.25 ], [ 235139.515625000931323, 8945288.0 ], [ 235133.265625000931323, 8945281.75 ], [ 235127.01562500372529, 8945275.50000000372529 ], [ 235127.015625001862645, 8945263.0 ], [ 235120.765625, 8945256.75 ], [ 235114.515625, 8945250.5 ], [ 235108.265625002793968, 8945244.25000000372529 ], [ 235102.015624999068677, 8945238.000000001862645 ], [ 235095.765625000931323, 8945231.75 ], [ 235089.515625, 8945225.5 ], [ 235083.265625, 8945219.25 ], [ 235077.015625, 8945213.00000000372529 ], [ 235077.015625, 8945200.5 ], [ 235070.765624999068677, 8945194.25 ], [ 235064.515625000931323, 8945188.0 ], [ 235064.515625000931323, 8945113.000000001862645 ], [ 235058.26562500372529, 8945106.75 ], [ 235052.015625, 8945100.5 ], [ 235045.765625, 8945094.25 ], [ 235039.515625000931323, 8945088.0 ], [ 235033.265625000931323, 8945081.75000000372529 ], [ 235027.01562500372529, 8945075.5 ], [ 235027.015624999068677, 8945050.50000000372529 ], [ 235020.765625, 8945044.250000001862645 ], [ 235014.515625004656613, 8945038.0 ], [ 235014.515625002793968, 8945025.5 ], [ 235008.265625000931323, 8945019.25000000372529 ], [ 235002.015625000931323, 8945013.000000001862645 ], [ 234995.765625001862645, 8945006.75 ], [ 234989.515625, 8945000.5 ], [ 234983.265625, 8944994.25 ], [ 234977.015625000931323, 8944988.00000000372529 ], [ 234977.015625000931323, 8944975.5 ], [ 234970.765624999068677, 8944969.25 ], [ 234964.515624999068677, 8944963.0 ], [ 234964.515624999068677, 8944925.50000000372529 ], [ 234958.265625, 8944919.250000001862645 ], [ 234952.015625002793968, 8944913.0 ], [ 234952.015625, 8944888.000000001862645 ], [ 234945.765625000931323, 8944881.75 ], [ 234939.515624999068677, 8944875.5 ], [ 234939.515625000931323, 8944863.0 ], [ 234933.265625001862645, 8944856.75000000372529 ], [ 234927.015625, 8944850.5 ], [ 234920.765625, 8944844.25 ], [ 234914.515624998137355, 8944838.0 ], [ 234914.515625000931323, 8944813.0 ], [ 234908.265625000931323, 8944806.75 ], [ 234902.015625000931323, 8944800.5 ], [ 234902.015625000931323, 8944788.000000001862645 ], [ 234908.265625000931323, 8944781.75 ], [ 234914.515625000931323, 8944775.5 ], [ 234908.265625002793968, 8944769.25 ], [ 234902.015624999068677, 8944763.00000000372529 ], [ 234902.015625000931323, 8944625.500000001862645 ], [ 234895.765625, 8944619.25 ], [ 234808.265624999068677, 8944619.25 ], [ 234802.015625001862645, 8944613.0 ], [ 234795.765625, 8944606.75 ], [ 234770.765625001862645, 8944606.75 ], [ 234764.515625, 8944600.50000000372529 ], [ 234758.265625, 8944594.250000001862645 ], [ 234752.015625002793968, 8944588.0 ], [ 234745.765625000931323, 8944581.75 ], [ 234733.265625, 8944581.75 ], [ 234727.015625002793968, 8944575.5 ], [ 234720.765625002793968, 8944569.25000000372529 ], [ 234714.515625002793968, 8944563.000000001862645 ], [ 234708.265625001862645, 8944556.75 ], [ 234702.015625, 8944550.5 ], [ 234695.765625, 8944544.25 ], [ 234689.515625000931323, 8944538.00000000372529 ], [ 234689.515625000931323, 8944525.5 ], [ 234683.265625000931323, 8944519.25 ], [ 234670.765625, 8944519.25 ], [ 234664.515625, 8944513.0 ], [ 234658.265625, 8944506.75000000372529 ], [ 234633.265625, 8944506.75000000372529 ], [ 234627.015625, 8944513.0 ], [ 234620.765625000931323, 8944519.25 ], [ 234614.515625000931323, 8944525.5 ], [ 234608.265624999068677, 8944531.750000001862645 ], [ 234558.265625002793968, 8944531.750000001862645 ], [ 234552.015625000931323, 8944525.5 ], [ 234545.765625001862645, 8944519.25 ], [ 234458.265625000931323, 8944519.25 ], [ 234452.015625000931323, 8944525.5 ], [ 234445.765624999068677, 8944531.750000001862645 ], [ 234433.265625, 8944531.750000001862645 ], [ 234427.015625000931323, 8944538.00000000372529 ], [ 234427.015624999068677, 8944550.5 ], [ 234420.765625005587935, 8944556.75 ], [ 234414.515624997206032, 8944563.000000001862645 ], [ 234408.265625, 8944569.25000000372529 ], [ 234402.015625, 8944575.5 ], [ 234402.015625, 8944638.0 ], [ 234395.76562499627471, 8944644.25 ], [ 234383.265625001862645, 8944644.25 ], [ 234377.015625, 8944638.0 ], [ 234370.765625004656613, 8944631.75000000372529 ], [ 234333.265625000931323, 8944631.75000000372529 ], [ 234327.015625000931323, 8944625.500000001862645 ], [ 234320.765625001862645, 8944619.25 ], [ 234314.515625, 8944613.0 ], [ 234308.265625, 8944606.75 ], [ 234245.765625, 8944606.75 ], [ 234239.515625, 8944600.50000000372529 ], [ 234233.265624999068677, 8944594.250000001862645 ], [ 234208.265625, 8944594.250000001862645 ], [ 234202.015624998137355, 8944588.0 ], [ 234195.765625000931323, 8944581.75 ], [ 234189.515625001862645, 8944575.5 ], [ 234183.265625001862645, 8944569.25000000372529 ], [ 234158.265625001862645, 8944569.25000000372529 ], [ 234152.015625, 8944563.000000001862645 ], [ 234145.765625, 8944556.75 ], [ 234139.515625000931323, 8944550.5 ], [ 234133.265625005587935, 8944544.25 ], [ 234120.765625001862645, 8944544.25 ], [ 234114.515625, 8944538.00000000372529 ], [ 234108.265625000931323, 8944531.750000001862645 ], [ 234102.015624999068677, 8944525.5 ], [ 234095.765624999068677, 8944519.25 ], [ 234070.765625000931323, 8944519.25 ], [ 234064.515625000931323, 8944513.0 ], [ 234058.265625, 8944506.75000000372529 ], [ 234045.765625002793968, 8944506.75000000372529 ], [ 234039.515625000931323, 8944500.500000001862645 ], [ 234033.265625000931323, 8944494.25 ], [ 234027.015625, 8944488.0 ], [ 234020.765625, 8944481.75 ], [ 233995.765624999068677, 8944481.75 ], [ 233989.515625, 8944475.5 ], [ 233983.265625004656613, 8944469.250000001862645 ], [ 233977.015625000931323, 8944463.0 ], [ 233970.765625000931323, 8944456.75 ], [ 233964.515624999068677, 8944450.5 ], [ 233958.265625, 8944444.25 ], [ 233945.765625000931323, 8944444.25 ], [ 233939.515625000931323, 8944438.00000000372529 ], [ 233933.265625001862645, 8944431.75 ], [ 233927.015625, 8944425.5 ], [ 233920.765625, 8944419.25 ], [ 233914.515625000931323, 8944413.0 ], [ 233908.265625000931323, 8944406.75000000372529 ], [ 233902.015625001862645, 8944400.500000001862645 ], [ 233895.765625, 8944394.25 ], [ 233883.265625002793968, 8944394.25 ], [ 233877.015624999068677, 8944388.0 ], [ 233870.765625001862645, 8944381.75 ], [ 233864.515625, 8944375.50000000372529 ], [ 233858.265625, 8944369.250000001862645 ], [ 233852.015625000931323, 8944363.0 ], [ 233845.765624999068677, 8944356.75 ], [ 233833.265625001862645, 8944356.75 ], [ 233827.015625001862645, 8944350.5 ], [ 233820.765625, 8944344.25000000372529 ], [ 233795.765625001862645, 8944344.25000000372529 ], [ 233789.515625, 8944338.000000001862645 ], [ 233783.265625002793968, 8944331.75 ], [ 233770.765625001862645, 8944331.75 ], [ 233764.515625, 8944325.5 ], [ 233758.265625, 8944319.25 ], [ 233733.265625, 8944319.25 ], [ 233727.015625, 8944313.00000000372529 ], [ 233720.765625000931323, 8944306.750000001862645 ], [ 233695.765625004656613, 8944306.750000001862645 ], [ 233689.515625000931323, 8944300.5 ], [ 233683.265625000931323, 8944294.25 ], [ 233658.265625002793968, 8944294.25 ], [ 233652.015625000931323, 8944288.0 ], [ 233645.765625001862645, 8944281.750000005587935 ], [ 233639.515625, 8944275.500000001862645 ], [ 233639.515625001862645, 8944263.0 ], [ 233633.265625, 8944256.75 ], [ 233627.015625000931323, 8944250.5 ], [ 233620.765625000931323, 8944244.25000000372529 ], [ 233614.515625000931323, 8944238.0 ], [ 233608.265625001862645, 8944231.75 ], [ 233602.015624998137355, 8944225.5 ], [ 233595.765625, 8944219.25 ], [ 233589.515625000931323, 8944213.00000000372529 ], [ 233583.265625005587935, 8944206.75 ], [ 233545.765624999068677, 8944206.75 ], [ 233539.515625, 8944200.5 ], [ 233533.265625, 8944194.25 ], [ 233527.015625000931323, 8944188.0 ], [ 233520.765625000931323, 8944181.75000000372529 ], [ 233514.515625001862645, 8944175.500000001862645 ], [ 233508.265625001862645, 8944169.25 ], [ 233502.015625, 8944163.0 ], [ 233495.765625000931323, 8944156.75 ], [ 233489.515625000931323, 8944150.50000000372529 ], [ 233483.265625001862645, 8944144.250000001862645 ], [ 233477.015625, 8944138.0 ], [ 233470.765625, 8944131.75 ], [ 233464.515625000931323, 8944125.5 ], [ 233458.265624999068677, 8944119.25000000372529 ], [ 233452.015624999068677, 8944113.000000001862645 ], [ 233445.765625, 8944106.75 ], [ 233433.265625000931323, 8944106.75 ], [ 233427.015625000931323, 8944100.5 ], [ 233420.765625000931323, 8944094.25 ], [ 233383.265624999068677, 8944094.25 ], [ 233377.015625, 8944100.5 ], [ 233370.765625, 8944106.75 ], [ 233364.515624998137355, 8944113.000000001862645 ], [ 233358.265625000931323, 8944119.25000000372529 ], [ 233333.265625000931323, 8944119.25000000372529 ], [ 233327.015625000931323, 8944125.5 ], [ 233320.765625001862645, 8944131.75 ], [ 233314.515625001862645, 8944138.0 ], [ 233308.265625, 8944144.250000001862645 ], [ 233302.015625000931323, 8944150.50000000372529 ], [ 233295.765625000931323, 8944156.75 ], [ 233133.265625000931323, 8944156.75 ], [ 233127.015624999068677, 8944163.0 ], [ 233120.765625, 8944169.25 ], [ 233020.765625, 8944169.25 ], [ 233014.515625000931323, 8944175.500000001862645 ], [ 233008.265625002793968, 8944181.75000000372529 ], [ 232995.765625, 8944181.75000000372529 ], [ 232989.515625, 8944188.0 ], [ 232989.515625001862645, 8944200.5 ], [ 232983.265625, 8944206.75 ], [ 232977.015625000931323, 8944213.00000000372529 ], [ 232977.015625000931323, 8944238.0 ], [ 232970.765625000931323, 8944244.25000000372529 ], [ 232964.515624999068677, 8944250.5 ], [ 232964.515624999068677, 8944263.0 ], [ 232958.265625, 8944269.25 ], [ 232952.015625, 8944275.500000001862645 ], [ 232945.76562499627471, 8944281.750000005587935 ], [ 232939.515625000931323, 8944288.0 ], [ 232933.265624999068677, 8944294.25 ], [ 232908.26562500372529, 8944294.25 ], [ 232902.015625001862645, 8944288.0 ], [ 232895.765625001862645, 8944281.750000005587935 ], [ 232883.265625000931323, 8944281.750000005587935 ], [ 232877.015625005587935, 8944275.500000001862645 ], [ 232870.765625005587935, 8944269.25 ], [ 232864.515625, 8944263.0 ], [ 232858.265625, 8944256.75 ], [ 232852.015625000931323, 8944250.5 ], [ 232845.765625007450581, 8944244.25000000372529 ], [ 232808.265625001862645, 8944244.25000000372529 ], [ 232802.015625, 8944238.0 ], [ 232795.765625, 8944231.75 ], [ 232789.515625000931323, 8944225.5 ], [ 232783.265625000931323, 8944219.25 ], [ 232720.765625002793968, 8944219.25 ], [ 232714.51562500372529, 8944213.00000000372529 ], [ 232708.265624999068677, 8944206.75 ], [ 232620.765625000931323, 8944206.75 ], [ 232614.515625001862645, 8944200.5 ], [ 232608.265625, 8944194.25 ], [ 232602.015625, 8944188.0 ], [ 232595.765625000931323, 8944181.75000000372529 ], [ 232570.765625, 8944181.75000000372529 ], [ 232564.515625, 8944175.500000001862645 ], [ 232558.265624999068677, 8944169.25 ], [ 232533.265625, 8944169.25 ], [ 232527.015625000931323, 8944163.0 ], [ 232520.765625005587935, 8944156.75 ], [ 232514.515624999068677, 8944150.50000000372529 ], [ 232508.265625, 8944144.250000001862645 ], [ 232502.015625, 8944138.0 ], [ 232495.765625002793968, 8944131.75 ], [ 232458.265624999068677, 8944131.75 ], [ 232452.015625001862645, 8944125.5 ], [ 232445.765625001862645, 8944119.25000000372529 ], [ 232420.765625001862645, 8944119.25000000372529 ], [ 232414.515625, 8944113.000000001862645 ], [ 232408.265625, 8944106.75 ], [ 232402.015625002793968, 8944100.5 ], [ 232395.765625002793968, 8944094.25 ], [ 232389.515625001862645, 8944088.00000000372529 ], [ 232383.265625, 8944081.750000001862645 ], [ 232333.265625000931323, 8944081.750000001862645 ], [ 232327.015625000931323, 8944088.00000000372529 ], [ 232320.765625001862645, 8944094.25 ], [ 232314.515625, 8944100.5 ], [ 232308.265625, 8944106.75 ], [ 232258.26562500372529, 8944106.75 ], [ 232252.015625001862645, 8944113.000000001862645 ], [ 232245.765625, 8944119.25000000372529 ], [ 232108.265625000931323, 8944119.25000000372529 ], [ 232102.01562500372529, 8944125.5 ], [ 232095.765624999068677, 8944131.75 ], [ 232070.765624999068677, 8944131.75 ], [ 232064.515625001862645, 8944138.0 ], [ 232058.265625, 8944144.250000001862645 ], [ 232033.26562500372529, 8944144.250000001862645 ], [ 232027.015625, 8944138.0 ], [ 232020.765625004656613, 8944131.75 ], [ 232014.515625000931323, 8944125.5 ], [ 232008.265625005587935, 8944119.25000000372529 ], [ 232002.015625001862645, 8944113.000000001862645 ], [ 231995.765625, 8944106.75 ], [ 231958.265625, 8944106.75 ], [ 231952.015625000931323, 8944100.5 ], [ 231945.765624999068677, 8944094.25 ], [ 231939.515625000931323, 8944088.00000000372529 ], [ 231933.265625, 8944081.750000001862645 ], [ 231883.265625000931323, 8944081.750000001862645 ], [ 231877.015625005587935, 8944075.5 ], [ 231870.765624999068677, 8944069.25 ], [ 231864.515625, 8944063.0 ], [ 231858.265625, 8944056.75 ], [ 231852.015625000931323, 8944050.500000001862645 ], [ 231845.765625000931323, 8944044.25 ], [ 231839.515625001862645, 8944038.0 ], [ 231833.265625, 8944031.75 ], [ 231827.015625004656613, 8944025.5 ], [ 231820.765625002793968, 8944019.25000000372529 ], [ 231808.26562500372529, 8944019.25000000372529 ], [ 231802.015625, 8944013.0 ], [ 231795.765625, 8944006.75 ], [ 231789.515625000931323, 8944000.5 ], [ 231783.265625005587935, 8943994.25 ], [ 231770.765625, 8943994.25 ], [ 231764.515625, 8943988.00000000372529 ], [ 231758.265625000931323, 8943981.750000001862645 ], [ 231752.015625000931323, 8943975.5 ], [ 231745.76562500372529, 8943969.25 ], [ 231739.515625, 8943963.0 ], [ 231733.265625, 8943956.75000000372529 ], [ 231727.015625000931323, 8943950.500000001862645 ], [ 231720.765624999068677, 8943944.25 ], [ 231714.515625000931323, 8943938.0 ], [ 231708.265625, 8943931.75 ], [ 231702.015625, 8943925.50000000372529 ], [ 231695.765625, 8943919.250000001862645 ], [ 231683.265625000931323, 8943919.250000001862645 ], [ 231677.015625001862645, 8943913.0 ], [ 231677.015625001862645, 8943875.5 ], [ 231670.765625, 8943869.25 ], [ 231664.515625, 8943863.000000005587935 ], [ 231664.515624998137355, 8943850.5 ], [ 231658.265625000931323, 8943844.25 ], [ 231645.765625001862645, 8943844.25 ], [ 231639.515625, 8943838.0 ], [ 231633.265625, 8943831.75 ], [ 231627.015625000931323, 8943825.500000001862645 ], [ 231620.765625005587935, 8943819.25 ], [ 231614.515624999068677, 8943813.0 ], [ 231608.265625001862645, 8943806.75 ], [ 231602.015625, 8943800.5 ], [ 231602.015625, 8943788.0 ], [ 231595.765625000931323, 8943781.75 ], [ 231589.515625000931323, 8943775.5 ], [ 231583.265625001862645, 8943769.25 ], [ 231520.765624999068677, 8943769.25 ], [ 231514.515625, 8943763.00000000372529 ], [ 231508.265625, 8943756.750000001862645 ], [ 231495.765624999068677, 8943756.750000001862645 ], [ 231489.515625000931323, 8943750.5 ], [ 231483.265624999068677, 8943744.25 ], [ 231433.265624998137355, 8943744.25 ], [ 231427.01562500372529, 8943750.5 ], [ 231420.765625001862645, 8943756.750000001862645 ], [ 231358.265625001862645, 8943756.750000001862645 ], [ 231352.015625001862645, 8943750.5 ], [ 231345.765625, 8943744.25 ], [ 231339.515625000931323, 8943738.0 ], [ 231333.265624999068677, 8943731.75000000372529 ], [ 231327.01562500372529, 8943725.500000001862645 ], [ 231320.765625, 8943719.25 ], [ 231314.515625, 8943713.0 ], [ 231308.265625002793968, 8943706.75 ], [ 231302.015625000931323, 8943700.50000000372529 ], [ 231295.765625000931323, 8943694.250000001862645 ], [ 231283.265625, 8943694.250000001862645 ], [ 231277.015625, 8943700.50000000372529 ], [ 231270.765625002793968, 8943706.75 ], [ 231220.765625, 8943706.75 ], [ 231214.515625002793968, 8943700.50000000372529 ], [ 231208.265625000931323, 8943694.250000001862645 ], [ 231202.015625005587935, 8943688.0 ], [ 231195.765625001862645, 8943681.75 ], [ 231189.515625, 8943675.5 ], [ 231183.265625, 8943669.25000000372529 ], [ 231177.015625000931323, 8943663.000000001862645 ], [ 231170.765625000931323, 8943656.75 ], [ 231164.515625001862645, 8943650.5 ], [ 231158.265625, 8943644.25 ], [ 231108.265624999068677, 8943644.25 ], [ 231102.015625000931323, 8943638.0 ], [ 231095.765625, 8943631.750000001862645 ], [ 231089.515625, 8943625.5 ], [ 231089.515625, 8943613.0 ], [ 231083.265625, 8943606.75 ], [ 231077.015625000931323, 8943600.50000000372529 ], [ 231070.765624999068677, 8943594.25 ], [ 231058.265625, 8943594.25 ], [ 231052.015625, 8943600.50000000372529 ], [ 231045.765625000931323, 8943606.75 ], [ 230983.265625000931323, 8943606.75 ], [ 230977.015625000931323, 8943600.50000000372529 ], [ 230977.015625000931323, 8943575.5 ], [ 230970.765625001862645, 8943569.25000000372529 ], [ 230964.515625, 8943563.000000001862645 ], [ 230958.265625, 8943556.75 ], [ 230952.015625000931323, 8943563.000000001862645 ], [ 230945.765625000931323, 8943569.25000000372529 ], [ 230939.515625001862645, 8943563.000000001862645 ], [ 230933.265625, 8943556.75 ], [ 230927.015625, 8943563.000000001862645 ], [ 230920.765625000931323, 8943569.25000000372529 ], [ 230895.765625, 8943569.25000000372529 ], [ 230889.515625000931323, 8943575.5 ], [ 230883.265625000931323, 8943581.75 ], [ 230870.765625, 8943581.75 ], [ 230864.515625, 8943588.0 ], [ 230858.265625, 8943594.25 ], [ 230852.015625000931323, 8943600.50000000372529 ], [ 230845.765625000931323, 8943606.75 ], [ 230795.765625, 8943606.75 ], [ 230789.515625000931323, 8943613.0 ], [ 230783.265625000931323, 8943619.25 ], [ 230770.765625, 8943619.25 ], [ 230764.515625, 8943613.0 ], [ 230758.265625002793968, 8943606.75 ], [ 230745.765625001862645, 8943606.75 ], [ 230739.515625, 8943600.50000000372529 ], [ 230733.265625, 8943594.25 ], [ 230695.765625000931323, 8943594.25 ], [ 230689.515625000931323, 8943600.50000000372529 ], [ 230689.515625000931323, 8943613.0 ], [ 230683.265625000931323, 8943619.25 ], [ 230677.015625, 8943625.5 ], [ 230670.765625, 8943631.750000001862645 ], [ 230595.765625000931323, 8943631.750000001862645 ], [ 230589.515624999068677, 8943638.0 ], [ 230583.265625001862645, 8943644.25 ], [ 230533.265625000931323, 8943644.25 ], [ 230527.015625000931323, 8943650.5 ], [ 230520.76562500372529, 8943656.75 ], [ 230483.265625, 8943656.75 ], [ 230477.015625001862645, 8943663.000000001862645 ], [ 230477.015625, 8943675.5 ], [ 230470.765625000931323, 8943681.75 ], [ 230433.265625005587935, 8943681.75 ], [ 230427.015625000931323, 8943688.0 ], [ 230420.765624999068677, 8943694.250000001862645 ], [ 230408.265624998137355, 8943694.250000001862645 ], [ 230402.015625000931323, 8943700.50000000372529 ], [ 230395.765625000931323, 8943706.75 ], [ 230370.765625000931323, 8943706.75 ], [ 230364.515624999068677, 8943713.0 ], [ 230364.515625000931323, 8943725.500000001862645 ], [ 230358.265625001862645, 8943731.75000000372529 ], [ 230352.015625, 8943738.0 ], [ 230345.765625, 8943744.25 ], [ 230339.515625000931323, 8943750.5 ], [ 230333.265625000931323, 8943756.750000001862645 ], [ 230327.015625001862645, 8943763.00000000372529 ], [ 230327.015625001862645, 8943800.5 ], [ 230320.765625, 8943806.75 ], [ 230314.515625004656613, 8943813.0 ], [ 230314.515625, 8943825.500000001862645 ], [ 230308.265625000931323, 8943831.75 ], [ 230302.015625000931323, 8943838.0 ], [ 230295.765624999068677, 8943844.25 ], [ 230289.515625, 8943850.5 ], [ 230283.265625, 8943856.750000001862645 ], [ 230277.015625002793968, 8943863.000000005587935 ], [ 230270.765625000931323, 8943869.25 ], [ 230264.515625001862645, 8943875.5 ], [ 230258.265625, 8943881.75 ], [ 230252.015625, 8943888.000000001862645 ], [ 230245.765625000931323, 8943894.25000000372529 ], [ 230239.515625000931323, 8943900.5 ], [ 230233.265625000931323, 8943906.75 ], [ 230220.765625, 8943906.75 ], [ 230214.515625, 8943913.0 ], [ 230208.265625000931323, 8943919.250000001862645 ], [ 230202.015625000931323, 8943925.50000000372529 ], [ 230195.765624999068677, 8943931.75 ], [ 230189.515625, 8943938.0 ], [ 230183.265625002793968, 8943944.25 ], [ 230158.265625, 8943944.25 ], [ 230152.015625, 8943950.500000001862645 ], [ 230145.765625000931323, 8943956.75000000372529 ], [ 230133.265624999068677, 8943956.75000000372529 ], [ 230127.015625, 8943963.0 ], [ 230120.765625, 8943969.25 ], [ 230108.265624999068677, 8943969.25 ], [ 230102.015625001862645, 8943975.5 ], [ 230095.765625, 8943981.750000001862645 ], [ 230083.265625000931323, 8943981.750000001862645 ], [ 230077.015625002793968, 8943988.00000000372529 ], [ 230070.765624999068677, 8943994.25 ], [ 230058.265625, 8943994.25 ], [ 230052.015625002793968, 8944000.5 ], [ 230045.765625000931323, 8944006.75 ], [ 230020.765625, 8944006.75 ], [ 230014.515624999068677, 8944013.0 ], [ 230008.265625000931323, 8944019.25000000372529 ], [ 229995.765625001862645, 8944019.25000000372529 ], [ 229989.515625, 8944025.5 ], [ 229983.265625002793968, 8944031.75 ], [ 229870.765625001862645, 8944031.75 ], [ 229864.515625, 8944038.0 ], [ 229858.265625000931323, 8944044.25 ], [ 229820.765625000931323, 8944044.25 ], [ 229814.515625000931323, 8944050.500000001862645 ], [ 229808.265625, 8944056.75 ], [ 229645.765625, 8944056.75 ], [ 229639.515625, 8944063.0 ], [ 229633.265625000931323, 8944069.25 ], [ 229620.765625000931323, 8944069.25 ], [ 229614.515625001862645, 8944075.5 ], [ 229608.265625, 8944081.750000001862645 ], [ 229583.265624999068677, 8944081.750000001862645 ], [ 229577.015625, 8944088.00000000372529 ], [ 229570.765625, 8944094.25 ], [ 229395.76562500372529, 8944094.25 ], [ 229389.515625, 8944088.00000000372529 ], [ 229383.265625001862645, 8944081.750000001862645 ], [ 229320.765625, 8944081.750000001862645 ], [ 229314.515625, 8944088.00000000372529 ], [ 229308.265625000931323, 8944094.25 ], [ 229220.765625, 8944094.25 ], [ 229214.515625000931323, 8944088.00000000372529 ], [ 229208.265624999068677, 8944081.750000001862645 ], [ 229183.265625, 8944081.750000001862645 ], [ 229177.015625000931323, 8944088.00000000372529 ], [ 229170.765625000931323, 8944094.25 ], [ 229070.765625001862645, 8944094.25 ], [ 229064.515625006519258, 8944100.5 ], [ 229058.265625002793968, 8944106.75 ], [ 229045.765625000931323, 8944106.75 ], [ 229039.515625001862645, 8944100.5 ], [ 229033.265625, 8944094.25 ], [ 229027.015625, 8944088.00000000372529 ], [ 229020.765625000931323, 8944081.750000001862645 ], [ 229014.515625000931323, 8944075.5 ], [ 229008.265625001862645, 8944069.25 ], [ 228958.265625, 8944069.25 ], [ 228952.015625000931323, 8944075.5 ], [ 228945.765625000931323, 8944081.750000001862645 ], [ 228939.51562500372529, 8944088.00000000372529 ], [ 228933.265625, 8944094.25 ], [ 228908.265625001862645, 8944094.25 ], [ 228902.015625, 8944100.5 ], [ 228895.765625, 8944106.75 ], [ 228889.515625000931323, 8944113.000000001862645 ], [ 228883.265625000931323, 8944119.25000000372529 ], [ 228877.015625001862645, 8944125.5 ], [ 228870.765625, 8944131.75 ], [ 228845.765625001862645, 8944131.75 ], [ 228839.515625, 8944138.0 ], [ 228833.265625, 8944144.250000001862645 ], [ 228770.765625, 8944144.250000001862645 ], [ 228764.515625000931323, 8944138.0 ], [ 228758.265625000931323, 8944131.75 ], [ 228558.265625000931323, 8944131.75 ], [ 228552.015625, 8944125.5 ], [ 228545.765624998137355, 8944119.25000000372529 ], [ 228539.515625, 8944113.000000001862645 ], [ 228533.265625002793968, 8944106.75 ], [ 228527.015625000931323, 8944100.5 ], [ 228520.765625001862645, 8944094.25 ], [ 228514.515625001862645, 8944088.00000000372529 ], [ 228508.265625, 8944081.750000001862645 ], [ 228502.015625002793968, 8944075.5 ], [ 228495.765625000931323, 8944069.25 ], [ 228489.515624999068677, 8944063.0 ], [ 228483.265624997206032, 8944056.75 ], [ 228477.015625, 8944050.500000001862645 ], [ 228470.765624998137355, 8944044.25 ], [ 228458.265625001862645, 8944044.25 ], [ 228452.015625, 8944038.0 ], [ 228445.765625, 8944031.75 ], [ 228433.265625005587935, 8944031.75 ], [ 228427.015625001862645, 8944025.5 ], [ 228420.765625, 8944019.25000000372529 ], [ 228408.265625000931323, 8944019.25000000372529 ], [ 228402.015625000931323, 8944013.0 ], [ 228395.765625001862645, 8944006.75 ], [ 228389.515625, 8944000.5 ], [ 228383.265625, 8943994.25 ], [ 228377.015625000931323, 8943988.00000000372529 ], [ 228370.765625000931323, 8943981.750000001862645 ], [ 228358.265625001862645, 8943981.750000001862645 ], [ 228352.015625001862645, 8943975.5 ], [ 228345.765625000931323, 8943969.25 ], [ 228333.265624999068677, 8943969.25 ], [ 228327.015625, 8943963.0 ], [ 228320.765625, 8943956.75000000372529 ], [ 228314.515625, 8943950.500000001862645 ], [ 228308.265625002793968, 8943944.25 ], [ 228302.015625000931323, 8943938.0 ], [ 228295.765625001862645, 8943931.75 ], [ 228289.515625, 8943925.50000000372529 ], [ 228283.265625004656613, 8943919.250000001862645 ], [ 228258.265625, 8943919.250000001862645 ], [ 228252.015625004656613, 8943913.0 ], [ 228245.765625002793968, 8943906.75 ], [ 228220.765625, 8943906.75 ], [ 228214.515625002793968, 8943900.5 ], [ 228214.515625000931323, 8943875.5 ], [ 228208.265624999068677, 8943869.25 ], [ 228202.015625001862645, 8943875.5 ], [ 228195.765625, 8943881.75 ], [ 228189.515625, 8943888.000000001862645 ], [ 228183.265625000931323, 8943894.25000000372529 ], [ 228145.765625000931323, 8943894.25000000372529 ], [ 228139.515625000931323, 8943900.5 ], [ 228133.265625001862645, 8943906.75 ], [ 228127.015625, 8943900.5 ], [ 228120.765625, 8943894.25000000372529 ], [ 228070.765624999068677, 8943894.25000000372529 ], [ 228064.515625, 8943888.000000001862645 ], [ 228058.265625002793968, 8943881.75 ], [ 228033.265625, 8943881.75 ], [ 228027.015625, 8943875.5 ], [ 228020.765625000931323, 8943869.25 ], [ 228008.265625001862645, 8943869.25 ], [ 228002.015625, 8943863.000000005587935 ], [ 227995.765625, 8943856.750000001862645 ], [ 227883.265625000931323, 8943856.750000001862645 ], [ 227877.015624999068677, 8943850.5 ], [ 227870.765625, 8943844.25 ], [ 227783.265625001862645, 8943844.25 ], [ 227777.015625001862645, 8943850.5 ], [ 227770.765625, 8943856.750000001862645 ], [ 227745.765625, 8943856.750000001862645 ], [ 227739.515625, 8943863.000000005587935 ], [ 227733.265625000931323, 8943869.25 ], [ 227670.765625, 8943869.25 ], [ 227664.515625000931323, 8943863.000000005587935 ], [ 227658.265625000931323, 8943856.750000001862645 ], [ 227583.265625, 8943856.750000001862645 ], [ 227577.015625, 8943850.5 ], [ 227570.765625000931323, 8943844.25 ], [ 227533.265624999068677, 8943844.25 ], [ 227527.015625001862645, 8943838.0 ], [ 227520.765625, 8943831.75 ], [ 227470.765625000931323, 8943831.75 ], [ 227464.515624999068677, 8943825.500000001862645 ], [ 227458.265624999068677, 8943819.25 ], [ 227445.765625, 8943819.25 ], [ 227439.515625002793968, 8943813.0 ], [ 227433.265625005587935, 8943806.75 ], [ 227420.765625, 8943806.75 ], [ 227414.515625, 8943800.5 ], [ 227408.265625000931323, 8943794.25000000372529 ], [ 227402.015625000931323, 8943788.0 ], [ 227395.765625001862645, 8943781.75 ], [ 227389.515625, 8943775.5 ], [ 227389.515625, 8943625.5 ], [ 227383.265625, 8943619.25 ], [ 227377.015625000931323, 8943613.0 ], [ 227377.015625002793968, 8943600.50000000372529 ], [ 227370.765624999068677, 8943594.25 ], [ 227364.515625001862645, 8943588.0 ], [ 227364.515624999068677, 8943563.000000001862645 ], [ 227358.265625, 8943556.75 ], [ 227352.015625, 8943550.5 ], [ 227345.765625000931323, 8943544.25 ], [ 227339.515625002793968, 8943538.00000000372529 ], [ 227339.515625000931323, 8943525.5 ], [ 227333.265625001862645, 8943519.25 ], [ 227327.015625, 8943513.0 ], [ 227320.765625, 8943506.75000000372529 ], [ 227295.765625, 8943506.75000000372529 ], [ 227289.515625001862645, 8943500.500000001862645 ], [ 227283.265625000931323, 8943494.25 ], [ 227258.265625001862645, 8943494.25 ], [ 227252.015625, 8943488.0 ], [ 227245.765625000931323, 8943481.75 ], [ 227195.765625, 8943481.75 ], [ 227189.515625, 8943475.50000000372529 ], [ 227183.265625000931323, 8943469.250000001862645 ], [ 227170.765625001862645, 8943469.250000001862645 ], [ 227164.515625, 8943463.0 ], [ 227158.265625, 8943456.75 ], [ 227152.015625002793968, 8943450.5 ], [ 227145.765625000931323, 8943444.25000000372529 ], [ 227120.765625002793968, 8943444.25000000372529 ], [ 227114.515625002793968, 8943450.5 ], [ 227108.265624999068677, 8943456.75 ], [ 227102.015625, 8943463.0 ], [ 227095.765625, 8943469.250000001862645 ], [ 227083.265625000931323, 8943469.250000001862645 ], [ 227077.015624999068677, 8943463.0 ], [ 227070.765625, 8943456.75 ], [ 227064.515625, 8943450.5 ], [ 227058.265625, 8943444.25000000372529 ], [ 227052.015625000931323, 8943438.000000001862645 ], [ 227045.765624999068677, 8943431.75 ], [ 227039.515624999068677, 8943425.5 ], [ 227033.265625, 8943419.25 ], [ 227027.015625, 8943413.0 ], [ 227020.765625002793968, 8943406.750000001862645 ], [ 227014.515625000931323, 8943400.5 ], [ 227008.265624999068677, 8943394.25 ], [ 227002.015625, 8943388.0 ], [ 226995.765625, 8943381.75 ], [ 226983.265625000931323, 8943381.75 ], [ 226977.015625001862645, 8943375.50000000372529 ], [ 226970.765625, 8943369.25 ], [ 226895.765625000931323, 8943369.25 ], [ 226889.515624999068677, 8943375.50000000372529 ], [ 226883.265625001862645, 8943381.75 ], [ 226845.765625, 8943381.75 ], [ 226839.515625, 8943375.50000000372529 ], [ 226833.265625, 8943369.25 ], [ 226808.265625, 8943369.25 ], [ 226802.015625, 8943363.0 ], [ 226795.765625000931323, 8943356.75 ], [ 226789.515625000931323, 8943350.5 ], [ 226783.265625001862645, 8943344.25000000372529 ], [ 226770.765625, 8943344.25000000372529 ], [ 226764.515625000931323, 8943338.000000001862645 ], [ 226758.265625000931323, 8943331.75 ], [ 226752.015625001862645, 8943325.5 ], [ 226745.765625, 8943319.25 ], [ 226733.265625000931323, 8943319.25 ], [ 226727.015625000931323, 8943313.00000000372529 ], [ 226720.765625001862645, 8943306.750000001862645 ], [ 226658.265625000931323, 8943306.750000001862645 ], [ 226652.015625001862645, 8943313.00000000372529 ], [ 226645.765625, 8943319.25 ], [ 226558.265625001862645, 8943319.25 ], [ 226552.015625, 8943325.5 ], [ 226552.015625, 8943338.000000001862645 ], [ 226545.765625, 8943344.25000000372529 ], [ 226539.515625000931323, 8943350.5 ], [ 226533.26562500372529, 8943356.75 ], [ 226527.015625001862645, 8943363.0 ], [ 226520.765625, 8943369.25 ], [ 226514.515625, 8943375.50000000372529 ], [ 226514.515625, 8943388.0 ], [ 226508.265625000931323, 8943394.25 ], [ 226502.015624999068677, 8943400.5 ], [ 226495.765625001862645, 8943406.750000001862645 ], [ 226489.515625, 8943413.0 ], [ 226483.265625, 8943419.25 ], [ 226383.265625, 8943419.25 ], [ 226377.015625000931323, 8943425.5 ], [ 226370.765625000931323, 8943431.75 ], [ 226308.265625000931323, 8943431.75 ], [ 226302.015625001862645, 8943425.5 ], [ 226295.765625, 8943419.25 ], [ 226270.765624999068677, 8943419.25 ], [ 226264.515625, 8943413.0 ], [ 226258.265625, 8943406.750000001862645 ], [ 226245.765625002793968, 8943406.750000001862645 ], [ 226239.515625000931323, 8943413.0 ], [ 226233.265625, 8943419.25 ], [ 226220.765625, 8943419.25 ], [ 226214.515625000931323, 8943425.5 ], [ 226208.265625000931323, 8943431.75 ], [ 226120.765625000931323, 8943431.75 ], [ 226114.515625000931323, 8943425.5 ], [ 226108.265625001862645, 8943419.25 ], [ 226095.765625, 8943419.25 ], [ 226089.515625000931323, 8943413.0 ], [ 226083.265625005587935, 8943406.750000001862645 ], [ 226077.015625001862645, 8943400.5 ], [ 226070.765625, 8943394.25 ], [ 226064.515625, 8943388.0 ], [ 226058.265625000931323, 8943381.75 ], [ 226052.015625000931323, 8943375.50000000372529 ], [ 226045.765625001862645, 8943369.25 ], [ 226033.265625001862645, 8943369.25 ], [ 226027.015625000931323, 8943363.0 ], [ 226020.765624999068677, 8943356.75 ], [ 226014.515625000931323, 8943350.5 ], [ 226008.265625, 8943344.25000000372529 ], [ 226002.015625, 8943338.000000001862645 ], [ 225995.765625, 8943331.75 ], [ 225989.515625002793968, 8943325.5 ], [ 225989.515624999068677, 8943313.00000000372529 ], [ 225983.265625005587935, 8943306.750000001862645 ], [ 225977.015624999068677, 8943300.5 ], [ 225977.015625001862645, 8943288.0 ], [ 225970.765625, 8943281.75000000372529 ], [ 225964.515625, 8943275.500000001862645 ], [ 225964.515625, 8943213.000000001862645 ], [ 225958.265624998137355, 8943206.75 ], [ 225952.015625000931323, 8943200.5 ], [ 225952.015625000931323, 8943188.0 ], [ 225945.76562500372529, 8943181.75000000372529 ], [ 225939.515625, 8943175.5 ], [ 225933.265625, 8943169.25 ], [ 225927.015625000931323, 8943163.0 ], [ 225920.765625000931323, 8943156.75 ], [ 225908.265625001862645, 8943156.75 ], [ 225902.015625, 8943150.50000000372529 ], [ 225895.765625000931323, 8943144.250000001862645 ], [ 225889.515625000931323, 8943150.50000000372529 ], [ 225883.265625001862645, 8943156.75 ], [ 225877.015625001862645, 8943163.0 ], [ 225870.765625, 8943169.25 ], [ 225795.765625000931323, 8943169.25 ], [ 225789.515624999068677, 8943163.0 ], [ 225783.265625, 8943156.75 ], [ 225770.765625, 8943156.75 ], [ 225764.515625005587935, 8943150.50000000372529 ], [ 225758.265625000931323, 8943144.250000001862645 ], [ 225720.765625001862645, 8943144.250000001862645 ], [ 225714.515625, 8943138.0 ], [ 225708.265625, 8943131.75 ], [ 225670.765625000931323, 8943131.75 ], [ 225664.51562500372529, 8943125.5 ], [ 225664.515625000931323, 8943119.25000000372529 ] ] ] ] } }
]
}
