{"type":"FeatureCollection", "features":[
{"type":"Feature","geometry":{"type":"LineString","coordinates":[[-77.33004182271459,-9.637189882990107,0],[-77.32998538174617,-9.637141504591641,0],[-77.32994548461153,-9.637102230880632,0],[-77.3298926740502,-9.637095042294684,0],[-77.32983456442803,-9.637086988585523,0],[-77.32977402782477,-9.637092612421178,0],[-77.32972934467712,-9.637104510381034,0],[-77.32967742634169,-9.637126267288844,0],[-77.32962497039601,-9.63715695718294,0],[-77.32956559001109,-9.637176703177003,0],[-77.32952887312719,-9.637190109173838,0],[-77.32949404717321,-9.637196313103495,0],[-77.3294352126528,-9.637161372676005,0],[-77.3293889366966,-9.637144340664243,0],[-77.3293170358926,-9.637129368264546,0],[-77.32922226766367,-9.637110135102619,0],[-77.32915460629573,-9.637086859783468,0],[-77.32905480120114,-9.637025983439688,0],[-77.32900984792666,-9.636963264918679,0],[-77.3289649123528,-9.63686518417546,0],[-77.32891577536839,-9.636798644006033,0],[-77.32886736251918,-9.636745115134802,0],[-77.32881392041843,-9.636735913716176,0],[-77.32875137216112,-9.636742985993028,0],[-77.32864677402557,-9.63664882432548,0],[-77.32861198129292,-9.636580120601987,0],[-77.3285584730335,-9.636553314899391,0],[-77.328502133127,-9.636550659059358,0],[-77.32844224530486,-9.636554814117497,0],[-77.32838578747288,-9.636572412763764,0],[-77.32834442193598,-9.636575090870931,0],[-77.32831772750522,-9.636554977876898,0],[-77.3282590735122,-9.63650692889781,0],[-77.32821904657665,-9.63645633566289,0],[-77.32818297205772,-9.636396486960308,0],[-77.32813165545322,-9.636371731496716,0],[-77.32807996745608,-9.636381804449167,0],[-77.32804032304088,-9.636402222507744,0],[-77.32800265517012,-9.636373562885359,0],[-77.32795977658263,-9.636293190875017,0],[-77.32792844041461,-9.63620595565919,0],[-77.32790099371715,-9.636078041768782,0],[-77.32790266481597,-9.635988655621276,0],[-77.32786368143813,-9.635917700609232,0],[-77.32779200739195,-9.635833103683117,0],[-77.32773452248622,-9.635763677864329,0],[-77.32772093658537,-9.635696246720393,0],[-77.32765689356364,-9.635665302497024,0],[-77.32758174017395,-9.635649497075233,0],[-77.32752995796201,-9.635633672550865,0],[-77.32755113190117,-9.63558739308912,0],[-77.32762691467005,-9.635507261418255,0],[-77.3276499502623,-9.635439465322007,0],[-77.3276259985134,-9.635370770944256,0],[-77.32758126828048,-9.635336226558872,0],[-77.3274940112419,-9.635339900782169,0],[-77.32741008697047,-9.635343505599652,0],[-77.32737121323562,-9.635373664357012,0],[-77.32731258951728,-9.635359590388186,0],[-77.32726669317313,-9.635308283671383,0],[-77.3272330164061,-9.635213313951853,0],[-77.32718943455356,-9.635120356729244,0],[-77.32704880525226,-9.635048988968588,0],[-77.32695839097872,-9.63501733701948,0],[-77.32689018193621,-9.63495804628039,0],[-77.32687796223631,-9.634836964121263,0],[-77.32689178918723,-9.634727328806683,0],[-77.32695596922282,-9.634658709475852,0],[-77.32702677494667,-9.634564601188318,0],[-77.32697886712319,-9.634457827115158,0],[-77.32684400276226,-9.634409673160846,0],[-77.32675322281757,-9.634392148857089,0],[-77.32669990105624,-9.634248034817114,0],[-77.32669400299902,-9.63418945342928,0],[-77.32668392322307,-9.634135322142034,0],[-77.32660935023266,-9.634031996294148,0],[-77.32654178693353,-9.63389712227759,0],[-77.32649619520039,-9.63379253532207,0],[-77.32647020094205,-9.63372225384184,0],[-77.32651135220925,-9.633603582894047,0],[-77.32644017075201,-9.633530265563364,0],[-77.32633469048491,-9.633498958244491,0],[-77.3261402151052,-9.633483172192603,0],[-77.32597720366898,-9.63339618168697,0],[-77.32586829565052,-9.633306959451476,0],[-77.3257620764457,-9.633116492994956,0],[-77.32566965161716,-9.632978643623998,0],[-77.32559594037316,-9.632807631590094,0],[-77.32554610159404,-9.63269792290763,0],[-77.32536445628736,-9.632696929798483,0],[-77.32528292135659,-9.632595272699696,0],[-77.32521803411831,-9.632464700352717,0],[-77.32514595369167,-9.632380046233632,0],[-77.32499788181914,-9.632389043495978,0],[-77.32490027762641,-9.63240548485158,0],[-77.32480307955475,-9.632354643203437,0],[-77.32469606559762,-9.632378487822017,0],[-77.3245975296138,-9.632338605508762,0],[-77.32452726916006,-9.632306784886158,0],[-77.32449435554268,-9.63223863632774,0],[-77.3244405348627,-9.632160845755736,0],[-77.3244574268302,-9.631960719751666,0],[-77.32426457090658,-9.631793329466374,0],[-77.32422593244256,-9.631685293640215,0],[-77.32427253707579,-9.631610387174526,0],[-77.32432859407382,-9.631541273252202,0],[-77.32428719033236,-9.631442205465989,0],[-77.32419076778805,-9.631247149713165,0],[-77.32412740566366,-9.631143169159762,0],[-77.32407870332678,-9.631044886046606,0],[-77.32397979364943,-9.630918261061726,0],[-77.32380557080194,-9.63070865231195,0],[-77.32370387462223,-9.630525786281313,0],[-77.32370036511719,-9.630519016643866,0],[-77.32365700570601,-9.630466275870235,0],[-77.32361234825659,-9.630268771959873,0],[-77.32350021613831,-9.630043180236765,0],[-77.32349140863559,-9.629913234170093,0],[-77.32345772274415,-9.629772816931402,0],[-77.3232621166428,-9.629675383087347,0],[-77.32314079169127,-9.629594392696077,0],[-77.32311626848822,-9.62941807469812,0],[-77.32312175983574,-9.629295855025147,0],[-77.3231559744262,-9.629240682089245,0],[-77.32316315903988,-9.629237220871335,0],[-77.32316315236446,-9.62923548001254,0],[-77.32326535890795,-9.629146307749458,0],[-77.32325938193586,-9.629059172440499,0],[-77.32318728277423,-9.629034210835366,0],[-77.32319582269024,-9.628946105596007,0],[-77.32323285805538,-9.6288835442816,0],[-77.32327401807775,-9.628753571724152,0],[-77.32330910881686,-9.628634817790672,0],[-77.32330694104924,-9.62849207015345,0],[-77.32333721407355,-9.628335072234234,0],[-77.32336273309012,-9.628160376106383,0],[-77.32337455757147,-9.62795612313318,0],[-77.32337722073514,-9.627699485970991,0],[-77.32343935502382,-9.62740470849102,0],[-77.32339030526876,-9.62723197131054,0],[-77.32332158819243,-9.627110989235582,0],[-77.32324470912675,-9.626855524978973,0],[-77.32315678006303,-9.626646101264338,0],[-77.32308991490542,-9.626577947037498,0],[-77.32300142099821,-9.626504799890428,0],[-77.32289183351976,-9.626351820373815,0],[-77.32284304125542,-9.62625055834604,0],[-77.32275259018569,-9.626204050815206,0],[-77.3226293039828,-9.626243830273026,0],[-77.32246499188065,-9.626272921425603,0],[-77.32242290713324,-9.626272492215158,0],[-77.32231154086976,-9.626292967927558,0],[-77.32220726426753,-9.626233884922236,0],[-77.32214946632065,-9.626194482505877,0],[-77.32207833433723,-9.626030598041657,0],[-77.32197933846047,-9.626004836463583,0],[-77.32193403028735,-9.62597574462916,0],[-77.32188326823862,-9.626018559925807,0],[-77.3218181275235,-9.626055915858796,0],[-77.3217545745264,-9.626053986869286,0],[-77.32173514360981,-9.625975711264852,0],[-77.32169429440711,-9.625919623962046,0],[-77.32161478544228,-9.62588914731191,0],[-77.32154558371211,-9.625883801821757,0],[-77.32150600021394,-9.625847943972122,0],[-77.32136152882676,-9.625785114468632,0],[-77.3212642483797,-9.625767175300037,0],[-77.32122458766699,-9.62579364908913,0],[-77.32117725514648,-9.625736256481465,0],[-77.32107669112195,-9.625651078966873,0],[-77.32102650755876,-9.625548046756089,0],[-77.32090061128116,-9.625500632782984,0],[-77.32077497528255,-9.625427870935562,0],[-77.32069830201353,-9.625274736931381,0],[-77.32064545983854,-9.625216636200634,0],[-77.32055362268028,-9.625112481056274,0],[-77.32050471999678,-9.62509512628485,0],[-77.32049921625628,-9.625096998791204,0],[-77.32047146435359,-9.625117148298825,0],[-77.32047671611866,-9.62514802689443,0],[-77.32048205548254,-9.625206429643631,0],[-77.32047849534953,-9.625270527797708,0],[-77.32043592041572,-9.62528587388637,0],[-77.32038826673642,-9.62525575402293,0],[-77.32033726955241,-9.625216786376555,0],[-77.32028835859319,-9.625131112342904,0],[-77.32021812090119,-9.625097435484944,0],[-77.32018028336077,-9.625108452616114,0],[-77.32013554591308,-9.625071017942808,0],[-77.32008188515513,-9.624933004854341,0],[-77.32008209843475,-9.624813320724575,0],[-77.31999788009838,-9.624723461118034,0],[-77.31998154304938,-9.624633796237164,0],[-77.31993673872687,-9.624528229934828,0],[-77.31989134092684,-9.624466570475034,0],[-77.31982819620191,-9.624496753310158,0],[-77.31978952864885,-9.6245018187604,0],[-77.3197272224158,-9.624420005662282,0],[-77.3197020069287,-9.624320959893495,0],[-77.3197214435659,-9.624235881047456,0],[-77.3197159096408,-9.6241741637749,0],[-77.31967894327896,-9.624117135656986,0],[-77.31969028634478,-9.624083701135119,0],[-77.31972103167202,-9.624023211205818,0],[-77.31970263003834,-9.623975347222347,0],[-77.31964830127941,-9.623975693418258,0],[-77.31957087049653,-9.624008070508244,0],[-77.31956757174709,-9.62401111823749,0],[-77.31949216860919,-9.624053901115847,0],[-77.31948577534342,-9.624061837083415,0],[-77.31948417937807,-9.624063427081675,0],[-77.31941137941708,-9.624135156531596,0],[-77.31932666862508,-9.624201942742667,0],[-77.31924231810251,-9.624247846214868,0],[-77.3191716517012,-9.624259137337837,0],[-77.31911876763034,-9.624312349608685,0],[-77.31902085815832,-9.624301798665321,0],[-77.31894096440207,-9.624252569855157,0],[-77.31882035662885,-9.624142590760862,0],[-77.31872175468114,-9.624078575444239,0],[-77.31863497581043,-9.62405505627838,0],[-77.31863262156794,-9.624055066568953,0],[-77.31857863642988,-9.624085120185818,0],[-77.31854825561338,-9.624169856188665,0],[-77.31849948352756,-9.624217634376109,0],[-77.31837299127268,-9.624214779045952,0],[-77.31829164537166,-9.624157941382355,0],[-77.31823388566012,-9.624075064028915,0],[-77.31816812639816,-9.624053261495556,0],[-77.31812764012422,-9.623914831207795,0],[-77.31812598383299,-9.623835927246422,0],[-77.31805632707542,-9.623742724703513,0],[-77.31796423293929,-9.623681825557812,0],[-77.31788643312076,-9.623643373848845,0],[-77.31775332421478,-9.623592212058032,0],[-77.3175983163281,-9.62359214069539,0],[-77.31743014242473,-9.623580683666445,0],[-77.31725899909802,-9.623574228025038,0],[-77.3171386967365,-9.623548673738643,0],[-77.31701159955854,-9.62352603893939,0],[-77.31695200610962,-9.623520371307869,0],[-77.31689930250343,-9.623539333147551,0],[-77.31683631299668,-9.623605497446631,0],[-77.31681228200185,-9.623625905002596,0],[-77.31672054982452,-9.623651199452976,0],[-77.3165693034756,-9.62372394818837,0],[-77.31647728933687,-9.623765507666958,0],[-77.31639566977087,-9.623789245994898,0],[-77.31633760466313,-9.623820669082958,0],[-77.31630008523268,-9.623826888755087,0],[-77.31617224656038,-9.623818890326978,0],[-77.3161067386928,-9.623825520551952,0],[-77.31605298623423,-9.623845862492018,0],[-77.31596073563793,-9.623875725511823,0],[-77.31588258322931,-9.623871429422607,0],[-77.3157779523185,-9.623849463786602,0],[-77.31567122825724,-9.623879141323801,0],[-77.31563905734264,-9.623885869582235,0],[-77.31556266364683,-9.623901846626495,0],[-77.3154093023203,-9.623916916431414,0],[-77.31530275811103,-9.623925644253982,0],[-77.31513960107408,-9.62390064457044,0],[-77.31501245059168,-9.623898266727645,0],[-77.31483985576924,-9.623903470198252,0],[-77.31469072252546,-9.623880464781957,0],[-77.31456493832741,-9.623841774367506,0],[-77.31448422163942,-9.6238569668801,0],[-77.31442105275619,-9.623866170873791,0],[-77.3143687283993,-9.62383934404891,0],[-77.31426773841643,-9.62378272914954,0],[-77.31419852642236,-9.623774795317706,0],[-77.31411171773044,-9.62383392157423,0],[-77.31399539197669,-9.62390210976863,0],[-77.31391284100204,-9.623926441211209,0],[-77.31380418719255,-9.623945916177899,0],[-77.31375801535299,-9.623953245170707,0],[-77.31368672350206,-9.623921508876512,0],[-77.31362720336391,-9.623854593953933,0],[-77.31356891250222,-9.623751448618943,0],[-77.31354453055938,-9.623631031951124,0],[-77.31348525118398,-9.623527061257036,0],[-77.31335947930206,-9.623469854220728,0],[-77.31324857784078,-9.623409717083467,0],[-77.31315705853066,-9.623409285830828,0],[-77.31308440213023,-9.623521106351003,0],[-77.31304142090784,-9.623582297693577,0],[-77.3129804649961,-9.623580574728232,0],[-77.31286290065842,-9.623557601083268,0],[-77.3126386788868,-9.623555906398137,0],[-77.31255735272012,-9.62353953953327,0],[-77.3124421232683,-9.623500704622757,0],[-77.3123811296665,-9.623482719206919,0],[-77.31230779968952,-9.623567424954672,0],[-77.31226119405815,-9.623635567382282,0],[-77.31215101638885,-9.623894897084249,0],[-77.31211009935363,-9.6239467785691,0],[-77.31203455023409,-9.623950889738897,0],[-77.31196222657685,-9.624009306554774,0],[-77.31191340855821,-9.6240325748146,0],[-77.3118216097569,-9.62401422443422,0],[-77.31175045820227,-9.623978386137367,0],[-77.31167698259593,-9.623874014249742,0],[-77.31161616403942,-9.623783118335524,0],[-77.31153336969328,-9.623724782083071,0],[-77.3114424447486,-9.623674675631465,0],[-77.31138136843956,-9.623643723082422,0],[-77.3113240310699,-9.623543872155931,0],[-77.31124093312538,-9.623466145319512,0],[-77.31119672415471,-9.623379970343619,0],[-77.31114155183377,-9.623315730813868,0],[-77.31109836179857,-9.623287255598473,0],[-77.31106837673975,-9.623269780904476,0],[-77.31102168695486,-9.623137810357802,0],[-77.31098586774053,-9.623048351481623,0],[-77.31094613610972,-9.62298229402868,0],[-77.31095023374397,-9.622899354879632,0],[-77.31096062163432,-9.622826364059419,0],[-77.31093348823954,-9.622791896525001,0],[-77.31087978040796,-9.622777234487064,0],[-77.31080855392186,-9.62275322905526,0],[-77.31075363767708,-9.622736039987746,0],[-77.31069669678568,-9.622740864854881,0],[-77.3106380499893,-9.622755840827178,0],[-77.31057965415856,-9.622762645423387,0],[-77.31050193367622,-9.622785945109127,0],[-77.31044051835391,-9.62279480232884,0],[-77.31039033899481,-9.62274105771264,0],[-77.3102428335959,-9.622697873120819,0],[-77.31014005272178,-9.622680651077879,0],[-77.31003161688075,-9.622711943899802,0],[-77.30991812461262,-9.622739000151292,0],[-77.30986076649654,-9.622726455022292,0],[-77.30982807779725,-9.62269417178488,0],[-77.30981990890707,-9.622652058302664,0],[-77.30983830050668,-9.62255327031656,0],[-77.30983624637788,-9.622498839099762,0],[-77.30977507423611,-9.622482652820038,0],[-77.30969585162028,-9.622478571019057,0],[-77.30965134456915,-9.62244448963974,0],[-77.30962715369782,-9.622408485686433,0],[-77.30961717864984,-9.622348557533773,0],[-77.3095910613796,-9.62230473432313,0],[-77.3095226859921,-9.622283037104989,0],[-77.3094845721887,-9.622219453742035,0],[-77.30946453993897,-9.622133963044735,0],[-77.30943052847482,-9.622076532371832,0],[-77.30937042833003,-9.622060984571977,0],[-77.30923644517746,-9.6220616854558,0],[-77.3091035528944,-9.6220429260176,0],[-77.30906377567516,-9.622009500058205,0],[-77.30901950932555,-9.621924378490785,0],[-77.30896795144847,-9.621863478043553,0],[-77.30885207419982,-9.621842419588106,0],[-77.3087437337141,-9.621897840465108,0],[-77.30869139229947,-9.62191132157541,0],[-77.30864082342556,-9.62188817589324,0],[-77.30861220438169,-9.621781846461342,0],[-77.30857016571227,-9.621735527063361,0],[-77.30849799282636,-9.621709383260116,0],[-77.308442718556,-9.621714697843831,0],[-77.30839756794174,-9.621734856741655,0],[-77.30836082736865,-9.621736723883812,0],[-77.30832079674778,-9.621702197649277,0],[-77.30828914271169,-9.621661042604071,0],[-77.30826750345271,-9.621596703664917,0],[-77.30819705632935,-9.62152756469913,0],[-77.30811401703696,-9.621513776527548,0],[-77.30803923862072,-9.621492023716607,0],[-77.30798073369694,-9.621442376605057,0],[-77.30793842575163,-9.621346949452983,0],[-77.30788007998981,-9.62128952628022,0],[-77.30781781186259,-9.621277937125564,0],[-77.30774963836434,-9.62132399417854,0],[-77.30773354687247,-9.621357773002828,0],[-77.30767744822047,-9.621365918423663,0],[-77.3076315128713,-9.621346309741677,0],[-77.30758969838485,-9.621291080938596,0],[-77.30753401556338,-9.621194076395266,0],[-77.30747610784746,-9.621136617258886,0],[-77.30742773108803,-9.621102423553353,0],[-77.30734101827146,-9.621112877650328,0],[-77.30726433326642,-9.621152632155326,0],[-77.30718695417927,-9.621178160909768,0],[-77.30708566282031,-9.621184830905433,0],[-77.3069513114835,-9.621156460778826,0],[-77.30686348433443,-9.621246590692886,0],[-77.30681630515566,-9.62136059650533,0],[-77.30679153141487,-9.621415038650134,0],[-77.30675722375857,-9.621465704240094,0],[-77.30667353764389,-9.621465702901094,0],[-77.30657362010012,-9.621448962324903,0],[-77.30648805566666,-9.621425038303647,0],[-77.30637984908556,-9.621423518087454,0],[-77.3062948634867,-9.621394626110789,0],[-77.30617376569049,-9.621373587049556,0],[-77.3060860962662,-9.621356245353534,0],[-77.30599956516708,-9.62131061547391,0],[-77.3059339299858,-9.621285056775466,0],[-77.30588424096048,-9.621258283299007,0],[-77.30581607773503,-9.621220769045086,0],[-77.30576335365284,-9.621203709865458,0],[-77.305625419028,-9.621242615242656,0],[-77.30551518056043,-9.621289120279126,0],[-77.30543072962188,-9.621287898582485,0],[-77.30535261609893,-9.621311464926356,0],[-77.30526820768463,-9.621293165988348,0],[-77.3051849587866,-9.621282750232528,0],[-77.3051166819222,-9.621233591823861,0],[-77.30504217657533,-9.621203337896707,0],[-77.3049684317064,-9.621140665188788,0],[-77.30487800391853,-9.62110391066387,0],[-77.30479392296698,-9.621049978758862,0],[-77.30466738732645,-9.621008074883981,0],[-77.30457220234582,-9.621045022114972,0],[-77.30449146785662,-9.621087728653642,0],[-77.30441212521939,-9.621132214428194,0],[-77.30431525574966,-9.621111855317594,0],[-77.30426364781744,-9.621037027163597,0],[-77.30422496030543,-9.62101707653555,0],[-77.30414876905759,-9.6210035805353,0],[-77.30411107136207,-9.620974687399892,0],[-77.3040803195307,-9.620968770156082,0],[-77.30404565566373,-9.62098116784981,0],[-77.30402098359453,-9.620979783794775,0],[-77.30398297860795,-9.6209693573842,0],[-77.30388176921818,-9.620918039129554,0],[-77.30383204954096,-9.62078613774628,0],[-77.3037670330129,-9.62077394004292,0],[-77.30371270283928,-9.620786012932316,0],[-77.30367068284998,-9.620805066499491,0],[-77.30361284437826,-9.620773674403468,0],[-77.30353605821601,-9.6207528470306,0],[-77.30348075623496,-9.620677084415217,0],[-77.3034603970447,-9.620617266074953,0],[-77.30341656598956,-9.620524200479435,0],[-77.30339119172136,-9.620495688500249,0],[-77.30333988156228,-9.620483982028643,0],[-77.30327653244896,-9.620477301285819,0],[-77.30323665049723,-9.620429055824811,0],[-77.30322576520047,-9.620389368987292,0],[-77.30322878867435,-9.620341730792752,0],[-77.30323826594325,-9.62030581939184,0],[-77.30322475143372,-9.62024088954895,0],[-77.30322967439484,-9.620184621432209,0],[-77.30322082342471,-9.62012718796393,0],[-77.30320381507516,-9.620095811801159,0],[-77.30315045003734,-9.620062088530348,0],[-77.30314542222577,-9.620062088682864,0],[-77.30309354138706,-9.620040868204194,0],[-77.30302897658576,-9.620013400506517,0],[-77.30297324439063,-9.62001583482044,0],[-77.30291491151334,-9.6200120798665,0],[-77.30287824915362,-9.619980906940215,0],[-77.30281991689915,-9.61994464456756,0],[-77.3027973549925,-9.619906116615496,0],[-77.3027542476901,-9.61986112945584,0],[-77.30263001316193,-9.61982021760526,0],[-77.30254078081546,-9.619774937191025,0],[-77.30245862619707,-9.619704349812002,0],[-77.30240999716553,-9.619682290207905,0],[-77.30236576151664,-9.619605005939848,0],[-77.30234419573412,-9.61952443258153,0],[-77.30234409638466,-9.619423918911224,0],[-77.30233161232006,-9.619347752180916,0],[-77.30223509407789,-9.619255210479386,0],[-77.30217633026123,-9.619182430720214,0],[-77.30211821075225,-9.619085100450059,0],[-77.30210151840846,-9.61899001223093,0],[-77.30206620470159,-9.61891911358903,0],[-77.30199540668974,-9.618900357270801,0],[-77.30196197847063,-9.618854150001177,0],[-77.30195188633637,-9.618792528328687,0],[-77.30192974450205,-9.618762535570124,0],[-77.30186506408732,-9.61872429250248,0],[-77.30181259010111,-9.618659599283967,0],[-77.30177032609336,-9.618636498340486,0],[-77.30170794001845,-9.618626790230993,0],[-77.30165250023366,-9.618627009777299,0],[-77.30160896688523,-9.618668483819595,0],[-77.30158561846969,-9.618691634245506,0],[-77.30154565790004,-9.61866048292105,0],[-77.30149750867403,-9.618642569845724,0],[-77.30146765798357,-9.618627886841825,0],[-77.301452641683,-9.618588490391108,0],[-77.3014509762689,-9.618585208447524,0],[-77.30142266540813,-9.618527770778819,0],[-77.30139474190015,-9.618441337480236,0],[-77.30139845361236,-9.618350350027642,0],[-77.30141546495808,-9.618268024339686,0],[-77.30142065120363,-9.618170122783646,0],[-77.30139514436,-9.618093522874322,0],[-77.30137122561345,-9.618056739083928,0],[-77.30135475391236,-9.618009725079586,0],[-77.30132641714455,-9.617971587842646,0],[-77.30128179757156,-9.61792328511973,0],[-77.3012417259306,-9.617883843942051,0],[-77.3012107013117,-9.61782431767481,0],[-77.30119316810453,-9.617787068413968,0],[-77.30117318195539,-9.617707851518013,0],[-77.30113758546277,-9.617642812377136,0],[-77.30110656735273,-9.617597875504678,0],[-77.30107291683522,-9.61756107162,0],[-77.30106459969794,-9.617521926986708,0],[-77.30103346372393,-9.617493202488957,0],[-77.30099113794003,-9.617452445262844,0],[-77.3009783354491,-9.617418139522284,0],[-77.3009656023343,-9.617365994188509,0],[-77.30092944265495,-9.617315988668704,0],[-77.30089496445345,-9.617282024785974,0],[-77.30087707513364,-9.617209778788252,0],[-77.30083360091389,-9.617186272368192,0],[-77.30078902543424,-9.617178944701893,0],[-77.30070192957949,-9.617158254926247,0],[-77.30063368575995,-9.617095797125021,0],[-77.30056295852751,-9.617025798685907,0],[-77.30047926813965,-9.617002052114806,0],[-77.30041986959372,-9.616964430527307,0],[-77.30040089644739,-9.61688314386628,0],[-77.3004193781815,-9.616791501951067,0],[-77.30043014155594,-9.616755042757694,0],[-77.30037953914477,-9.616589700108356,0],[-77.30035942327466,-9.616489192525435,0],[-77.3003267135977,-9.616428434546346,0],[-77.30027637727721,-9.616383795205586,0],[-77.30024897908169,-9.616343882846763,0],[-77.30024872515379,-9.616295463833548,0],[-77.30019918236808,-9.616269161343775,0],[-77.3001497919875,-9.616253839892819,0],[-77.3000893651183,-9.616216632932145,0],[-77.30004557005121,-9.61611521857379,0],[-77.30002848900796,-9.616042497481205,0],[-77.30000058963647,-9.615966210951019,0],[-77.29998810453304,-9.615916052057592,0],[-77.29996012217093,-9.61587417837129,0],[-77.29995933161997,-9.615800457616164,0],[-77.2999727527901,-9.615661508115561,0],[-77.29997872259864,-9.615607246133441,0],[-77.29990696387101,-9.615559287015227,0],[-77.29983298088487,-9.615509151591967,0],[-77.29980123618252,-9.615459218573843,0],[-77.29981178712791,-9.615384841243108,0],[-77.29983067287404,-9.615306903831904,0],[-77.29983478577827,-9.615233454238515,0],[-77.29979082558685,-9.615168515505879,0],[-77.29977837069143,-9.615102163025133,0],[-77.2997825376646,-9.615096024422899,0],[-77.2998366292402,-9.615004819895574,0],[-77.29984258327136,-9.614913610712621,0],[-77.29985701229727,-9.614846080749457,0],[-77.29986966195345,-9.614802457307455,0],[-77.29982526167502,-9.614730064466166,0],[-77.29980126301827,-9.614679636685494,0],[-77.29981028449515,-9.614636533313988,0],[-77.29983384116801,-9.614590011724415,0],[-77.29986454163578,-9.614532975642389,0],[-77.29988414964326,-9.614465560514414,0],[-77.29989089090829,-9.614391550747891,0],[-77.29993550451333,-9.614335735142253,0],[-77.29997663275044,-9.614307950629383,0],[-77.30005329188828,-9.614252383733035,0],[-77.30023126481713,-9.614030861041245,0],[-77.30024880642473,-9.61397553162244,0],[-77.30023181932856,-9.613830561647173,0],[-77.30023106106067,-9.613728087963695,0],[-77.30020356282577,-9.613635241511982,0],[-77.30018527761044,-9.613564448708013,0],[-77.30021092237065,-9.613438430146132,0],[-77.3002316141852,-9.613336695862078,0],[-77.30032835859932,-9.613244835521597,0],[-77.30033313704645,-9.61319878773495,0],[-77.30028898107821,-9.61307384862491,0],[-77.3002934449156,-9.612985279979506,0],[-77.30032261052142,-9.612842228227551,0],[-77.30029418661312,-9.61274768743463,0],[-77.30033605475367,-9.612653879789537,0],[-77.30038013804716,-9.612560660552779,0],[-77.30038947304725,-9.612499672089852,0],[-77.30032864543303,-9.6123861011809,0],[-77.30035159942403,-9.612272014777496,0],[-77.30037011813707,-9.612213460340875,0],[-77.30046218840913,-9.612062371219604,0],[-77.30051983823155,-9.611953035743252,0],[-77.30053094293527,-9.611823710011443,0],[-77.30053037001137,-9.611713466784726,0],[-77.30050786799312,-9.611590922582913,0],[-77.30048950936943,-9.611530521015931,0],[-77.30050861470195,-9.611380372298733,0],[-77.30047216913839,-9.611258158523693,0],[-77.3004425344846,-9.611115572904655,0],[-77.30051322271085,-9.610822698543545,0],[-77.30048431756161,-9.610701706177329,0],[-77.30039402023807,-9.610540328756144,0],[-77.30038704339223,-9.610475577586868,0],[-77.30043310346028,-9.610370153575031,0],[-77.30050578463383,-9.610225722796205,0],[-77.3005303212706,-9.610111052891686,0],[-77.30049992276481,-9.609995509176084,0],[-77.30047925675852,-9.609594918702763,0],[-77.30051875619398,-9.609308032517658,0],[-77.30049541114464,-9.609089849434485,0],[-77.30049861153287,-9.608771596976979,0],[-77.30060077629417,-9.608548610181748,0],[-77.30064904358856,-9.608417106157393,0],[-77.30062711884622,-9.608235841620125,0],[-77.30063472095229,-9.608119454413966,0],[-77.30070093950987,-9.60799749988817,0],[-77.3006635756635,-9.607879841171096,0],[-77.30065867176025,-9.607748866134754,0],[-77.30067429747126,-9.60761105575965,0],[-77.30062750759278,-9.607519876942458,0],[-77.30056723297695,-9.607397538967668,0],[-77.30056370386264,-9.60739404580914,0],[-77.30049650534744,-9.60729966547946,0],[-77.30053830977742,-9.607208900212132,0],[-77.30060468974621,-9.607153267484145,0],[-77.3005692684779,-9.607069611052097,0],[-77.30050574041937,-9.606971915395151,0],[-77.30045915816312,-9.606892245237159,0],[-77.30044820980699,-9.606833400882348,0],[-77.30038372462029,-9.606754681063501,0],[-77.30033012720942,-9.606669320169404,0],[-77.30026964448716,-9.606567342037486,0],[-77.30026963302711,-9.60656391712344,0],[-77.30031966920846,-9.606406500794103,0],[-77.30038705477307,-9.606327824189409,0],[-77.30035662544876,-9.60620885188958,0],[-77.30034003318332,-9.6060643276041,0],[-77.30034029142251,-9.606014531333587,0]]},"properties":{"Length":6.44176676703,"Nombre_ES":"Quebrada Tucto","Nombre_EN":"Tucto creek"}},
{"type":"Feature","geometry":{"type":"LineString","coordinates":[[-77.47974086553465,-9.67135766104834,0],[-77.47965648928285,-9.671442301387088,0],[-77.4796052958648,-9.671475140168088,0],[-77.47954525596718,-9.67147273541428,0],[-77.47949593709401,-9.671451161731172,0],[-77.4794601674249,-9.671419974424206,0],[-77.47942396997962,-9.671373663119544,0],[-77.47938455176306,-9.671340551336344,0],[-77.47934883391075,-9.671326162366347,0],[-77.47927842884803,-9.671337469292787,0],[-77.47923130431259,-9.67137788774317,0],[-77.47920304609544,-9.671421315495966,0],[-77.47915597100115,-9.671502252847391,0],[-77.4791466153307,-9.671563715530057,0],[-77.47911554441897,-9.6716189270388,0],[-77.47905064113189,-9.671707426022742,0],[-77.47894049083685,-9.67178273393148,0],[-77.47887679218853,-9.671890972630951,0],[-77.4786825692015,-9.671968124788759,0],[-77.47857655227239,-9.671950917050346,0],[-77.47847015502414,-9.671952615071492,0],[-77.47835494710621,-9.671951600868713,0],[-77.47828264114018,-9.671999095438462,0],[-77.47820937866263,-9.672113906514879,0],[-77.47810975866258,-9.672219367911316,0],[-77.47791214875032,-9.67232005112286,0],[-77.47782663418762,-9.672403552090515,0],[-77.47774647696626,-9.672484266628734,0],[-77.47769892660651,-9.672610331615738,0],[-77.4776214645626,-9.672703581159093,0],[-77.47754146358517,-9.672777497994101,0],[-77.47740798529443,-9.672803951724612,0],[-77.47728934661704,-9.672756125486467,0],[-77.47718116609265,-9.672669198876244,0],[-77.47709518397585,-9.672613354463607,0],[-77.47698522848647,-9.672577453743072,0],[-77.4768840918551,-9.672612643693741,0],[-77.47680690104056,-9.672682728210736,0],[-77.47666895951208,-9.672724727576616,0],[-77.47658995652584,-9.672702743901635,0],[-77.47646468507936,-9.672759942426165,0],[-77.47628975116328,-9.672833495336324,0],[-77.4761404931065,-9.672855678216703,0],[-77.47600779924403,-9.672931083016426,0],[-77.47583409465042,-9.672940750597553,0],[-77.4757056228905,-9.672959714987751,0],[-77.47557154231446,-9.672981710233863,0],[-77.47548769062017,-9.673004076153621,0],[-77.47532420113806,-9.672938650564086,0],[-77.47525419978942,-9.67289930154994,0],[-77.47514548994387,-9.672887215281689,0],[-77.47497382294733,-9.672860876373466,0],[-77.47488283024626,-9.672882140405939,0],[-77.47488006356973,-9.672882129792505,0],[-77.47473088650892,-9.672862396662193,0],[-77.47456991915108,-9.672863856753168,0],[-77.47445558663262,-9.67288489495953,0],[-77.47435844062122,-9.672927505123182,0],[-77.47422850646844,-9.672970486785985,0],[-77.4741237171053,-9.672972444418729,0],[-77.4740146090388,-9.672950815460265,0],[-77.47377056030304,-9.672938504011016,0],[-77.47370394503145,-9.672884512295015,0],[-77.47362830335372,-9.672865216529306,0],[-77.47340728716266,-9.67286087292028,0],[-77.47327551715212,-9.672875884917824,0],[-77.47313867161047,-9.672840343509622,0],[-77.4730269195424,-9.67280516292151,0],[-77.47296846687834,-9.672702023296742,0],[-77.47290849828074,-9.672514891899668,0],[-77.47278378197798,-9.672402686845325,0],[-77.47260283576944,-9.672399564011943,0],[-77.47240969281607,-9.672442690180795,0],[-77.47229805050692,-9.672460666972327,0],[-77.47212478073311,-9.672519649240796,0],[-77.47204447273602,-9.672521453315763,0],[-77.47186142987591,-9.672411576183245,0],[-77.47175798809069,-9.672341764184976,0],[-77.47168272330488,-9.67229020449415,0],[-77.47160044267052,-9.672166326023495,0],[-77.4715019557669,-9.672011794363554,0],[-77.4714769296364,-9.671947739920626,0],[-77.47140303477968,-9.67190978147445,0],[-77.4712306293139,-9.671901058737216,0],[-77.4711159679629,-9.671892254647691,0],[-77.47093995166603,-9.671873557249764,0],[-77.4708729152062,-9.67183626444738,0],[-77.47074717679618,-9.67174564797417,0],[-77.47066997424979,-9.6716271720902,0],[-77.47059831690216,-9.671503789538356,0],[-77.47056117246363,-9.671417365635342,0],[-77.470420379138,-9.671329307206134,0],[-77.47037097032218,-9.67130618199301,0],[-77.47030405398657,-9.671226584571945,0],[-77.47030409829863,-9.67122144325509,0],[-77.47022257542766,-9.671104211155384,0],[-77.47014313838294,-9.670997323402998,0],[-77.47014054569404,-9.670992201591773,0],[-77.47007852753124,-9.670889987263049,0],[-77.46996865211223,-9.670799352331604,0],[-77.46984936696207,-9.670712041819788,0],[-77.46972438255611,-9.670577921259849,0],[-77.46963134092778,-9.670505944674112,0],[-77.46954351569305,-9.670404330141963,0],[-77.46943230038092,-9.670242987394015,0],[-77.4692916808457,-9.670131550786357,0],[-77.46917677810222,-9.670035423035126,0],[-77.46911529329572,-9.66990752428861,0],[-77.46900789013232,-9.669776770758881,0],[-77.4688865683861,-9.669708152842745,0],[-77.46874482087443,-9.669619090074502,0],[-77.46866488823422,-9.669549850189043,0],[-77.46860500027812,-9.669387941103125,0],[-77.46860466207423,-9.669273250696,0],[-77.4685207220691,-9.669154945782507,0],[-77.46841113814344,-9.669069312000607,0],[-77.46835077129046,-9.669017292743968,0],[-77.46817910729074,-9.668881673419348,0],[-77.46812377842413,-9.66880572604682,0],[-77.46798853806854,-9.668746353850361,0],[-77.46785784030614,-9.668755806981432,0],[-77.46767809891465,-9.668843750195963,0],[-77.46759641046046,-9.668853308832073,0],[-77.46745094758712,-9.668815926602093,0],[-77.46727922174132,-9.668760611606636,0],[-77.46714487060757,-9.668618488398607,0],[-77.4669988594176,-9.668559084121183,0],[-77.46671991263942,-9.668454374087695,0],[-77.46648797724882,-9.668350169667074,0],[-77.46634012817594,-9.668253276675022,0],[-77.46617918409171,-9.668181686991932,0],[-77.46598915160205,-9.668089423242025,0],[-77.46571569126787,-9.668090121808374,0],[-77.46556735245464,-9.668066010984203,0],[-77.46535683222679,-9.667985571352302,0],[-77.46527704524924,-9.667903264941666,0],[-77.4652156206617,-9.66780403905724,0],[-77.46518251019744,-9.667715411329738,0],[-77.46522345964617,-9.667581339663354,0],[-77.46513699215524,-9.667460770482794,0],[-77.46503837378167,-9.667413888332362,0],[-77.46494292577626,-9.66736979650614,0],[-77.46487809585392,-9.667295708235267,0],[-77.46485139995117,-9.667157091203396,0],[-77.46472843432112,-9.667028688965358,0],[-77.46459357399775,-9.666883012780557,0],[-77.4644868149733,-9.666803414874192,0],[-77.46431564304984,-9.666780557633304,0],[-77.46421468761412,-9.666816552791467,0],[-77.46411218270553,-9.666903720873607,0],[-77.46403108150342,-9.667003244182919,0],[-77.4639334647029,-9.667069026224318,0],[-77.46382511254461,-9.667132024804355,0],[-77.46382261292646,-9.667134543767085,0],[-77.46373544872462,-9.667162364772174,0],[-77.46356840121587,-9.667132393394324,0],[-77.46343151257508,-9.667081671424306,0],[-77.46337131228093,-9.66701824917304,0],[-77.46329477620932,-9.666970925630354,0],[-77.46317479398999,-9.666977515927163,0],[-77.4630945215176,-9.667020188321644,0],[-77.46300543323093,-9.667060357758352,0],[-77.46285099632414,-9.667070399485583,0],[-77.46268870473074,-9.667051041618622,0],[-77.46254772568979,-9.667061133496299,0],[-77.46230101167104,-9.667141832425504,0],[-77.46216700982484,-9.667142663829402,0],[-77.461970090959,-9.66716912991598,0],[-77.46179292864672,-9.667079087165856,0],[-77.46165384389424,-9.667008075003377,0],[-77.46143193218809,-9.66710188655204,0],[-77.46124499341664,-9.66711926519675,0],[-77.46107168552443,-9.667051527583153,0],[-77.46095681037006,-9.666993458978942,0],[-77.4607821764528,-9.666926411127124,0],[-77.46059330860962,-9.666883794729278,0],[-77.46036450914946,-9.6668892101747,0],[-77.46018239390776,-9.666925250445521,0],[-77.46010203862544,-9.66696633910812,0],[-77.45999308437854,-9.666963024664458,0],[-77.45987200389517,-9.666896717769225,0],[-77.45976466936946,-9.666818339309145,0],[-77.45964622210585,-9.666818754380902,0],[-77.45947109434638,-9.666912190149361,0],[-77.45942414219876,-9.666949441388953,0],[-77.4592781688133,-9.667029811629911,0],[-77.4591147460466,-9.667050974641825,0],[-77.45897278621224,-9.667156183800206,0],[-77.458791935296,-9.667256584777432,0],[-77.45867819380311,-9.667364259519118,0],[-77.45858861128663,-9.667418663405256,0],[-77.45839841942644,-9.667454173278834,0],[-77.4581883645344,-9.66742034227024,0],[-77.45804331668315,-9.667446023325969,0],[-77.45791166307319,-9.667506368237568,0],[-77.45778301355625,-9.667671382183974,0],[-77.4576924034898,-9.66776955866374,0],[-77.45757291903803,-9.6679020123312,0],[-77.4574143868353,-9.66807908399468,0],[-77.45729996229184,-9.668104666667135,0],[-77.45714995449401,-9.668196536917607,0],[-77.45705919470569,-9.668222542492854,0],[-77.45685570534255,-9.668280851672401,0],[-77.45671654218684,-9.66825782327085,0],[-77.45666031924041,-9.66817307334377,0],[-77.45653805296,-9.668146894604972,0],[-77.4563635589241,-9.668189030890062,0],[-77.45617078732938,-9.66824373339967,0],[-77.45599197243673,-9.66834663403581,0],[-77.45586265245318,-9.668481399459944,0],[-77.45573293190633,-9.668506718698286,0],[-77.45551957322046,-9.668485546869807,0],[-77.45534552077045,-9.668503304082197,0],[-77.45515613312895,-9.668603765367447,0],[-77.45492858052569,-9.668738123872153,0],[-77.45481215177371,-9.668773410441373,0],[-77.45466676040324,-9.668763410248237,0],[-77.45446568315967,-9.668759785912243,0],[-77.45421010765389,-9.66881390711646,0],[-77.45410172920074,-9.668820423540875,0],[-77.4538307508072,-9.66879195711743,0],[-77.45369287907316,-9.668731027822009,0],[-77.45358726456739,-9.66864029145163,0],[-77.45349374359158,-9.668545538706269,0],[-77.45340028116047,-9.66847071192417,0],[-77.45331316947114,-9.668422095047815,0],[-77.45323282633402,-9.668373618300091,0],[-77.45313378851097,-9.668302743024006,0],[-77.4530781142431,-9.668264583188497,0]]},"properties":{"Length":3.51190877609,"Nombre_ES":"Río Olleros","Nombre_EN":"Olleros river"}},
{"type":"Feature","geometry":{"type":"LineString","coordinates":[[-77.4530781142431,-9.668264583188497,0],[-77.45297970201418,-9.66828986205895,0],[-77.45291260520673,-9.668255159575462,0],[-77.45279156258763,-9.66822925710858,0],[-77.4526363064109,-9.668229356770363,0],[-77.45244140198919,-9.668190897204829,0],[-77.4522492128327,-9.668246755911804,0],[-77.45212329255655,-9.668362589742324,0],[-77.45200146402668,-9.668452805189563,0],[-77.45189688729472,-9.668565181189683,0],[-77.4517788457493,-9.668638755855952,0],[-77.45166096018283,-9.668660096175035,0],[-77.45153472327314,-9.66865532653744,0],[-77.45141002346476,-9.668602498200203,0],[-77.45125989443422,-9.668571559289841,0],[-77.4511004300683,-9.668596833650922,0],[-77.45095281993007,-9.66872933463569,0],[-77.45081142838339,-9.66885234585727,0],[-77.45070487493338,-9.668958045283066,0],[-77.45058606224273,-9.669003707665803,0],[-77.45038018598403,-9.668971460952235,0],[-77.4501512844203,-9.668930541956383,0],[-77.44996059383337,-9.66895790507286,0],[-77.4497735362864,-9.669027659500602,0],[-77.44954236820283,-9.669175925934589,0],[-77.44938475836393,-9.669280546286563,0],[-77.44928536760953,-9.669351521071501,0],[-77.4490988680354,-9.669447483001772,0],[-77.44886269794647,-9.669482648192803,0],[-77.44871597229505,-9.669507763405765,0],[-77.4486166109069,-9.6695997952227,0],[-77.44852671321131,-9.669702118857792,0],[-77.44850017419743,-9.669811502579394,0],[-77.44838724939167,-9.670043089506182,0],[-77.44833455424508,-9.670121001303993,0],[-77.44815391391396,-9.670234220698985,0],[-77.44800446508256,-9.670388156050173,0],[-77.44793397434788,-9.670502742837671,0],[-77.44785933333549,-9.670634133581126,0],[-77.4477583959263,-9.67069187223012,0],[-77.44763437700384,-9.670727392096063,0],[-77.44751055926587,-9.670846453358795,0],[-77.4473806290789,-9.670926859567631,0],[-77.44725395287689,-9.671133944916837,0],[-77.44707917177841,-9.671327523867884,0],[-77.44686793588085,-9.671495591265158,0],[-77.44678250111934,-9.671677531340036,0],[-77.44674361169785,-9.671800899766613,0],[-77.44663241020747,-9.671909327448612,0],[-77.44651405272062,-9.671947737761302,0],[-77.44637525283852,-9.67204476014226,0],[-77.44624099038282,-9.672231556569582,0],[-77.44614629151499,-9.672409052197136,0],[-77.44605963597168,-9.672505178287631,0],[-77.44585001794145,-9.6724793474993,0],[-77.44576018711486,-9.672519802211765,0],[-77.44560323624448,-9.672633720186525,0],[-77.44543533783136,-9.672810099325952,0],[-77.44530931578554,-9.672933872729072,0],[-77.44519877620472,-9.673035017593982,0],[-77.44504745300746,-9.673114316246666,0],[-77.44484472308577,-9.673164119258486,0],[-77.44475135262142,-9.673233302530457,0],[-77.44471214797169,-9.673303621251135,0],[-77.44475499870263,-9.673377415361498,0],[-77.44474798310306,-9.673475612181877,0],[-77.44470593573664,-9.673614435802815,0],[-77.44458323451946,-9.673734088580254,0],[-77.44445032403861,-9.67384696982565,0],[-77.44435281798904,-9.67400149562446,0],[-77.44432233933541,-9.674165795846648,0],[-77.44436522498091,-9.67446707261863,0],[-77.44436147445926,-9.674720185966795,0],[-77.44431167520659,-9.674874109583326,0],[-77.44419600848428,-9.674916452031423,0],[-77.4440196186629,-9.674899848075388,0],[-77.44386395974566,-9.674938578028417,0],[-77.44371510239566,-9.674987117655933,0],[-77.4436041130189,-9.675118875647904,0],[-77.4433999234708,-9.675234180642857,0],[-77.44328033564032,-9.675348305946386,0],[-77.44313612185027,-9.675482205084412,0],[-77.44300333674342,-9.675597858395196,0],[-77.44290308906986,-9.67583439672917,0],[-77.4428865778351,-9.676072113807518,0],[-77.44280408117855,-9.676176532885348,0],[-77.44272208847427,-9.67630451438201,0],[-77.44255807174447,-9.67633317343144,0],[-77.44239219659565,-9.676338436167823,0],[-77.44220085527787,-9.676502561341431,0],[-77.4421481327455,-9.676638950853974,0],[-77.44206668369337,-9.676775154040572,0],[-77.44193329403465,-9.67692232738248,0],[-77.44173081556093,-9.676989202711443,0],[-77.44155206467002,-9.677033576133113,0],[-77.44133350450399,-9.677197921181655,0],[-77.44121271009487,-9.677328496883243,0],[-77.4411094197188,-9.677497164180549,0],[-77.44108182203688,-9.677728154799128,0],[-77.44099226041334,-9.6779142937182,0],[-77.44084472038304,-9.677932316998783,0],[-77.4406545153316,-9.677896549597582,0],[-77.44047215270093,-9.677671058424444,0],[-77.44041909996477,-9.677506500005242,0],[-77.44031967649262,-9.67737265259468,0],[-77.44000421896372,-9.677355619268415,0],[-77.43976814805684,-9.677338954799895,0],[-77.43954596154747,-9.677358915448412,0],[-77.43932233818752,-9.67736946534904,0],[-77.43917262357843,-9.677285122978583,0],[-77.43892695321394,-9.677284352812304,0],[-77.43875448149741,-9.677324709171277,0],[-77.43856481643526,-9.677305898271456,0],[-77.43836349578865,-9.677137746454836,0],[-77.43819388017062,-9.677091474934228,0],[-77.43799138231451,-9.677023071304427,0],[-77.4378717550291,-9.67698555668323,0],[-77.43774567825803,-9.67689787445404,0],[-77.43760368576909,-9.676803299916324,0],[-77.43754367101617,-9.676726308090759,0],[-77.43750803903501,-9.676613470049633,0],[-77.43736615225173,-9.676482129219972,0],[-77.43725402804489,-9.67642352559827,0],[-77.43715219422005,-9.676374933727711,0],[-77.43700506793068,-9.676404152919481,0],[-77.43690375906327,-9.676462862110327,0],[-77.43678266588162,-9.6765086888829,0],[-77.43665617040482,-9.676512026167348,0],[-77.4365654482462,-9.67645004122379,0],[-77.43636414649933,-9.676333128464965,0],[-77.43614235550619,-9.676178300794643,0],[-77.43590961149235,-9.675977784110744,0],[-77.43578012036924,-9.675892055790351,0],[-77.435626090985,-9.675852529654222,0],[-77.43547269494819,-9.67579195259011,0],[-77.43527658738216,-9.675735513815532,0],[-77.43513819224125,-9.675657923342966,0],[-77.4350359118642,-9.675570010054981,0],[-77.4349284281445,-9.6754335156956,0],[-77.4348712574654,-9.675139564561,0],[-77.43481433928399,-9.674981895721897,0],[-77.4345004557626,-9.674763961932225,0],[-77.434368257011,-9.674590649926197,0],[-77.43422354242311,-9.674426137013329,0],[-77.43401593381527,-9.674372963493699,0],[-77.43385273679468,-9.674413991948612,0],[-77.43371930180787,-9.674323777200135,0],[-77.43363100515104,-9.674054192387267,0],[-77.43355093794735,-9.673881966119831,0],[-77.43322756447485,-9.673757023080592,0],[-77.43316194301218,-9.673692268589408,0],[-77.43307372345356,-9.673433034142265,0],[-77.43285799594989,-9.673224468464651,0],[-77.43284244505764,-9.67321293715056,0],[-77.43271956183672,-9.67310981418629,0],[-77.43254655694294,-9.67305862434304,0],[-77.43243646390808,-9.67306405347312,0],[-77.43229562624909,-9.673031412222299,0],[-77.43208019401753,-9.672939653543763,0],[-77.4319487557313,-9.672811200121922,0],[-77.43176350327971,-9.672765586306515,0],[-77.43163033347759,-9.672741560120908,0],[-77.43153882824951,-9.67265185246018,0],[-77.43147495585573,-9.672516244765298,0],[-77.43137712170434,-9.672423165892676,0],[-77.43127972294612,-9.67242280004815,0],[-77.43105857694151,-9.672502557912525,0],[-77.43071351539295,-9.6726045150581,0],[-77.43057165327731,-9.672651491013324,0],[-77.43043096689028,-9.67263993546977,0],[-77.43008720728959,-9.672583760803496,0],[-77.42975897842899,-9.672573936708458,0],[-77.42943848460537,-9.67253099978333,0],[-77.42924131157613,-9.672533428506284,0],[-77.42915911038128,-9.672464754466464,0],[-77.42904571303916,-9.67230399868959,0],[-77.42891982735338,-9.672210696458487,0],[-77.42867591612972,-9.67216596421645,0],[-77.42845168901464,-9.67218251698018,0],[-77.42834602219803,-9.672242393566492,0],[-77.42817228638195,-9.672270146860127,0],[-77.42790120708521,-9.672129004539128,0],[-77.4276318892127,-9.671932006159915,0],[-77.42750479996626,-9.671761372853194,0],[-77.42739601247584,-9.671670466901935,0],[-77.42722679123385,-9.671621886847488,0],[-77.42690164259896,-9.671585108885584,0],[-77.42677661616307,-9.67150110970235,0],[-77.42662119623105,-9.671471070081243,0],[-77.42648782639824,-9.67158426825881,0],[-77.42629596813475,-9.671667304127674,0],[-77.42611802295745,-9.671708240825113,0],[-77.4259533881913,-9.671677764239968,0],[-77.42581419713322,-9.67155269324587,0],[-77.42562840298655,-9.671469470165224,0],[-77.42537935836258,-9.671439540863167,0],[-77.42511589091762,-9.671374605512208,0],[-77.42493724855089,-9.671310169166581,0],[-77.42484856178507,-9.671311862779655,0],[-77.42477687807393,-9.671335435452413,0],[-77.42464427322159,-9.67134331114655,0],[-77.42447506401022,-9.671361650402204,0],[-77.42440154464803,-9.671340843912482,0],[-77.42429671405053,-9.671180832698422,0],[-77.42422915946767,-9.671048400715847,0],[-77.42410590722316,-9.670957095182272,0],[-77.42387097579685,-9.670961779622024,0],[-77.42358200817999,-9.671005371778186,0],[-77.42336182024164,-9.671005653824192,0],[-77.42315045509672,-9.671020697179395,0],[-77.42297270898665,-9.670938487838592,0],[-77.4227764196114,-9.670874055311323,0],[-77.42252633998973,-9.670857142485534,0],[-77.42234237626559,-9.670810760694085,0],[-77.42216495777522,-9.670870020483703,0],[-77.4220241488484,-9.67103385164463,0],[-77.42186057956644,-9.671138600603728,0],[-77.4217086015592,-9.671132897335674,0],[-77.42150281220366,-9.670965035160762,0],[-77.42121549484483,-9.670843614934522,0],[-77.42094903818656,-9.670954170334465,0],[-77.42079888558605,-9.67096603037252,0],[-77.42062431997553,-9.670891260250201,0],[-77.42050855291244,-9.670845394092234,0],[-77.42028237790241,-9.670904049720095,0],[-77.4201328871995,-9.670846980549165,0],[-77.41986714441697,-9.670796417628424,0],[-77.41954683973347,-9.670922588316088,0],[-77.41939213442201,-9.670884785552255,0],[-77.41929411332542,-9.670710614178658,0],[-77.41920483776535,-9.670553806445902,0],[-77.4190415440629,-9.670436001600367,0],[-77.41890879182712,-9.670420491651212,0],[-77.4186943743639,-9.670412449372273,0],[-77.41854198861878,-9.670355158738039,0],[-77.41837059231997,-9.670221305173248,0],[-77.41814434685772,-9.67008393945817,0],[-77.41790406523837,-9.67000278853057,0],[-77.41777632314954,-9.670076964938188,0],[-77.41761260624183,-9.670010412841005,0],[-77.41752487665408,-9.669889298423826,0],[-77.41740342721071,-9.669769980523467,0],[-77.41719508082379,-9.669801922372125,0],[-77.41696866174597,-9.669864634528658,0],[-77.41686555817343,-9.669851551294046,0],[-77.41674638859647,-9.669704594408099,0],[-77.41660240758324,-9.669516678244548,0],[-77.41652632396905,-9.669429177140216,0],[-77.41629412952604,-9.669254554894218,0],[-77.4161465440118,-9.669225724856396,0],[-77.41599827869803,-9.669327455914482,0],[-77.41587341194636,-9.669437307608417,0],[-77.41574369282894,-9.66948479603234,0],[-77.41557162695342,-9.66941021447483,0],[-77.41547635801649,-9.669273765454609,0],[-77.41541911581912,-9.669108431359279,0],[-77.4153498283964,-9.66902902807703,0],[-77.41523156345598,-9.66903013183782,0],[-77.41509687340326,-9.66907613498586,0],[-77.41495350090239,-9.66915851349621,0],[-77.41485038435346,-9.669237373991992,0],[-77.41474783433478,-9.66924269154599,0],[-77.41458191130681,-9.669119930456809,0],[-77.41447713498492,-9.669000514096684,0],[-77.41445466313064,-9.668883664855734,0],[-77.41438457293282,-9.668755952023634,0],[-77.41425344512017,-9.668692643076914,0],[-77.41405430718805,-9.668663199680081,0],[-77.41389796900746,-9.668663945201928,0],[-77.41370063703312,-9.668621526010837,0],[-77.41347944436957,-9.6685184938113,0],[-77.41321012347923,-9.668472611020933,0],[-77.41311115887785,-9.668517084093766,0],[-77.41291047362992,-9.668444289955303,0],[-77.4127838918499,-9.66838335733304,0],[-77.41266853455025,-9.668297962933682,0],[-77.41258427735478,-9.66807636049214,0],[-77.41234737272116,-9.667881852051455,0],[-77.4121756827538,-9.66784272583475,0],[-77.41184615692652,-9.667854539129992,0],[-77.41168961276989,-9.667881303253308,0],[-77.41143003548086,-9.667742166790783,0],[-77.41118754299308,-9.667606668183003,0],[-77.4110176536369,-9.667584381027218,0],[-77.41091943552546,-9.667484565614664,0],[-77.41068709661283,-9.667376477402236,0],[-77.41046476983992,-9.667468196949743,0],[-77.41032457803749,-9.667538299322668,0],[-77.41019410509689,-9.667570735789676,0],[-77.4100183180568,-9.667504466148815,0],[-77.4098068545551,-9.667305985450596,0],[-77.40959831014175,-9.667219377917695,0],[-77.40942073793636,-9.6671828975146,0],[-77.40929746672137,-9.667146379153406,0],[-77.4092217488447,-9.666987496105177,0],[-77.40908970798073,-9.666950994406045,0],[-77.4089368780973,-9.6669758024467,0],[-77.40875380326935,-9.667086982028206,0],[-77.40857961214343,-9.66706407270739,0],[-77.40845679300733,-9.667003336371538,0],[-77.40836723790142,-9.666640612415668,0],[-77.40832612873103,-9.66650504209043,0],[-77.4081554842444,-9.666414541728019,0],[-77.40797665548703,-9.666368530483622,0],[-77.40773761537038,-9.666391903251903,0],[-77.40758374401175,-9.66640407458449,0],[-77.40740796557478,-9.666364602615088,0],[-77.40725147602477,-9.666250503756142,0],[-77.40714391565758,-9.666144417230498,0],[-77.4070272844845,-9.665948340094483,0],[-77.40679787719438,-9.665870502312837,0],[-77.4066057778704,-9.665770046556867,0],[-77.40642870913527,-9.665683823416792,0],[-77.40639162136816,-9.665558518079015,0],[-77.40639217619389,-9.66542132831959,0],[-77.4062918761309,-9.665298336389046,0],[-77.40606788972948,-9.665201103814654,0],[-77.40594302965953,-9.665065706130362,0],[-77.40579177638801,-9.66492700733383,0],[-77.40567188876496,-9.664861683784869,0],[-77.40547301728712,-9.664887204683959,0],[-77.40535231493153,-9.664838274219415,0],[-77.405226439775,-9.664678469244258,0],[-77.40491821616615,-9.664623273724468,0],[-77.40466647382382,-9.664598065458364,0],[-77.40435412895654,-9.66456163722404,0],[-77.40428420133183,-9.664521765246606,0],[-77.40424668615167,-9.664402139962423,0],[-77.40423830245244,-9.664241518165714,0],[-77.40426008860312,-9.664083878930803,0],[-77.40419491782077,-9.663904886267296,0],[-77.40408781829503,-9.663759504015886,0],[-77.4040647321632,-9.663566877976386,0],[-77.40398431993714,-9.663483976470696,0]]},"properties":{"Length":6.85341700044,"Nombre_ES":"Río Negro","Nombre_EN":"Negro river"}},
{"type":"Feature","geometry":{"type":"LineString","coordinates":[[-77.40398431993715,-9.663483976470713,0],[-77.40380576084848,-9.663415845021726,0],[-77.40371445376925,-9.663464889520425,0],[-77.40359104307068,-9.66352295284924,0],[-77.40351848724951,-9.663558377891471,0],[-77.40340763394609,-9.66345869364675,0],[-77.40325104900211,-9.663439114351968,0],[-77.40315392811668,-9.663405662315935,0],[-77.40308872559892,-9.663309754698128,0],[-77.40304067050054,-9.663239597388825,0],[-77.40291317671652,-9.66317075784548,0],[-77.40290440146562,-9.663170938964248,0],[-77.40284727565164,-9.66307586041667,0],[-77.40278144873133,-9.66297258772969,0],[-77.40253042419785,-9.662893851487851,0],[-77.40236826720958,-9.662830596875438,0],[-77.40228229317314,-9.662780425712976,0],[-77.40219200864317,-9.662625998219337,0],[-77.40205005167043,-9.662559618359346,0],[-77.40191324439483,-9.662510910139021,0],[-77.40174310506676,-9.66250584127489,0],[-77.40166573161635,-9.662336725353676,0],[-77.40151740585716,-9.662322204508687,0],[-77.40138759605955,-9.662307907982765,0],[-77.40128214787869,-9.662149668502071,0],[-77.40121371309226,-9.6618621166186,0],[-77.4010919820774,-9.661800460551879,0],[-77.40098616238771,-9.661756002934059,0],[-77.40086892615787,-9.661744681004768,0],[-77.40080773576243,-9.66175182615813,0],[-77.40075698773757,-9.66174038197152,0],[-77.40070300622828,-9.661676314637303,0],[-77.40064550727638,-9.66157741279516,0],[-77.40061716895694,-9.661495647913457,0],[-77.40051418178217,-9.661451456759757,0],[-77.40036821141548,-9.661408263308985,0],[-77.40022018282305,-9.661315922529736,0],[-77.40012705228446,-9.661295869309358,0],[-77.40002475726385,-9.661376977129166,0],[-77.39996180228586,-9.661398266335622,0],[-77.399861876522,-9.661315836826676,0],[-77.39973014134439,-9.661253081612788,0],[-77.39956923266094,-9.661269291708745,0],[-77.39946856705723,-9.66127746422258,0],[-77.39931905248473,-9.661235922725382,0],[-77.39919134260747,-9.661215465728024,0],[-77.3990269690423,-9.661252725216634,0],[-77.39891176477954,-9.661294203077896,0],[-77.39878093482926,-9.66133515438,0],[-77.39865188256051,-9.661297218552171,0],[-77.3985538536045,-9.661213515356655,0],[-77.39840881646572,-9.661096319369733,0],[-77.39828777421307,-9.661056419960572,0],[-77.39815856808728,-9.661052926996488,0],[-77.39804216315926,-9.661020524613066,0],[-77.39794790460121,-9.660890675393007,0],[-77.39789420462904,-9.660810669461815,0],[-77.39778289001282,-9.660799543835612,0],[-77.39757390922662,-9.660783171852572,0],[-77.39740770110512,-9.660684833076136,0],[-77.39725649128806,-9.660561747486037,0],[-77.39707943974066,-9.66049413069197,0],[-77.39694929086365,-9.660352298876635,0],[-77.39689519770738,-9.660211700898618,0],[-77.3967975905575,-9.660158031318119,0],[-77.39661656436414,-9.660113153111373,0],[-77.39649437721683,-9.66008281585788,0],[-77.39642609455417,-9.660044355615224,0],[-77.3963835498235,-9.65988289188994,0],[-77.3962821376969,-9.659782790160737,0],[-77.3960795113166,-9.659744627166107,0],[-77.39585648629333,-9.659748209242562,0],[-77.3957448179644,-9.659757567182279,0],[-77.39567174236777,-9.659833667245927,0],[-77.39560825212698,-9.659911600510334,0],[-77.39555043189706,-9.659928699332553,0],[-77.39549185642326,-9.659882850568641,0],[-77.39532717394448,-9.659865732256671,0],[-77.39515798766978,-9.659978751757471,0],[-77.39511774624752,-9.659996108988835,0],[-77.3950061113603,-9.659976051773308,0],[-77.3948542035503,-9.659963325807658,0],[-77.39474366157991,-9.659982805090834,0],[-77.3946107962148,-9.659989865333968,0],[-77.39452502422272,-9.659979947644185,0],[-77.39439480089985,-9.659952970915324,0],[-77.39427742732177,-9.660056363396953,0],[-77.39417686569695,-9.660071229378884,0],[-77.39406918456079,-9.66004942150941,0],[-77.39398369182847,-9.66002256346381,0],[-77.39390793919914,-9.659953502781292,0],[-77.39383586924623,-9.65987383600441,0],[-77.39374742335184,-9.65986638028337,0],[-77.39367545833368,-9.659906488694803,0],[-77.39360785293178,-9.659925231450021,0],[-77.39348688134675,-9.65986460933346,0],[-77.39341813952198,-9.659809947863822,0],[-77.39326889825493,-9.659834102087883,0],[-77.39317752000404,-9.65984289191126,0],[-77.39305454687306,-9.659836330247478,0],[-77.39295760669377,-9.659812138858468,0],[-77.39289391099312,-9.659785634472533,0],[-77.39285437077379,-9.659750135765709,0],[-77.39279687821625,-9.659679475451602,0],[-77.39278391098502,-9.659620607043546,0],[-77.39276562425498,-9.659536460274387,0],[-77.39267981406533,-9.659506139214551,0],[-77.39261865766304,-9.659516589250195,0],[-77.39251659491069,-9.659542222024628,0],[-77.3924775392417,-9.659589683911435,0],[-77.39245056689069,-9.659655003141202,0],[-77.39240845385677,-9.659705723101586,0],[-77.39235701965845,-9.659725698118402,0],[-77.39228262537858,-9.659712581187152,0],[-77.39224814637684,-9.659695026918728,0],[-77.3921805101801,-9.659633750762305,0],[-77.39207958823565,-9.659597551081943,0],[-77.39202575153156,-9.659532657860831,0],[-77.39198751900699,-9.65947011577634,0],[-77.3919851628692,-9.65939499856814,0],[-77.39198542049725,-9.659324049069482,0],[-77.39193676531187,-9.65927435131298,0],[-77.39184367251555,-9.659269632723325,0],[-77.39173182215758,-9.659312690412882,0],[-77.3916508740321,-9.6593562117557,0],[-77.39157062999509,-9.659339460520359,0],[-77.39148780606543,-9.659331503120638,0],[-77.39145516679035,-9.659287469054194,0],[-77.39143027007074,-9.65920922840959,0],[-77.39146444471473,-9.659150915943341,0],[-77.39152896337178,-9.659096271672889,0],[-77.39151673660139,-9.659050066596356,0],[-77.39149520318148,-9.659020822987287,0],[-77.3914319137572,-9.659022591529176,0],[-77.39131440970499,-9.659029162812805,0],[-77.39124551907612,-9.659003522551634,0],[-77.39118663926001,-9.658976201207178,0],[-77.39110728511368,-9.658955463177794,0],[-77.39105014185901,-9.65894262255212,0],[-77.3909679794989,-9.658942872405005,0],[-77.39088379354183,-9.658960284719189,0],[-77.39080961666056,-9.658960675733036,0],[-77.39070005991896,-9.658971004573699,0],[-77.39064566621865,-9.658954265844423,0],[-77.39058900075145,-9.658896755214569,0],[-77.39055231562531,-9.658825185852043,0],[-77.39052075268039,-9.658761297601883,0],[-77.39044044232463,-9.658721343734143,0],[-77.39035255558315,-9.658730905398068,0],[-77.39025892396278,-9.658799694805246,0],[-77.39017569169754,-9.658840657175434,0],[-77.39009110168229,-9.658829337331037,0],[-77.39005699340728,-9.65882698341222,0],[-77.39003784771337,-9.65879596236643,0],[-77.39002605850936,-9.658762590107397,0],[-77.39003872252596,-9.658719712726048,0],[-77.39009734499464,-9.658695836754898,0],[-77.39015087270948,-9.65869577333289,0],[-77.39019223621911,-9.658695714845008,0],[-77.39022160867206,-9.658674278516957,0],[-77.3902146731677,-9.65862918169581,0],[-77.3901808757709,-9.658603160028798,0],[-77.3901445804594,-9.658589010121709,0],[-77.39011302331316,-9.658589064006705,0],[-77.39007413497075,-9.658569897395102,0],[-77.39005245144088,-9.65853417998761,0],[-77.39004813989699,-9.65848216870798,0],[-77.38999197932655,-9.658460245092892,0],[-77.3899423658551,-9.658495080258295,0],[-77.38991256778984,-9.658576075999388,0],[-77.38988827211367,-9.658624117364635,0],[-77.38986397949786,-9.658672152030011,0],[-77.38981783261065,-9.658672220861172,0],[-77.38977898129177,-9.658657883654215,0],[-77.38972793311996,-9.65862433337113,0],[-77.38968656284028,-9.658554760975198,0],[-77.38962815797501,-9.658521174059448,0],[-77.38955290257228,-9.658506899933025,0],[-77.38948809183559,-9.65848826875472,0],[-77.38942130849216,-9.658452149118654,0],[-77.3893747535627,-9.658410603165002,0],[-77.3893415339247,-9.658353658434969,0],[-77.38926409468264,-9.658273937506728,0],[-77.38919634668338,-9.658318004268656,0],[-77.38917893081211,-9.658386545076118,0],[-77.38920329267393,-9.658465201931616,0],[-77.38921873191163,-9.658517448903778,0],[-77.38919195657772,-9.658547562812485,0],[-77.3891010668325,-9.658534070268407,0],[-77.38902583825788,-9.658509831024931,0],[-77.38897058350408,-9.658485706556887,0],[-77.38892409288134,-9.658448690626656,0],[-77.38887758153427,-9.65841165806865,0],[-77.38883540171985,-9.65837028687099,0],[-77.38880358840899,-9.65831526852963,0],[-77.38881297624319,-9.658226076982205,0],[-77.3888387687484,-9.658159691020638,0],[-77.38885484219996,-9.658071538503735,0],[-77.38882714955155,-9.658013975806316,0],[-77.3887572209028,-9.657999457577894,0],[-77.38866543327073,-9.658040388983496,0],[-77.38859388662571,-9.658088091380273,0],[-77.38851420158691,-9.65814909343378,0],[-77.38844098266016,-9.658166211546908,0],[-77.38835920757926,-9.658183307246373,0],[-77.388275256836,-9.658157885387674,0],[-77.38813984158053,-9.658143192138843,0],[-77.38801800121458,-9.658115885763978,0],[-77.38796083872649,-9.658097146093546,0],[-77.3878411663209,-9.658127652089371,0],[-77.38771918420949,-9.658150698304574,0],[-77.38763916371468,-9.658156027668829,0],[-77.38753421538222,-9.658135982096084,0],[-77.38746753857941,-9.65813223436207,0],[-77.3873818435236,-9.658169432305305,0],[-77.3873009457162,-9.658227201204518,0],[-77.38726812011058,-9.658298689761677,0],[-77.38723787534302,-9.658361190509662,0],[-77.3872082531833,-9.658400651432933,0],[-77.38718109620989,-9.658405927469442,0],[-77.38712042372941,-9.658347863053322,0],[-77.38706435647305,-9.65827176498973,0],[-77.38702506489611,-9.658196367243244,0],[-77.38698557117567,-9.658140296718964,0],[-77.38693987504855,-9.6581190301882,0],[-77.38687119883339,-9.65813769344121,0],[-77.38674165301418,-9.658193983763788,0],[-77.3866478289278,-9.658237070871252,0],[-77.38653420168943,-9.65825352321642,0],[-77.38634059575786,-9.65825082666411,0],[-77.38624497326414,-9.658229333112692,0],[-77.3862299718903,-9.658162045449437,0],[-77.386341247775,-9.65808154755412,0],[-77.38635364190739,-9.658025413295627,0],[-77.38637221876056,-9.657942882400377,0],[-77.38634945722663,-9.657836569858393,0],[-77.38634680059029,-9.657831253550398,0],[-77.38628192639418,-9.657743317379815,0],[-77.38622467573946,-9.657679172886375,0],[-77.38615535788423,-9.657628929652214,0],[-77.38612489187328,-9.657559152733041,0],[-77.38615252092684,-9.657471069797056,0],[-77.3861299685297,-9.657393514760193,0],[-77.38607501686127,-9.657379357173348,0],[-77.38597288166773,-9.657389080891077,0],[-77.38586668817571,-9.657385235448219,0],[-77.38576197249002,-9.657364500092953,0],[-77.38571229851728,-9.657315333508981,0],[-77.38561505477618,-9.657228805928096,0],[-77.38554312608335,-9.657112688146828,0],[-77.38548530228219,-9.657029624850045,0],[-77.38543093831909,-9.656947594868011,0],[-77.38538578121849,-9.656900354123653,0],[-77.38532499470553,-9.65687960846937,0],[-77.38525051185516,-9.656909320440622,0],[-77.3851321067766,-9.656973317930747,0],[-77.3850208525921,-9.656988204059715,0],[-77.38492594242797,-9.656971129026507,0],[-77.384828179891,-9.656954721083451,0],[-77.38479920395675,-9.656873932809367,0],[-77.38478366791341,-9.656762810653627,0],[-77.38476926691844,-9.656658418342426,0],[-77.38473446459241,-9.656602214580145,0],[-77.38465921030689,-9.656487970372332,0],[-77.38456257200657,-9.656385909447236,0],[-77.38448693982134,-9.656351971157791,0],[-77.38425031542826,-9.656335784626611,0],[-77.38405197601183,-9.656325740640616,0],[-77.38396230031918,-9.656341080914354,0],[-77.38390119560668,-9.656384045762318,0],[-77.38384385250963,-9.656440700977189,0],[-77.3837938212619,-9.65645880432784,0],[-77.38367167233241,-9.656428747737529,0],[-77.38356063599856,-9.656379956181715,0],[-77.38351982727193,-9.656244551936604,0],[-77.38363966962596,-9.656169954993565,0],[-77.38370632909289,-9.656056258195557,0],[-77.38367450557155,-9.655991230974058,0],[-77.38356196065564,-9.6558944384332,0],[-77.38351299791722,-9.655840626700474,0],[-77.38340612394293,-9.6557834818129,0],[-77.38335139340703,-9.655738118548827,0],[-77.3832938235354,-9.655689955092644,0],[-77.38318306971004,-9.655714305630559,0],[-77.38310049130384,-9.65575854956649,0],[-77.38301814436343,-9.655769155102902,0],[-77.3828749331894,-9.655734238011837,0],[-77.38276786870954,-9.655725929876173,0],[-77.38271541025559,-9.655768830900904,0],[-77.38271528328175,-9.655783098181297,0],[-77.38266470544752,-9.655931771910744,0],[-77.38260037017588,-9.65599482267851,0],[-77.38253044729282,-9.656034991201977,0],[-77.38245518097214,-9.656035059048303,0],[-77.38242727371673,-9.655946391841058,0],[-77.38240828402414,-9.655840760572476,0],[-77.38238061544925,-9.655741071171153,0],[-77.38236150830586,-9.65565293778821,0],[-77.38227961803801,-9.655576803738354,0],[-77.38224310979426,-9.655510917596505,0],[-77.38212980349063,-9.655473663487372,0],[-77.38201655583,-9.65539223567167,0],[-77.38192234739434,-9.65530861908306,0],[-77.38186124318403,-9.655241389687879,0],[-77.38174087746906,-9.655187808057711,0],[-77.3816677029946,-9.655129649139276,0],[-77.38159197527358,-9.655096929307327,0],[-77.38152078747973,-9.655082738242779,0],[-77.38142120366484,-9.655091853779439,0],[-77.38131695998905,-9.655084751407031,0],[-77.38119674681201,-9.655014987565139,0],[-77.38110215621069,-9.654961379332345,0],[-77.38099613037753,-9.65491259486555,0],[-77.3809010203809,-9.654851593076794,0],[-77.38074886174171,-9.654823097626497,0],[-77.38063573450744,-9.654822658404429,0],[-77.38055916532215,-9.654814547999655,0],[-77.38048798330487,-9.654784843281359,0],[-77.38038708722154,-9.654728380377865,0],[-77.38030783127722,-9.654669094498805,0],[-77.380217449122,-9.654628559838635,0],[-77.38012691790338,-9.654560952302786,0],[-77.38005284587433,-9.65450415928533,0],[-77.37998975506403,-9.654468999581665,0],[-77.37988004949686,-9.65442302858908,0],[-77.37976488955772,-9.654420328666983,0],[-77.37960508506076,-9.654382145985046,0],[-77.37947824499226,-9.654316941254287,0],[-77.37939591601686,-9.654279064360123,0],[-77.37931105072569,-9.65424128243425,0],[-77.3792081852172,-9.654178285621958,0],[-77.37913562544544,-9.654170771724596,0],[-77.37904455034555,-9.654189267026037,0],[-77.37898174029078,-9.654205470378974,0],[-77.37897545912871,-9.65426720719133,0],[-77.37895450242668,-9.654305233278514,0],[-77.37885947757887,-9.654343144481185,0],[-77.37874865462959,-9.654361029849778,0],[-77.37862695031534,-9.654353593423439,0],[-77.37852007656198,-9.654349821670017,0],[-77.37839850796284,-9.654327965689587,0],[-77.37829543042504,-9.654309700244168,0],[-77.37825505494376,-9.654360349758898,0],[-77.37819634836706,-9.654447188192432,0],[-77.37815239826264,-9.654555712597578,0],[-77.37817829916993,-9.65464245369333,0],[-77.37818581205464,-9.654736358271169,0],[-77.3781197922587,-9.654812191086435,0],[-77.37803540176174,-9.654866331377868,0],[-77.37792496207358,-9.654899284517848,0],[-77.37777043900054,-9.654928501949687,0],[-77.37747943065546,-9.65493634280106,0],[-77.37729421794836,-9.654996612904647,0],[-77.37710792690707,-9.655021106350748,0],[-77.37700724244938,-9.654997461690291,0],[-77.37689444032642,-9.655020091135023,0],[-77.37679424824873,-9.655057967094596,0],[-77.37669456366413,-9.655095839941085,0],[-77.37650627983064,-9.65506870636185,0],[-77.37638779747351,-9.655125844599093,0],[-77.37631436247027,-9.655201533201378,0],[-77.37619554219413,-9.65520892853931,0],[-77.37604484028462,-9.655113875504552,0],[-77.37587504937594,-9.655068009497448,0],[-77.37572251739644,-9.655064380403148,0],[-77.37559877186368,-9.65507214543837,0],[-77.3755171225115,-9.655045255072968,0],[-77.37533726381345,-9.655122356952328,0],[-77.37519205589334,-9.655152814056086,0],[-77.37501803812442,-9.655203349033718,0],[-77.37488087991659,-9.655257428525589,0],[-77.37466638176085,-9.655301641426803,0],[-77.37447655279303,-9.6553634823506,0],[-77.3743530933006,-9.655409635668654,0],[-77.37421247925329,-9.655542628853063,0],[-77.37404719808568,-9.655670975420707,0],[-77.37398827867686,-9.65576138371693,0],[-77.37388418799905,-9.65589431915057,0],[-77.37380587022695,-9.656026986790522,0],[-77.37371936465702,-9.656085759704046,0],[-77.37356632839744,-9.65605071217397,0],[-77.37337417207758,-9.656021931923869,0],[-77.37323407993918,-9.656000697446757,0],[-77.37311589978276,-9.656002670280671,0],[-77.37300560330233,-9.656078379174255,0],[-77.37287352102955,-9.65605618727793,0],[-77.37278378913538,-9.656041277495932,0],[-77.37269774432893,-9.656108916403491,0],[-77.37259702286835,-9.65616712660123,0],[-77.3725541049181,-9.656175698707512,0],[-77.37250275129998,-9.65613901439739,0],[-77.37245711025272,-9.656110804437404,0],[-77.3724258984717,-9.656014947355304,0],[-77.37246026346016,-9.655955785461439,0],[-77.37262033737403,-9.655885249130492,0],[-77.37267769033663,-9.655803575785269,0],[-77.37264343872762,-9.655725062642968,0],[-77.3726004639315,-9.655713849577566,0],[-77.37254921069156,-9.655708231221832,0],[-77.37247539944086,-9.655713841705321,0],[-77.37241581784855,-9.655736280455322,0],[-77.37237036905195,-9.655753104571826,0],[-77.3723248231708,-9.65575591159648,0],[-77.37229375339786,-9.65572785127626,0],[-77.37226295030608,-9.655671798638421,0],[-77.37230904916157,-9.655538359837257,0],[-77.37233577912556,-9.655442969141381,0],[-77.37230488188482,-9.655389264164365,0],[-77.37224903869559,-9.655344127728192,0],[-77.37218263359969,-9.655349717097609,0],[-77.37211644640797,-9.655352650245845,0],[-77.37205032440804,-9.655395514502274,0],[-77.37199645206587,-9.655451993354548,0],[-77.37192470910394,-9.655517162288888,0],[-77.3718683405126,-9.655558242620012,0],[-77.3717510506528,-9.65558303474957,0],[-77.37166379167031,-9.65558583510618,0],[-77.37155285149157,-9.655553009512216,0],[-77.3714393161931,-9.655528628161473,0],[-77.37134011438602,-9.655535715713414,0],[-77.37125655557493,-9.655555233895585,0],[-77.37119480805268,-9.655626534239378,0],[-77.37113515185094,-9.655710060103953,0],[-77.3710433871731,-9.655702559241488,0],[-77.37087036751622,-9.655670378007123,0],[-77.37070170354232,-9.655726650245242,0],[-77.37058804780806,-9.655738731253122,0],[-77.37047296408139,-9.655709034536041,0],[-77.37038305167378,-9.655669690830472,0],[-77.37028302042127,-9.655664604293396,0],[-77.37017566666822,-9.655687348678851,0],[-77.37018648257424,-9.655767114528103,0],[-77.37016182057259,-9.655838645364524,0],[-77.37008662184553,-9.655825703167663,0],[-77.36992976197111,-9.65578327727177,0],[-77.36970365685211,-9.655639093141943,0],[-77.36955850790929,-9.65555255598467,0],[-77.3694502883622,-9.65549957362775,0],[-77.36936515431131,-9.655456895992126,0],[-77.3692562913186,-9.655447182805112,0],[-77.36918282388768,-9.655467054634949,0],[-77.36914375890593,-9.655533442341635,0],[-77.36910053104745,-9.655610494926556,0],[-77.36902960230267,-9.65566358776638,0],[-77.36894858849963,-9.655700294409915,0],[-77.36893853558051,-9.655697023616447,0],[-77.36885471397841,-9.65569061601611,0],[-77.36876767507,-9.655647896400726,0],[-77.36868342583071,-9.655564764085854,0],[-77.36859013116675,-9.655464824123708,0],[-77.36854090026334,-9.655369179014118,0],[-77.36851933889932,-9.655324902330113,0],[-77.36847471398359,-9.655327355232926,0],[-77.36844711769737,-9.655359248235648,0],[-77.36840173067546,-9.655403715263517,0],[-77.36833470740109,-9.655518786822942,0],[-77.36827392483482,-9.655541406166579,0],[-77.36820851002723,-9.655541322512931,0],[-77.3681349345322,-9.65547842174292,0],[-77.36807137789098,-9.655423638299094,0],[-77.36800921648017,-9.655342141268127,0],[-77.36791307071466,-9.655254147709805,0],[-77.36782603658429,-9.655191044950573,0],[-77.36775771241805,-9.655149838479637,0],[-77.3676738374981,-9.655142076873682,0],[-77.36762059494815,-9.655144284179848,0],[-77.3675511537219,-9.655110089929318,0],[-77.36744259784345,-9.655041833141649,0],[-77.36737362835125,-9.65501935230523,0],[-77.36726763403631,-9.655052231796516,0],[-77.36708533813756,-9.655117527499831,0],[-77.3669400211083,-9.655178402554121,0],[-77.36687032249561,-9.655182234377875,0],[-77.36680649055282,-9.655155524750954,0],[-77.36674615328242,-9.65511835867475,0]]},"properties":{"Length":5.37993487899,"Nombre_ES":"Río Uquian","Nombre_EN":"Uquian river"}},
{"type":"Feature","geometry":{"type":"LineString","coordinates":[[-77.36674615328242,-9.65511835867475,0],[-77.36670060221267,-9.655060046196256,0],[-77.3666888222098,-9.654983694909637,0],[-77.366703936557,-9.654841690614045,0],[-77.36668029704916,-9.654736751908226,0],[-77.36665541391342,-9.654644580928323,0],[-77.36657104165847,-9.654545441120304,0],[-77.36650032131655,-9.654487169845726,0],[-77.36642042036965,-9.654415709380322,0],[-77.3663096170367,-9.654333053645393,0],[-77.36623924694857,-9.654270993735187,0],[-77.36619662909088,-9.654261952544875,0],[-77.36615171025504,-9.654255081745225,0],[-77.36611739424795,-9.654204615516058,0],[-77.36608370472247,-9.654200011661832,0],[-77.36602082721764,-9.654225572299424,0],[-77.36597777588611,-9.654256379485236,0],[-77.36591399891424,-9.654273877311985,0],[-77.36583842116194,-9.65428468317512,0],[-77.36573751023238,-9.65422354883827,0],[-77.36566250484567,-9.654165304122314,0],[-77.36557887208919,-9.654109692753801,0],[-77.36549802297273,-9.65406564143512,0],[-77.36541070757958,-9.654044126734359,0],[-77.36533789580982,-9.654052941437032,0],[-77.36527335641564,-9.654041214516042,0],[-77.36525979829511,-9.654005416333932,0],[-77.36525110821269,-9.653942960863802,0],[-77.36534546017535,-9.653834417265088,0],[-77.36535639538428,-9.653766625847853,0],[-77.36533543780996,-9.653665454327504,0],[-77.36526394826429,-9.653580726841206,0],[-77.36514404411554,-9.653517188865898,0],[-77.36508876918654,-9.653424629856316,0],[-77.36507906606872,-9.653317848294215,0],[-77.36501740953776,-9.65321527732412,0],[-77.36496942547986,-9.653198372021446,0],[-77.36490803298192,-9.653224980570098,0],[-77.36487131269833,-9.653285574694282,0],[-77.36487250060404,-9.653395916231009,0],[-77.36488181210161,-9.653464743083681,0],[-77.36479945609109,-9.653485150883863,0],[-77.3647139125449,-9.653492082352617,0],[-77.36467663028843,-9.653417850363077,0],[-77.36464707647065,-9.65333464831385,0],[-77.3646141660498,-9.653225624622234,0],[-77.36458459289354,-9.653122679845435,0],[-77.36453430277922,-9.653051943407377,0],[-77.36446654651037,-9.652905775496421,0],[-77.36440981451887,-9.652813994675832,0],[-77.36432698209025,-9.652713572853042,0],[-77.36429439114208,-9.652614645609383,0],[-77.3641968136954,-9.652584636653472,0],[-77.36412389072078,-9.652592782246671,0],[-77.36404346500039,-9.652590959088649,0],[-77.36400356836565,-9.652553151153723,0],[-77.36401158961273,-9.65248325578679,0],[-77.36398739396546,-9.65237752324934,0],[-77.36404772785798,-9.652305237676714,0],[-77.36405178786012,-9.65221532075184,0],[-77.36400959513135,-9.652163875176727,0],[-77.36397510347149,-9.652153806813446,0],[-77.36390044623452,-9.652158092446056,0],[-77.36383207004988,-9.652204355921686,0],[-77.36376761540764,-9.652252380420633,0],[-77.36372787273648,-9.6522806809153,0],[-77.3636740318207,-9.652257180725778,0],[-77.36362434494352,-9.652201947540602,0],[-77.36355835357976,-9.652093029028057,0],[-77.36349006429887,-9.652008987126955,0],[-77.36348386118628,-9.651947398680655,0],[-77.36351590058848,-9.651887777012101,0],[-77.36355419826478,-9.651837858053213,0],[-77.36360695430501,-9.651803728150085,0],[-77.36365184051002,-9.651787562464168,0],[-77.36367641255582,-9.65173709897742,0],[-77.36368871745087,-9.651702749321752,0],[-77.36368876707394,-9.65166023851985,0],[-77.36369497051207,-9.651611579216157,0],[-77.36367864221042,-9.651544456757076,0],[-77.36367251812018,-9.651477365419156,0],[-77.36366633809656,-9.651432966129896,0],[-77.36359861550571,-9.651395315274502,0],[-77.36354544530398,-9.65137581342842,0],[-77.36351894323899,-9.651348027909588,0],[-77.3634966021755,-9.651298235383623,0],[-77.36346012540626,-9.651234809423542,0],[-77.36341093255865,-9.651199286931629,0],[-77.3634013393271,-9.651159822186704,0],[-77.36342053387733,-9.651110928828839,0],[-77.3634702273013,-9.651077689452679,0],[-77.36349273615265,-9.651022277183593,0],[-77.36345259677567,-9.650962359275209,0],[-77.36340933139621,-9.650910476725082,0],[-77.36337894066668,-9.650872805272902,0],[-77.36336777365064,-9.650825711089961,0],[-77.36339173846659,-9.650752956302561,0],[-77.36340132077511,-9.650681383180125,0],[-77.36340038131081,-9.650586134689004,0],[-77.36341656982482,-9.65053533299603,0],[-77.36343685644276,-9.650475011806712,0],[-77.36348692344977,-9.650435891985204,0],[-77.36348301881706,-9.650388847912888,0],[-77.36345884885178,-9.650339483335737,0],[-77.36340712043733,-9.65030601107086,0],[-77.36333759747383,-9.650288485107962,0],[-77.36328748124225,-9.650258201684576,0],[-77.36326479587339,-9.650211921223821,0],[-77.36328571542056,-9.650128699785844,0],[-77.36332296129198,-9.650074266626609,0],[-77.36337970714717,-9.6499846174833,0],[-77.36339917540555,-9.64991100604298,0],[-77.36346898905964,-9.649862766544878,0],[-77.3635567785079,-9.649857626581893,0],[-77.36364381742392,-9.64983283112241,0],[-77.36363275690364,-9.649774786582936,0],[-77.36359405917149,-9.649747643628029,0],[-77.36354433739362,-9.649720538876512,0],[-77.36349465232587,-9.649711578735415,0],[-77.36343765159565,-9.649711699303849,0],[-77.36338437245843,-9.649713623543063,0],[-77.36332930017537,-9.649693827112408,0],[-77.36328160741486,-9.649637837513554,0],[-77.36326143979907,-9.649587230551965,0],[-77.36328894251056,-9.649489423689367,0],[-77.36331293533304,-9.649408340983667,0],[-77.3632887785365,-9.64938458212946,0],[-77.36326463253937,-9.649374190807947,0],[-77.36320581245658,-9.649372833505522,0],[-77.36316663375217,-9.649361030412342,0],[-77.36313802074254,-9.649320977557723,0],[-77.36308535135771,-9.649279534014646,0],[-77.36303874319138,-9.649244047377842,0],[-77.36299818104457,-9.649235280971032,0],[-77.3629473084781,-9.64922083216762,0],[-77.36289519357096,-9.649243604055732,0],[-77.36284470909119,-9.649272210867382,0],[-77.36279048947534,-9.649310003738808,0],[-77.36272657326703,-9.649343416611943,0],[-77.36267881620851,-9.64935727995113,0],[-77.3626559779661,-9.649385493896927,0],[-77.36260744485966,-9.649427036591026,0],[-77.36256110039312,-9.649408374285422,0],[-77.36253167206353,-9.649376364308647,0],[-77.36247468414096,-9.64932707379376,0],[-77.36241418257462,-9.649289222108303,0],[-77.36236989057856,-9.649288706739307,0],[-77.3623067011449,-9.649297129235803,0],[-77.3622376159525,-9.649308875336077,0],[-77.36215632409916,-9.649296295085964,0],[-77.36208446542001,-9.649289863335863,0],[-77.36203147198322,-9.649246956709842,0],[-77.3619941221222,-9.649155199088625,0],[-77.36201304736498,-9.649048013253731,0],[-77.36201618515224,-9.649044951007845,0],[-77.36205705831574,-9.648989713418521,0],[-77.36212014385654,-9.648906585242655,0],[-77.36209200566111,-9.648847826814237,0],[-77.36206377845136,-9.6488075666086,0],[-77.36201344603883,-9.648792057847565,0],[-77.36194110471834,-9.648829155182343,0],[-77.36184700366617,-9.648863050946076,0],[-77.36181241664038,-9.64879816848058,0],[-77.36179348139582,-9.648723889229034,0],[-77.36177152355856,-9.64864649475762,0],[-77.36174016961371,-9.648569144605057,0],[-77.36174016961303,-9.648562954289194,0],[-77.36169317076194,-9.648494965657378,0],[-77.36169003841619,-9.648485690840472,0],[-77.36165871682759,-9.648433168117256,0],[-77.36157410467828,-9.648433258448925,0],[-77.36151114694012,-9.648454741847445,0],[-77.36145757860645,-9.648457699382961,0],[-77.3614260445068,-9.648414272385928,0],[-77.36142604447177,-9.648404983744891,0],[-77.36142919870022,-9.648355455350037,0],[-77.3614638834406,-9.648265814214167,0],[-77.36149088982886,-9.648179084620464,0],[-77.36148876660535,-9.648062143669058,0],[-77.36147649659628,-9.647951690961373,0],[-77.36143886981543,-9.64784579003229,0],[-77.36142017433097,-9.647777466325035,0],[-77.36140372459354,-9.647694901215306,0],[-77.36138727631398,-9.647629084560803,0],[-77.3613394459705,-9.64754283621389,0],[-77.36128072556718,-9.647513920574504,0],[-77.36119856738877,-9.647517687087813,0],[-77.36112461319983,-9.64753380524403,0],[-77.36107834369952,-9.647523412343995,0],[-77.36104080623822,-9.647492591757782,0],[-77.36099528081513,-9.647435232561556,0],[-77.3608883880189,-9.647311044929635,0],[-77.36079823723837,-9.647203014774242,0],[-77.36076429566161,-9.64716408679236,0],[-77.36080979629666,-9.647041098256581,0],[-77.36087153899595,-9.646974362556966,0],[-77.3608511443317,-9.64692503121947,0],[-77.36075315377154,-9.646872738103667,0],[-77.3606276907099,-9.646900696631528,0],[-77.36055341936225,-9.646931597451733,0],[-77.3604961696581,-9.646937185371046,0],[-77.36042717220873,-9.646897608465855,0],[-77.36033207477143,-9.646866352384047,0],[-77.36024248987489,-9.646846342921599,0],[-77.3601338329938,-9.64684928268291,0],[-77.36007395071535,-9.646849364140307,0],[-77.36004825486053,-9.646843735333785,0],[-77.36001059128517,-9.646778613091588,0],[-77.35995605940363,-9.646739013326219,0],[-77.35989883353412,-9.64672209368023,0],[-77.35982486104807,-9.646725100521431,0],[-77.35972543104631,-9.646719693454473,0],[-77.35962903928247,-9.64671711633243,0],[-77.35954394284003,-9.64671165103819,0],[-77.35947413039013,-9.646647288118706,0],[-77.35939951873753,-9.646549608254384,0],[-77.35936762542234,-9.64641293981487,0],[-77.35930128517128,-9.646368924073402,0],[-77.35919123250919,-9.646357257890111,0],[-77.35911400797058,-9.646308961747438,0],[-77.35904552491968,-9.646283309565892,0],[-77.3589999443057,-9.64621854724857,0],[-77.35902556443234,-9.646126012684855,0],[-77.35907964640977,-9.646033432414313,0],[-77.35909673336104,-9.645977318309361,0],[-77.35902269115591,-9.6459576484608,0],[-77.35894874163701,-9.645957617586115,0],[-77.35886923249004,-9.64598277870644,0],[-77.35878990576234,-9.645993888761572,0],[-77.3586627581338,-9.645979792975966,0],[-77.3585781433792,-9.645946259298302,0],[-77.35852728631069,-9.645887683532996,0],[-77.35843990924367,-9.645857039005204,0],[-77.3583442921551,-9.645840375594394,0],[-77.35826020344624,-9.645820967609335,0],[-77.35815303778872,-9.645726383885107,0],[-77.35807125577715,-9.64567632016162,0],[-77.35794794008439,-9.645651500795804,0],[-77.35783241724918,-9.645579252108112,0],[-77.35773680512702,-9.645529298284272,0],[-77.35766197801226,-9.645493968276892,0],[-77.35757819852724,-9.645472491379598,0],[-77.35749190591004,-9.645435204238947,0],[-77.35741421705211,-9.64540376111591,0],[-77.3573553772548,-9.645340481311038,0],[-77.3573258856527,-9.64525550932307,0],[-77.35731510844657,-9.645210261676088,0],[-77.35722340787359,-9.645178439724647,0],[-77.35715316904111,-9.64518921232686,0],[-77.35708283065935,-9.645253386404256,0],[-77.35700154668636,-9.645274938819536,0],[-77.35697170924085,-9.645224237862497,0],[-77.35695271240883,-9.645133398991595,0],[-77.35692556152097,-9.645050546799895,0],[-77.35685761933557,-9.644959596230601,0],[-77.35678149952925,-9.644922088926148,0],[-77.35670846071272,-9.644895423866004,0],[-77.3565977548066,-9.64490359217283,0],[-77.35651421388499,-9.644909039894195,0],[-77.35641200053132,-9.64486116743433,0],[-77.3563314545107,-9.644839990914983,0],[-77.3562510393648,-9.644754952586501,0],[-77.35614669459017,-9.644691416707223,0],[-77.35603456907982,-9.644630704176084,0],[-77.35589088126908,-9.644588884916244,0],[-77.35583516246072,-9.644562657816477,0],[-77.35572358624378,-9.644571073324213,0],[-77.35559043904625,-9.644572066548939,0],[-77.35551125362989,-9.644519791957713,0],[-77.35545136001522,-9.644484179696866,0],[-77.35539634566328,-9.644472232758826,0],[-77.35536528013465,-9.644491006767863,0],[-77.3553461683602,-9.644535697251511,0],[-77.35531512084722,-9.644580346941881,0],[-77.35527931027656,-9.64459672674404,0],[-77.35523158577449,-9.644591892017193,0],[-77.355164815067,-9.644523510060997,0],[-77.35504808910872,-9.64446213577688,0],[-77.35494816247744,-9.644398521103497,0],[-77.35489824213508,-9.64434912939664,0],[-77.35486022677715,-9.64426691002876,0],[-77.35484122532587,-9.644217597704335,0],[-77.35476526080828,-9.644116659551106,0],[-77.35471299589794,-9.644039240969507,0],[-77.35463208685186,-9.64394539898942,0],[-77.35457187196921,-9.643848937425565,0],[-77.35454273893438,-9.643785284838675,0],[-77.35454648885263,-9.643693046350768,0],[-77.35454091084422,-9.643628980609586,0],[-77.3544753327531,-9.6435316276972,0],[-77.3544311448904,-9.643441107362042,0],[-77.35437221769286,-9.643291936697523,0],[-77.35431651109339,-9.643243908284715,0],[-77.35423310012938,-9.643232469682504,0],[-77.35414978799552,-9.643225616402928,0],[-77.35400872665996,-9.643218773385014,0],[-77.35392377604177,-9.643209677573706,0],[-77.35383679474457,-9.643173298352552,0],[-77.35378884099129,-9.64310740172808,0],[-77.3537500809787,-9.643027951045736,0],[-77.35368635716229,-9.642978245394493,0],[-77.35360237112695,-9.642965027268204,0],[-77.35350508057539,-9.642981330547434,0],[-77.35342163466937,-9.642959113285603,0],[-77.35333780495874,-9.642918729520371,0],[-77.35323174048663,-9.642914012509127,0],[-77.3531486393474,-9.642918372798484,0],[-77.35301321555033,-9.642945183812024,0],[-77.35295044902657,-9.642942484166944,0],[-77.35285644837946,-9.642925783933128,0],[-77.35274266977632,-9.642889464100604,0],[-77.35268013701479,-9.64286148829388,0],[-77.35261767049951,-9.642853216286266,0],[-77.35254978653788,-9.642906761848685,0],[-77.35247946560115,-9.643007728574903,0],[-77.35242013681962,-9.6430607866636,0],[-77.3523861135827,-9.643113795244227,0],[-77.35232654617482,-9.643097040923795,0],[-77.3522839771003,-9.643043986301834,0],[-77.35224139055784,-9.64295460715185,0],[-77.35222435109935,-9.642898737434782,0],[-77.35218458126359,-9.642893105580448,0],[-77.35209077768634,-9.642926530624036,0],[-77.35202250344437,-9.642976780339225,0],[-77.35196858377468,-9.643032683724405,0],[-77.35192621913971,-9.643060654870682,0],[-77.35184436304283,-9.643049507978985,0],[-77.3517682102916,-9.643013230961142,0],[-77.35170042331667,-9.642974160646993,0],[-77.35160426980056,-9.642912755816614,0],[-77.35155322259263,-9.64289319736289,0],[-77.35147342478587,-9.642893104254059,0],[-77.35136712788558,-9.64294877451074,0],[-77.35133486198227,-9.643010197908694,0],[-77.35129687077273,-9.643071713169022,0],[-77.3512088136732,-9.64307171290255,0],[-77.35114204463176,-9.643017212746313,0],[-77.3510971082419,-9.643009399965468,0],[-77.3510230852717,-9.64303544776901,0],[-77.35100189123509,-9.643084976955729,0],[-77.35100978865785,-9.643131946115735,0],[-77.35103093081341,-9.643181574185292,0],[-77.35099115452748,-9.643265225852586,0],[-77.35096470024291,-9.643327830064404,0],[-77.35088794601627,-9.64337996929926,0],[-77.3508165090108,-9.643419055410932,0],[-77.3507269080415,-9.643452552943204,0],[-77.35062708144046,-9.643478040916301,0],[-77.3505039261989,-9.643500769560982,0],[-77.35036776368781,-9.64349243167238,0],[-77.3503100531097,-9.643471556376056,0],[-77.35026072804803,-9.643491966502348,0],[-77.35017214913894,-9.64352266516067,0],[-77.35008677162351,-9.643603459503733,0],[-77.35005271244076,-9.643682934866476,0],[-77.3500093495941,-9.64377466865455,0],[-77.34995047324296,-9.643808337135994,0],[-77.3498448453735,-9.643786779104923,0],[-77.34972405716196,-9.643731695382357,0],[-77.34959756319358,-9.64365554656064,0],[-77.34950211971743,-9.643646451791904,0],[-77.34944371854942,-9.643637359517848,0],[-77.34940659220923,-9.64372547322022,0],[-77.34939720607275,-9.643780216492763,0],[-77.34933569457283,-9.64379537126633,0],[-77.34924668882233,-9.643795281186609,0],[-77.34906676872245,-9.643746817312046,0],[-77.34886839891568,-9.643710336951358,0],[-77.34875049792575,-9.643661599562506,0],[-77.34865733143586,-9.643560998724977,0],[-77.34859206905963,-9.643509128351727,0],[-77.34845691106598,-9.643405655966275,0],[-77.34835920455964,-9.643290209703357,0],[-77.34821106862249,-9.643163422196753,0],[-77.34808100064383,-9.64312777863295,0],[-77.34794826941963,-9.643078275330375,0],[-77.34768757477555,-9.64309628816657,0],[-77.34749353506392,-9.643128853806076,0],[-77.3473327415422,-9.643170114885576,0],[-77.34717231581511,-9.643211281522612,0],[-77.34704762791023,-9.643217158554416,0],[-77.34692933784295,-9.64317906301068,0],[-77.3468234320818,-9.643111799300671,0],[-77.34668760706681,-9.64310018691247,0],[-77.34653051565871,-9.643146996358059,0],[-77.34642914384959,-9.64316744371873,0],[-77.3463202910741,-9.64317321625117,0],[-77.34624093173366,-9.64309418417187,0],[-77.34612741233181,-9.6430413965487,0],[-77.34602491332181,-9.643026241389501,0],[-77.34591426751606,-9.643026548784261,0],[-77.3458164410443,-9.64305150897498,0],[-77.34573776591749,-9.643042103171677,0],[-77.34567454382717,-9.643021266646098,0],[-77.34561972898618,-9.642937984495079,0],[-77.34555717135687,-9.642883325355182,0],[-77.3454881773088,-9.642885201083528,0],[-77.3453944767502,-9.642924763507427,0],[-77.34531443638579,-9.64297936990942,0],[-77.3452593116283,-9.643005691896466,0],[-77.34518473385756,-9.643020429699169,0],[-77.34511406317897,-9.64303019596859,0]]},"properties":{"Length":3.75282307207,"Nombre_ES":"","Nombre_EN":""}},
{"type":"Feature","geometry":{"type":"LineString","coordinates":[[-77.36674615328242,-9.65511835867475,0],[-77.36672084600623,-9.655173705694938,0],[-77.36673989642783,-9.655217434421392,0],[-77.36672082248991,-9.65526566109182,0],[-77.36671709747374,-9.655341856494035,0],[-77.36670720333174,-9.655400781212762,0],[-77.36667974896787,-9.655438240387083,0],[-77.36665849272813,-9.655496305509002,0],[-77.36664672018289,-9.6555448631512,0],[-77.36660996586369,-9.655581768979776,0],[-77.3665653927995,-9.655643332930248,0],[-77.36652431349928,-9.65568024164111,0],[-77.36648671491444,-9.655731748217809,0],[-77.36648501531045,-9.655774890078364,0],[-77.36647770946298,-9.655801222717695,0],[-77.36644477428898,-9.655825875570756,0],[-77.3663935126595,-9.65583214885838,0],[-77.36637084627738,-9.65580411857331,0],[-77.3663482188372,-9.655773366829228,0],[-77.36630439965835,-9.655776822753083,0],[-77.36625526136605,-9.655807582087181,0],[-77.3662203914017,-9.655812425547989,0],[-77.36616629293468,-9.655803274625264,0],[-77.3661196263804,-9.655839057508741,0],[-77.36608955915422,-9.655846559422775,0],[-77.36604869083513,-9.655843019754844,0],[-77.36601325549269,-9.655814045467185,0],[-77.3659849305244,-9.655816207055356,0],[-77.36592484626921,-9.655843152673786,0],[-77.36589047526655,-9.655865077684435,0],[-77.36582725867817,-9.655921473035592,0],[-77.36576145539335,-9.655945628225306,0],[-77.36569616587036,-9.655976781121318,0],[-77.36563850385546,-9.656004397441697,0],[-77.36558646213737,-9.656007229642967,0],[-77.36555961885978,-9.656005102658353,0],[-77.36553723648781,-9.656027616822954,0],[-77.36551182380761,-9.656021717780831,0],[-77.36547125950642,-9.656065501628692,0],[-77.36544332942003,-9.656081689669472,0],[-77.36540158330656,-9.656100356961717,0],[-77.36537987058647,-9.656130559745169,0],[-77.36535210080282,-9.656154854327582,0],[-77.36532309778757,-9.656162838389681,0],[-77.36530379196293,-9.6561910616667,0],[-77.3652790830691,-9.656207055586448,0],[-77.36525035890682,-9.656205528032292,0],[-77.36522446102616,-9.656238883968017,0],[-77.36519321632494,-9.656254682215726,0],[-77.36518781585033,-9.656273339878929,0],[-77.36516618167968,-9.656290466781916,0],[-77.36512438846823,-9.656305994618974,0],[-77.36509216020401,-9.656316256429607,0],[-77.36507080079014,-9.656353171573148,0],[-77.36503876240495,-9.656379279370475,0],[-77.36499889644803,-9.656366666656602,0],[-77.3649657854165,-9.656343649687372,0],[-77.36492360464372,-9.65632321342676,0],[-77.36488694739947,-9.6563292368774,0],[-77.36487527222934,-9.656350064584611,0],[-77.36484666841412,-9.656362690719948,0],[-77.36482851442426,-9.65636891653319,0],[-77.36480147895176,-9.656403688984787,0],[-77.36481841844494,-9.656441942816727,0],[-77.36481090029888,-9.656471887531271,0],[-77.36477802615875,-9.65648723376251,0],[-77.36474526548513,-9.656485619814916,0],[-77.36471914515695,-9.65648537155605,0],[-77.36466973072575,-9.656462874489826,0],[-77.36463225468759,-9.656459953902331,0],[-77.36461427321075,-9.656490756663395,0],[-77.36458481002484,-9.656527769181777,0],[-77.36455919064144,-9.65656347847231,0],[-77.36456046999727,-9.656616245761494,0],[-77.36455664637008,-9.656647037426886,0],[-77.36455665788432,-9.6566534575392,0],[-77.36454786880256,-9.656693939959851,0],[-77.36452470763773,-9.656769114834862,0],[-77.36448614262636,-9.656820954050156,0],[-77.36443845918716,-9.656892441905045,0],[-77.3643833346328,-9.656951292433586,0],[-77.36430228282461,-9.656998710671825,0],[-77.36422813086185,-9.657010396683349,0],[-77.36413918106484,-9.657002151065239,0],[-77.3640523046287,-9.657043982115601,0],[-77.36399554711575,-9.657120341346285,0],[-77.36393068063359,-9.657193134481115,0],[-77.36389680666208,-9.657257244798137,0],[-77.36385195323362,-9.65732913955961,0],[-77.36381305250015,-9.657403276153287,0],[-77.36373848662375,-9.657476211069616,0],[-77.36370551590034,-9.657492000620634,0],[-77.36358529610989,-9.657484302151937,0],[-77.36351187891856,-9.657439688343066,0],[-77.36343154688787,-9.657446441998179,0],[-77.36337086333414,-9.657488360084134,0],[-77.36329927024777,-9.65746565514013,0],[-77.36322322145017,-9.657453630220346,0],[-77.3631405238523,-9.657468056794983,0],[-77.36305105866946,-9.657495420958357,0],[-77.3629777847505,-9.657525438750705,0],[-77.36292609867608,-9.657599988618992,0],[-77.36287320532368,-9.657659151371375,0],[-77.36278553675547,-9.657720403759955,0],[-77.36271878443277,-9.657731647040345,0],[-77.36267449789786,-9.657818522057449,0],[-77.36263896323243,-9.657888240432898,0],[-77.36257950201198,-9.657943736835115,0],[-77.36252604695835,-9.6580040241419,0],[-77.3624518032351,-9.658045127351517,0],[-77.36238641047946,-9.658093598390392,0],[-77.36232144429317,-9.65814184369361,0],[-77.36227017910683,-9.65818972484426,0],[-77.36219912247391,-9.658233879872695,0],[-77.36219320190571,-9.658306657546746,0],[-77.36215381804188,-9.658342678701473,0],[-77.36211517565708,-9.658390693886812,0],[-77.36200302368358,-9.658432616742054,0],[-77.361921816723,-9.658465242601858,0],[-77.36187078223972,-9.658505963011246,0],[-77.36179901176855,-9.65857687651274,0],[-77.36174661811249,-9.658619182984257,0],[-77.36167023166817,-9.658660378886616,0],[-77.36160032315587,-9.65869846158026,0],[-77.36152829891768,-9.658712127135065,0],[-77.3614176690421,-9.658812485710103,0],[-77.36130222743765,-9.658823084634404,0],[-77.36125141815336,-9.658878884091411,0],[-77.3611457013572,-9.658963246782294,0],[-77.3611028671162,-9.659023992976802,0],[-77.36103040589668,-9.659158555967494,0],[-77.3609655901726,-9.659180116000538,0],[-77.36085782537414,-9.659262505708979,0],[-77.36085238394693,-9.659270409593846,0],[-77.36080927782508,-9.659343510962792,0],[-77.36077495130631,-9.659423171256696,0],[-77.36067251252459,-9.659456964234513,0],[-77.36061111004484,-9.659511033783177,0],[-77.36054162037301,-9.659509432487921,0],[-77.36046234927777,-9.659649507383516,0],[-77.36041794634895,-9.659788224512695,0]]},"properties":{"Length":0.981476805162,"Nombre_ES":"","Nombre_EN":""}},
{"type":"Feature","geometry":{"type":"LineString","coordinates":[[-77.34511406317897,-9.64303019596859,0],[-77.3450392255151,-9.642955887483266,0],[-77.3449756217714,-9.642881040382974,0],[-77.34491522206272,-9.64285109438855,0],[-77.34475879712302,-9.642773539489456,0],[-77.3446419989194,-9.642737869766552,0],[-77.344528557257,-9.642699380645638,0],[-77.34439429962987,-9.642684621175352,0],[-77.3443046690436,-9.642690528820689,0],[-77.34417273449627,-9.642755472024756,0],[-77.34410302058902,-9.642853046071686,0],[-77.34400978204982,-9.642909264638307,0],[-77.34394060738376,-9.642947746114915,0],[-77.3438689328183,-9.642950631115136,0],[-77.34381853423646,-9.642929821973436,0],[-77.34376572510737,-9.642876472429183,0],[-77.34368362976387,-9.642802543272577,0],[-77.34358050223851,-9.642755322874873,0],[-77.34345105703008,-9.642702325872545,0],[-77.34329444979296,-9.642661026024376,0],[-77.34320381539568,-9.642624131709816,0],[-77.34309070124743,-9.642611749540045,0],[-77.34298785949342,-9.642605603621437,0],[-77.34279802920906,-9.642658572302668,0],[-77.34266645698146,-9.642695016434217,0],[-77.34257592607119,-9.642684838833695,0],[-77.3425082270892,-9.642654318384785,0],[-77.34246737305705,-9.642617718294023,0],[-77.34241199440018,-9.64261362323075,0],[-77.34233758689858,-9.6425201529589,0],[-77.34228448610355,-9.642443161614805,0],[-77.34218444628941,-9.642293701358076,0],[-77.34213913634085,-9.642213750368382,0],[-77.34207958436409,-9.642128910158247,0],[-77.34197582489213,-9.642047972204407,0],[-77.34183466486547,-9.642002442168609,0],[-77.34174169388767,-9.641979813216981,0],[-77.341668026049,-9.641936783312994,0],[-77.34161984882917,-9.641893425595171,0],[-77.34158496915681,-9.641839330782027,0],[-77.34145197805466,-9.641815569383786,0],[-77.34135821329333,-9.641845725548958,0],[-77.3412091432461,-9.641819860144404,0],[-77.34112097436521,-9.64179841370287,0],[-77.34101261835303,-9.641826275591566,0],[-77.34089177845148,-9.64183477491976,0],[-77.34074691958772,-9.641836808916173,0],[-77.34062897426149,-9.641821897586487,0],[-77.34051208586776,-9.641821584781287,0],[-77.34044294947076,-9.641846860041218,0],[-77.34039159824528,-9.64194044494878,0],[-77.34035506540697,-9.642049751713886,0],[-77.34035206920994,-9.642111068049887,0],[-77.34034638059798,-9.64218798149338,0],[-77.34030993771863,-9.642241845612666,0],[-77.34027372847818,-9.64226482411284,0],[-77.340227254783,-9.64228516422018,0],[-77.34015023784865,-9.642284677365925,0],[-77.34004810379868,-9.64226346019542,0],[-77.3399747874618,-9.642219419405825,0],[-77.33993409489588,-9.642216631004366,0],[-77.33987497516891,-9.642254089663005,0],[-77.33983698494933,-9.642269061836714,0],[-77.33977253182961,-9.642263945283293,0],[-77.33972962876257,-9.642273870878132,0],[-77.33966840909022,-9.6423553581745,0],[-77.33961949190558,-9.642431142697356,0],[-77.33954946460013,-9.642488895645979,0],[-77.33949420341898,-9.642518326319035,0],[-77.33940554154505,-9.642503868929465,0],[-77.33932633652142,-9.642465100053098,0],[-77.33927221291725,-9.642474844847145,0],[-77.33922650360854,-9.64251560528309,0],[-77.33920153072616,-9.6425548863913,0],[-77.33917073493748,-9.642586784561049,0],[-77.33912847696493,-9.64263033735238,0],[-77.33904135092335,-9.642670494347874,0],[-77.33898529472633,-9.642717299263321,0],[-77.33893074856334,-9.642755497639701,0],[-77.33888301072314,-9.642778019130521,0],[-77.33884636511722,-9.642872077467043,0],[-77.33881103419151,-9.642894583616673,0],[-77.33875987576,-9.642890652839395,0],[-77.33868284296743,-9.64288305433357,0],[-77.33859602152046,-9.642891022784642,0],[-77.3385647865869,-9.642909801446791,0],[-77.33852614688763,-9.642975380901738,0],[-77.33847727989789,-9.64302699821336,0],[-77.33841299127786,-9.643078338980658,0],[-77.33833962269233,-9.64315926729062,0],[-77.33825680443216,-9.64321000545195,0],[-77.33815097773136,-9.643280871633458,0],[-77.33805844926678,-9.643329824977915,0],[-77.33795068638541,-9.643349855215776,0],[-77.33789718343624,-9.643344772112911,0],[-77.33784215737013,-9.643320984909327,0],[-77.33778935512457,-9.643259555081375,0],[-77.33773097504742,-9.643193984865741,0],[-77.33766316858643,-9.643164308365893,0],[-77.33758785080316,-9.64318134141563,0],[-77.33751570302242,-9.643245075345577,0],[-77.33745593646269,-9.643267172219621,0]]},"properties":{"Length":1.01811620448,"Nombre_ES":"","Nombre_EN":""}},
{"type":"Feature","geometry":{"type":"LineString","coordinates":[[-77.33745593646272,-9.643267172219621,0],[-77.33739193779894,-9.643280416506245,0],[-77.3373367826224,-9.643265209799333,0],[-77.33728394626573,-9.643241310856995,0],[-77.33722227356775,-9.64321958202807,0],[-77.33716536845742,-9.643169475344342,0],[-77.3371526865975,-9.643114766074298,0],[-77.33716665862079,-9.643059837550283,0],[-77.33718277872728,-9.643015743845801,0],[-77.33721686039775,-9.6429671010942,0],[-77.33723526821011,-9.642929385306452,0],[-77.33717762637266,-9.642891456187819,0],[-77.33710848313201,-9.642864514247105,0],[-77.33705471816523,-9.642853219737558,0],[-77.33701454745467,-9.642814966283709,0],[-77.33698803985686,-9.642729096731426,0],[-77.33697481935636,-9.642665420986509,0],[-77.33695241393212,-9.64260145948696,0],[-77.33694807207742,-9.642541995921968,0],[-77.33696433827268,-9.642445876031767,0],[-77.33697664211964,-9.642378844247355,0],[-77.33694114150931,-9.642317331878937,0],[-77.3368575253314,-9.64232009058075,0],[-77.33680251230044,-9.642303681769533,0],[-77.33675821506215,-9.64230521398475,0],[-77.33673381440371,-9.642293214759588,0],[-77.33671858134119,-9.642275203189083,0],[-77.33671102661002,-9.642212083047273,0],[-77.33672486357165,-9.642154819534724,0],[-77.33670207135651,-9.642076437401629,0],[-77.3366823154192,-9.641972274521143,0],[-77.33664873448696,-9.641892271324137,0],[-77.33654124272084,-9.641781064860874,0],[-77.3364909376669,-9.64174924396756,0],[-77.33639219070058,-9.64172097049662,0],[-77.33630429848245,-9.641752944818824,0],[-77.33622368580428,-9.641728317503297,0],[-77.33614144121925,-9.641673751240264,0],[-77.33608254870899,-9.641659815488476,0],[-77.33602551642629,-9.64159297969296,0],[-77.3359507742712,-9.641570372820247,0],[-77.33587089211366,-9.641577798083944,0],[-77.33574510410286,-9.641571313674804,0],[-77.33564615086195,-9.641578773668039,0],[-77.3355336286306,-9.641614439226124,0],[-77.33546261496078,-9.641635562377449,0],[-77.33531799657423,-9.64166016682282,0],[-77.33525325134612,-9.641645447674653,0],[-77.33521839013056,-9.641596348347134,0],[-77.33515861709755,-9.641515319921284,0],[-77.33506902252641,-9.641473640063474,0],[-77.3349546599391,-9.641449215039806,0],[-77.33485525865295,-9.641407599757393,0],[-77.33472295272283,-9.641323908907582,0],[-77.33462782237204,-9.641272026603698,0],[-77.33451492657085,-9.64120029229992,0],[-77.33439993688073,-9.641153414196888,0],[-77.33428492071268,-9.641118834505603,0],[-77.33417241683934,-9.641079356138262,0],[-77.3340156855893,-9.641023781029514,0],[-77.33391950563154,-9.641005952071692,0],[-77.33380151892983,-9.640970627465158,0],[-77.33371516516397,-9.640872326943379,0],[-77.33367984198587,-9.640820053447069,0],[-77.33364896604219,-9.640750415756397,0],[-77.33363796120766,-9.640672097310807,0],[-77.33355215680515,-9.640613735066454,0],[-77.33343816892302,-9.640603455537192,0],[-77.3333812310747,-9.640614496274848,0],[-77.33327414335359,-9.640599710668429,0],[-77.33319564790344,-9.640565393450473,0],[-77.33316516359668,-9.640502826107445,0],[-77.3331632329475,-9.640436012065042,0],[-77.33316560594162,-9.64038214756211,0],[-77.33323769758516,-9.640304141237134,0],[-77.33324642611377,-9.640265194509446,0],[-77.33321095826147,-9.640212395800228,0],[-77.33315730539601,-9.640181261205695,0],[-77.33313331588533,-9.64014107306033,0],[-77.33310940022659,-9.640090005353652,0],[-77.33306353292107,-9.640033659338407,0],[-77.33298132950004,-9.639957752267826,0],[-77.33291226323415,-9.639905695099932,0],[-77.33280364106315,-9.639875808840367,0],[-77.33271618950833,-9.63988503229388,0],[-77.33267073204205,-9.639854503637633,0],[-77.33262173125597,-9.63981683021497,0],[-77.33254335191386,-9.639743069497435,0],[-77.33243406177644,-9.63963699372316,0],[-77.33237406340788,-9.639559920767178,0],[-77.33233509371502,-9.639481018791246,0],[-77.33226939994185,-9.639416284306899,0],[-77.33210091904023,-9.639389949911848,0],[-77.33199565050892,-9.63934124146344,0],[-77.33193560966942,-9.639290448858262,0],[-77.33190036875764,-9.63919906057358,0],[-77.33185102826604,-9.63907328542081,0],[-77.33184969195207,-9.638984549031353,0],[-77.33183774948624,-9.638926099510572,0],[-77.33174303719453,-9.638853012919718,0],[-77.33167129125597,-9.638826813890995,0],[-77.33157640844512,-9.638756426331328,0],[-77.33146361805247,-9.638673638585525,0],[-77.33141910417744,-9.638604623251608,0],[-77.33129756801337,-9.638554926443616,0],[-77.33120169011991,-9.638513092014032,0],[-77.33112737362356,-9.638467665202986,0],[-77.33106032418685,-9.638484756045633,0],[-77.33099406442015,-9.638441385387798,0],[-77.33092540407162,-9.638397997441938,0],[-77.3308378169195,-9.638345267087294,0],[-77.33075026433292,-9.638269952774975,0],[-77.33071581922934,-9.638200156496943,0],[-77.33068538642226,-9.638134226307303,0],[-77.3306271503093,-9.638080431366042,0],[-77.33060197876571,-9.638038559347217,0],[-77.33060027123975,-9.637961127420873,0],[-77.33059867868359,-9.637878363302223,0],[-77.33059437682952,-9.637774418236528,0],[-77.33061140688801,-9.637745190561827,0],[-77.33059165563883,-9.637669297025155,0],[-77.33057695338589,-9.637638701057048,0],[-77.33052483686356,-9.63759367522278,0],[-77.33048740711558,-9.637555112593745,0],[-77.33041449365439,-9.637536038549415,0],[-77.33032554982493,-9.637496182449993,0],[-77.33027055636941,-9.637456245238292,0],[-77.33018617360904,-9.637353777916386,0],[-77.33011661049468,-9.637296299896121,0],[-77.33007283688964,-9.637248316386376,0],[-77.33004182271459,-9.637189882990107,0]]},"properties":{"Length":1.22531299142,"Nombre_ES":"","Nombre_EN":""}},
{"type":"Feature","geometry":{"type":"LineString","coordinates":[[-77.3420795843641,-9.642128910158263,0],[-77.34208297385048,-9.641946238356214,0],[-77.34209853935013,-9.64182979820748,0],[-77.34211407861523,-9.641711856258977,0],[-77.34211396678847,-9.641630867245487,0],[-77.34211569344774,-9.641507925922506,0],[-77.34209379918451,-9.641438010471981,0],[-77.34208886984821,-9.641386944338196,0],[-77.34205984783424,-9.64133244574757,0],[-77.34205497346112,-9.641285164794951,0],[-77.34205253759114,-9.641259203417276,0],[-77.34203803578875,-9.641178015367698,0],[-77.34198453714704,-9.641107560803858,0],[-77.34196020317943,-9.641048125313317,0],[-77.34195408998642,-9.641006600661504,0],[-77.34198419681682,-9.640927730758952,0]]},"properties":{"Length":0.137643325523,"Nombre_ES":"","Nombre_EN":""}},
{"type":"Feature","geometry":{"type":"LineString","coordinates":[[-77.31883851128545,-9.624159145528806,0],[-77.31887959397214,-9.624102742706047,0],[-77.3189072553013,-9.624047953538902,0],[-77.31891479942182,-9.623991694260669,0],[-77.3189274041713,-9.62395013709273,0],[-77.31893056536444,-9.623879660941029,0],[-77.3189317595015,-9.623837759593725,0],[-77.31892334948856,-9.623788722420228,0],[-77.318899325754,-9.623741850544075,0],[-77.31886419984272,-9.623702134981247,0],[-77.3188399877974,-9.62365920994844,0],[-77.31879074579491,-9.623614799218945,0]]},"properties":{"Length":0.0679269716656,"Nombre_ES":"","Nombre_EN":""}},
{"type":"Feature","geometry":{"type":"LineString","coordinates":[[-77.31563905734264,-9.623885869582235,0],[-77.31556978030984,-9.623822027285215,0],[-77.31553794804373,-9.6237779385139,0],[-77.31551271199896,-9.623735572809792,0],[-77.31551271022602,-9.623734335600288,0],[-77.31551136867705,-9.623671505895558,0],[-77.31547906289862,-9.62363374406888,0],[-77.31547782618084,-9.623633748882234,0],[-77.31543615640594,-9.623584473348062,0],[-77.31541951419797,-9.623511936759689,0],[-77.31539547428495,-9.623493387554644,0],[-77.31536813584414,-9.623463329377278,0],[-77.31537121498793,-9.623419406291644,0],[-77.31539139162177,-9.623381931773011,0],[-77.31537697727563,-9.623338950491132,0],[-77.31532518404505,-9.623283805594502,0],[-77.31531603921584,-9.623249377220473,0],[-77.31531977110896,-9.62317818145331,0],[-77.31530531327336,-9.623125106420781,0],[-77.31529704250647,-9.623024144920649,0],[-77.31527815448175,-9.622978340104897,0],[-77.31526111348943,-9.622927533964871,0],[-77.3152343498437,-9.622888853541914,0],[-77.31519063007194,-9.622797424712992,0],[-77.31516767847009,-9.622726492547795,0],[-77.31516707128463,-9.622671020585926,0],[-77.31516178870514,-9.622607304647419,0],[-77.31515915431577,-9.622532326577526,0],[-77.31515549674471,-9.622476345632437,0],[-77.31510969357836,-9.622408125619081,0],[-77.31509930971575,-9.622374501498859,0],[-77.31509808813988,-9.622285352128623,0],[-77.31509797909146,-9.622281674052507,0],[-77.315111177157,-9.62220714747265,0],[-77.31511830767731,-9.622118178254103,0],[-77.31513401787187,-9.622057037023326,0],[-77.31517104617471,-9.621939821514761,0]]},"properties":{"Length":0.235566963991,"Nombre_ES":"","Nombre_EN":""}},
{"type":"Feature","geometry":{"type":"LineString","coordinates":[[-77.31642622946896,-9.623780357979843,0],[-77.31637224756935,-9.623722974703009,0],[-77.31633717043061,-9.62370464826935,0],[-77.31631970479151,-9.623670227825919,0],[-77.3162859397465,-9.623640024534703,0],[-77.31626354743024,-9.623607914835125,0],[-77.31626253178335,-9.623574706979952,0],[-77.31623619353103,-9.623555911629142,0],[-77.31620395493792,-9.62352628358991,0],[-77.31616592404878,-9.623471009646822,0],[-77.31615198117018,-9.623412525643545,0],[-77.31611952592564,-9.623339840954738,0],[-77.31610167664047,-9.623311994123922,0],[-77.31607271592088,-9.623264597319176,0],[-77.31604524483271,-9.62322876408643,0],[-77.31600422860228,-9.623192737713126,0],[-77.3159893700522,-9.623156262009683,0],[-77.31598526016155,-9.623112375790312,0],[-77.3159741331173,-9.623073403113768,0],[-77.31595646786218,-9.623049533203046,0]]},"properties":{"Length":0.0993022810591,"Nombre_ES":"","Nombre_EN":""}},
{"type":"Feature","geometry":{"type":"LineString","coordinates":[[-77.30504217657533,-9.621203337896727,0],[-77.30498579721888,-9.621273409054035,0],[-77.30489364885273,-9.621367648494964,0],[-77.30484589997674,-9.62140454115715,0],[-77.30476396002429,-9.621420523449325,0],[-77.30467302148148,-9.621460720264299,0],[-77.30459396663133,-9.621551834238131,0],[-77.30454908264996,-9.621635595410819,0],[-77.30450409648458,-9.621749592700864,0],[-77.30447621257676,-9.621833248434312,0],[-77.30446133997042,-9.621947579073659,0],[-77.30447210493313,-9.622035505925368,0],[-77.30443696276191,-9.622100673038297,0],[-77.30446249232689,-9.622136338193044,0],[-77.30443367619858,-9.622214681103518,0],[-77.30438117478937,-9.622237540740649,0],[-77.30425926365928,-9.622269770506577,0],[-77.30416302829147,-9.622347203949813,0],[-77.30414011528778,-9.622424293363787,0],[-77.30410011682746,-9.622512318571621,0],[-77.30408678025606,-9.622576234233383,0],[-77.3040528629341,-9.622885248447622,0],[-77.30402370585101,-9.622949365076295,0],[-77.30396088342695,-9.62299154445661,0],[-77.30394518442981,-9.623022472841976,0],[-77.30388008256095,-9.623082316309425,0],[-77.30383066474842,-9.623091272300645,0],[-77.30373399092237,-9.623100357935812,0],[-77.30358321002898,-9.62313611883614,0],[-77.30352241129236,-9.623158394164848,0]]},"properties":{"Length":0.308051380997,"Nombre_ES":"","Nombre_EN":""}},
{"type":"Feature","geometry":{"type":"LineString","coordinates":[[-77.40398431993715,-9.663483976470728,0],[-77.40402060888302,-9.663339184016966,0],[-77.40394823116041,-9.663253602074839,0],[-77.40385062210714,-9.663158275186262,0],[-77.4038137945228,-9.663053302391774,0],[-77.40378727820548,-9.662948786348261,0],[-77.40378544331463,-9.662810158708226,0],[-77.40379405878845,-9.662696881264381,0],[-77.40375182378658,-9.66249112331195,0],[-77.40369348016306,-9.66226448719965,0],[-77.40363118302781,-9.66205499663235,0],[-77.4035750566905,-9.661856254578987,0],[-77.40358736783568,-9.661612988327203,0],[-77.40356725276105,-9.661432696505296,0],[-77.40354960864714,-9.66107483327946,0],[-77.40355830379953,-9.660940239426399,0],[-77.40355318086885,-9.660736973638357,0],[-77.4035619559904,-9.660621860822353,0],[-77.40365838662096,-9.66049394935023,0],[-77.40383766075877,-9.660316645908907,0],[-77.40384224410862,-9.660312114110052,0],[-77.40388828921414,-9.660179805667992,0],[-77.40388004040443,-9.659991213664242,0],[-77.40388006725483,-9.659982026784803,0],[-77.40378831301427,-9.659714473073588,0],[-77.40377457885533,-9.659516760705033,0],[-77.40377935770346,-9.65936962814262,0],[-77.40369646801909,-9.659160393538738,0],[-77.40363779531278,-9.659074590748189,0],[-77.40359569096329,-9.65897257801045,0],[-77.40354239500023,-9.658865411258553,0],[-77.40348362271241,-9.658777677013896,0],[-77.40347801658646,-9.658682272531214,0],[-77.40352541176519,-9.658603201342737,0],[-77.40354484518977,-9.658529916231043,0],[-77.40351194189672,-9.65845426432747,0],[-77.40345071644633,-9.658383962726566,0],[-77.4034121643018,-9.658333059755206,0],[-77.40340581359337,-9.658263795422673,0],[-77.40335139662605,-9.658074423241494,0],[-77.40332896280933,-9.65797011666431,0],[-77.40334503701024,-9.657868720048848,0],[-77.40337080506525,-9.657820961504308,0],[-77.40345470105362,-9.657865086828169,0],[-77.40347410912523,-9.657874558935408,0],[-77.40348394899368,-9.657817146792476,0],[-77.40350990321072,-9.657775618960029,0],[-77.40358418319468,-9.657791550025038,0],[-77.40362603887704,-9.657833019969026,0],[-77.40369390850472,-9.657820253328575,0],[-77.40373276922413,-9.657794729226854,0],[-77.40374596161405,-9.657734054279775,0],[-77.40374302885614,-9.657663713772628,0],[-77.40375933056211,-9.65759344343913,0],[-77.4037788597664,-9.657532721979,0],[-77.40378864406559,-9.657494355509417,0],[-77.4038468759487,-9.657507145572206,0],[-77.4038275594519,-9.657459175351306,0],[-77.40379089964394,-9.657438314685445,0],[-77.40374751818784,-9.657427587930016,0],[-77.40372121840596,-9.657392328594195,0],[-77.40367627228196,-9.657372390068618,0],[-77.40363904603497,-9.657378525669236,0],[-77.40357236158732,-9.65737545793607,0],[-77.40352820045803,-9.657353046758802,0],[-77.40347207780053,-9.657317844642876,0],[-77.40346193674938,-9.65727516058579,0],[-77.40346209049716,-9.657189759883224,0],[-77.4034750237492,-9.657129427834434,0],[-77.40349308672207,-9.657063997061531,0],[-77.40354424322258,-9.657016154489567,0],[-77.40360559489952,-9.656978374053347,0],[-77.403674534291,-9.656975858575231,0],[-77.40375110031262,-9.657001041060605,0],[-77.40377655356104,-9.65694065311253,0],[-77.40375343043806,-9.656890373124453,0],[-77.4037175520833,-9.656835089735656,0],[-77.40362553472859,-9.65679494529188,0],[-77.40357955464546,-9.656769845944755,0],[-77.40352857768265,-9.656787414459687,0],[-77.4034750363685,-9.656822595513534,0],[-77.40340849158868,-9.656780114870257,0],[-77.40338285385909,-9.656712504590873,0],[-77.4033266464305,-9.656614959458244,0],[-77.40324002747337,-9.656557551690787,0],[-77.4031662186607,-9.6565403229775,0],[-77.4030340147128,-9.656548052937161,0],[-77.40303022568398,-9.656486633792454,0],[-77.403088463092,-9.6564371011457,0],[-77.40314067706908,-9.656417283713647,0],[-77.40317692440101,-9.656371560292099,0],[-77.403201066774,-9.656327924049577,0],[-77.40322303426325,-9.656274699406879,0],[-77.40322686435461,-9.656223612947123,0],[-77.40322272333201,-9.656188286212934,0],[-77.40319058184072,-9.656172597343211,0],[-77.40315044897163,-9.656162794747127,0],[-77.4031264234979,-9.65617848018986,0],[-77.40308235142686,-9.656207908343296,0],[-77.40306634955706,-9.656241288826015,0],[-77.40304631684407,-9.6562746997252,0],[-77.40303629544542,-9.656306256505772,0],[-77.4029840698209,-9.656312206599996,0],[-77.40293184621834,-9.656290433056954,0],[-77.40287359734471,-9.656290433046154,0],[-77.40284547531019,-9.656312206541033,0],[-77.4028234353596,-9.656346043884225,0],[-77.40281149447947,-9.656389869104814,0],[-77.40276997355939,-9.656493645312946,0],[-77.40273085749554,-9.65659097582265,0],[-77.40269026732992,-9.656654397835279,0],[-77.40263610242661,-9.656674385063132,0],[-77.40256698299304,-9.656672968461038,0],[-77.4024603211833,-9.656619805050687,0],[-77.40240454162317,-9.65656624677498,0],[-77.40235155470097,-9.656452700388991,0],[-77.40231421038652,-9.656371776619624,0],[-77.40232965128587,-9.656287427294261,0],[-77.4023431059541,-9.656178522383671,0],[-77.4023671429844,-9.656083685017887,0],[-77.40238880990312,-9.656036285625788,0],[-77.4024153349582,-9.655995995227697,0],[-77.40240327220793,-9.655964954137577,0],[-77.40235270007835,-9.655938539582388,0],[-77.40229748895605,-9.655921688122046,0],[-77.40227350353469,-9.655895525631388,0],[-77.40229730750617,-9.655819634694199,0],[-77.4023627141002,-9.655789773864088,0],[-77.40241065260618,-9.655786781068477,0],[-77.40244751184738,-9.655760017231723,0],[-77.4024973743717,-9.65574591883651,0],[-77.4025199766745,-9.655715828656753,0],[-77.4024780423734,-9.655676173820003,0],[-77.40244109484051,-9.655649310941007,0],[-77.40234198946837,-9.655633681839983,0],[-77.40228475069651,-9.655613340782173,0],[-77.4021770697215,-9.655571228887132,0],[-77.4021295593442,-9.655514892276882,0],[-77.4021183124166,-9.655470934525784,0],[-77.40210224108239,-9.655381426598895,0],[-77.40211743229384,-9.655311586783267,0],[-77.40210169956858,-9.655286685429937,0],[-77.40204052380773,-9.655221829443686,0],[-77.40200610535489,-9.655189550810661,0],[-77.40196857576181,-9.655159297019244,0],[-77.40196643538339,-9.65511065232895,0],[-77.40194153020178,-9.655030300545711,0],[-77.40195523103785,-9.654976991395808,0],[-77.40198262437623,-9.654937054324837,0],[-77.40194397783264,-9.65488325341458,0],[-77.40193951556809,-9.654822925922321,0],[-77.40196011204988,-9.654782686185197,0],[-77.40200813703174,-9.65472885095881,0],[-77.40206773086122,-9.65469283909651,0],[-77.40209994833998,-9.654640984687514,0],[-77.40209772207109,-9.654591392816204,0],[-77.40205195075548,-9.654539631423138,0],[-77.40196955699386,-9.654499381293341,0],[-77.40191015205443,-9.654497460803972,0],[-77.40184181668359,-9.654511361920953,0],[-77.40177368167957,-9.654486993549133,0],[-77.40172821113525,-9.654439880821492,0],[-77.40172352808426,-9.654379025775391,0],[-77.40174384946592,-9.654317918103324,0],[-77.4017438448829,-9.654315655494907,0],[-77.40175964553839,-9.654243061483303,0],[-77.40174611464663,-9.654165156374216,0],[-77.40175538280981,-9.654101003595104,0],[-77.40178047186077,-9.654059008260624,0],[-77.40181962935124,-9.653994519441971,0],[-77.40181487525902,-9.653959356076198,0],[-77.40178832095168,-9.653919797455295,0],[-77.40174319414245,-9.65392595071493,0],[-77.40168708981099,-9.653959490138872,0],[-77.40164953980047,-9.654000760192735,0],[-77.4016321504249,-9.654051363858047,0],[-77.40161005930855,-9.654108331864688,0],[-77.40157719431794,-9.654140732827717,0],[-77.40151792798741,-9.654151520670991,0],[-77.40148535059937,-9.654129944967677,0],[-77.40147157831969,-9.65408687106828,0],[-77.40145318920597,-9.654042355799914,0],[-77.40145509983832,-9.653974918074294,0],[-77.4014524134477,-9.653907689499793,0],[-77.40144044503917,-9.653839141887643,0],[-77.40143492383812,-9.653719094900287,0],[-77.40146869781788,-9.653608325577563,0],[-77.40141960141891,-9.65348211184817,0],[-77.40138777475694,-9.653411880201014,0],[-77.40135356682218,-9.653341796544701,0],[-77.40129244395739,-9.653320106667543,0],[-77.40124602768105,-9.653312900999188,0],[-77.40115833971022,-9.65335397086281,0],[-77.40106620380014,-9.65335644369067,0],[-77.40097871671308,-9.653344449115728,0],[-77.40089380424462,-9.65334928708903,0],[-77.40082852524982,-9.653315717290011,0],[-77.40076813772977,-9.653274992397314,0],[-77.40074837637668,-9.65322455518248,0],[-77.4007573927527,-9.653164341520075,0],[-77.40081527096588,-9.653140098126434,0],[-77.40087570558494,-9.65311822303751,0],[-77.40092395350159,-9.653081816484589,0],[-77.40095302099624,-9.653038294244714,0],[-77.40096276370862,-9.652994892180544,0],[-77.40095286003434,-9.652929714981902,0],[-77.40091850714991,-9.652833175320847,0],[-77.40087206241094,-9.652780155266534,0],[-77.40080833870506,-9.652753502794136,0],[-77.40073749229865,-9.652683655820846,0],[-77.40064889502668,-9.652675639325405,0],[-77.40058707928678,-9.652657700863646,0],[-77.40050839210592,-9.652589665910995,0],[-77.40047649713351,-9.652524550220386,0],[-77.40046434137295,-9.652459725485928,0],[-77.40047913079798,-9.652380487432486,0],[-77.40050123798939,-9.65234681786209,0],[-77.4004890250049,-9.652315535774296,0],[-77.40042785977589,-9.652281939435698,0],[-77.40035224468406,-9.652265217152953,0],[-77.40025490809099,-9.652270115024763,0],[-77.40014808755576,-9.652270218410532,0],[-77.40000347980123,-9.65226576088985,0],[-77.39996752675752,-9.652265851764056,0],[-77.39993085159898,-9.652172693928621,0],[-77.39990409063542,-9.652117732108222,0],[-77.39984159436234,-9.652077421273217,0],[-77.39981217700876,-9.651996062084427,0],[-77.3998163831364,-9.651928693872248,0],[-77.39986467826184,-9.651873536219906,0],[-77.39986211521583,-9.651815997226723,0],[-77.3998084521519,-9.6517630385827,0],[-77.39975491175785,-9.651726985227901,0],[-77.3996770269317,-9.651712425407537,0],[-77.39957611188647,-9.651770739233626,0],[-77.39950832987762,-9.65183930197308,0],[-77.39940039571218,-9.651839777795722,0],[-77.39930116212307,-9.651840893883445,0],[-77.39922908041885,-9.651805366009789,0],[-77.39920718537306,-9.651744539113814,0],[-77.39918232732823,-9.651652521564813,0],[-77.39915658646474,-9.65162718261012,0],[-77.39907455041109,-9.651574072749309,0],[-77.39897881715596,-9.651585477528236,0],[-77.3989107566906,-9.651537082372464,0],[-77.3988356623991,-9.651453953672888,0],[-77.39880797654881,-9.651380257045851,0],[-77.39878054752987,-9.651260839623887,0],[-77.39876720316683,-9.651157950666251,0],[-77.3987120040847,-9.651066874339767,0],[-77.39863355849545,-9.651007938180387,0],[-77.39856187646662,-9.650992230502961,0],[-77.39845447497235,-9.651041559540548,0],[-77.39834591241826,-9.65109324661867,0],[-77.39827983381998,-9.651105055572792,0],[-77.3982377063732,-9.651038788086074,0],[-77.39819038191018,-9.650865066855827,0],[-77.39814805126862,-9.650679593594141,0],[-77.39810970603313,-9.650555573641375,0],[-77.39798447675567,-9.650576864887373,0],[-77.39791916690264,-9.650625079650311,0],[-77.3979192061646,-9.650695115409919,0],[-77.39790456649672,-9.650757173909902,0],[-77.39777827410926,-9.650806557439063,0],[-77.39765808029296,-9.650763982329602,0],[-77.39749532698946,-9.650682532867137,0],[-77.39731192514517,-9.650619463352427,0],[-77.39723726427607,-9.65060832518953,0],[-77.3971698529837,-9.650604332692774,0],[-77.39712399020569,-9.650568637844058,0],[-77.39709236900107,-9.650423816221467,0],[-77.39701333068538,-9.650314615382754,0],[-77.39693100523087,-9.65027935825979,0],[-77.39683285468666,-9.650226544552584,0],[-77.39674211290414,-9.650201852027037,0],[-77.39656816442002,-9.65024749713849,0],[-77.39646357661887,-9.650222755569754,0],[-77.39639611913815,-9.650113675731655,0],[-77.396272585866,-9.650075241984286,0],[-77.39621004520049,-9.650029734435305,0],[-77.39611232215006,-9.650093120601763,0],[-77.39604763074352,-9.65007229013708,0],[-77.39604652362549,-9.650016332068931,0],[-77.39607214786334,-9.649942614794393,0],[-77.39611645900565,-9.649861811161331,0],[-77.39617478288889,-9.649742186364804,0],[-77.39614897491748,-9.649661251330643,0],[-77.3960749567581,-9.649598326558863,0],[-77.3960425570134,-9.64949295916714,0],[-77.39602510114202,-9.649398381064852,0],[-77.39596434220299,-9.649211819138364,0],[-77.39594900650191,-9.64907234493013,0],[-77.39584356162277,-9.648894406347411,0],[-77.3957340945226,-9.648848138179332,0],[-77.3956483632875,-9.64884834174989,0],[-77.39561314807247,-9.648763331916339,0],[-77.39562268764058,-9.648540281527728,0],[-77.39563921511147,-9.648429089199935,0],[-77.39573802309924,-9.648268350530357,0],[-77.39577031388488,-9.648131135486995,0],[-77.39576718211879,-9.648036111199811,0],[-77.39570141019244,-9.647975292045594,0],[-77.39566777043098,-9.64784669435264,0],[-77.3956876742674,-9.647757156065067,0],[-77.39571549090921,-9.647632787159067,0],[-77.39576667073244,-9.647539668244232,0],[-77.39579815045008,-9.64745063155027,0],[-77.39579059258281,-9.647346116521215,0],[-77.39572066068033,-9.647272513511657,0],[-77.39572888683807,-9.647187580911618,0],[-77.39578355167644,-9.647145250625742,0],[-77.39581873414495,-9.647095230152068,0],[-77.39577618776089,-9.64701831766827,0],[-77.39569451934759,-9.647037506505402,0],[-77.39561262430689,-9.647098954828015,0],[-77.39551941178034,-9.647106584454523,0],[-77.39548497233139,-9.647052799046836,0],[-77.39548169137427,-9.646991459848293,0],[-77.39549428593939,-9.646888216915928,0],[-77.39554521037888,-9.646785155970953,0],[-77.39557332852378,-9.646640656753556,0],[-77.39560268303761,-9.64644876845975,0],[-77.39561572549806,-9.646329438947603,0],[-77.39559644667884,-9.6462441866498,0],[-77.39556079127581,-9.646191660855742,0],[-77.39545904790948,-9.646183727472396,0],[-77.39539816779157,-9.646159107415773,0],[-77.39534478391393,-9.646080093799462,0],[-77.39531847118197,-9.646027845135691,0],[-77.39524830531452,-9.646020434338896,0],[-77.3951572846373,-9.646017108695727,0],[-77.3951178755886,-9.645991552824647,0],[-77.39511184322846,-9.645916300826036,0],[-77.39505050294967,-9.645898721799437,0],[-77.39492900550995,-9.645912798006357,0],[-77.39475782936732,-9.645937395366895,0],[-77.39463674158776,-9.645909320475155,0],[-77.39450905321284,-9.645919836315349,0],[-77.39441303726144,-9.646010862880587,0],[-77.39431782537616,-9.645996713538599,0],[-77.39420580973947,-9.645986033870816,0],[-77.39400723504376,-9.645992694383256,0],[-77.3938595784215,-9.64596820249681,0],[-77.39374843629784,-9.645902682965472,0],[-77.39363877481098,-9.645892426495587,0],[-77.39352292369725,-9.645878796668706,0],[-77.39332712178708,-9.645858520773368,0],[-77.39317553972477,-9.645797782697967,0],[-77.3930414969597,-9.64578733366101,0],[-77.39281685458582,-9.645749894998367,0],[-77.39263635071086,-9.645675639587619,0],[-77.39250543085508,-9.645604346220441,0],[-77.39240951884416,-9.64558454868937,0],[-77.39229924619775,-9.645602228801387,0],[-77.39221277389797,-9.645575202256232,0],[-77.39217114562972,-9.645523894563361,0],[-77.39209839258633,-9.64543162782989,0],[-77.3920290008413,-9.645418239041888,0],[-77.39190695557859,-9.645466994900124,0],[-77.39182994585919,-9.645453461665893,0],[-77.39175983807611,-9.64539145680766,0],[-77.39167917253243,-9.645332799873739,0],[-77.39156704842343,-9.64533625172717,0],[-77.3914135719217,-9.645401651961125,0],[-77.39126716356162,-9.645449761637519,0],[-77.39116941981551,-9.645422150377993,0],[-77.39112286459353,-9.64535339800527,0],[-77.3911151946465,-9.645277514511488,0],[-77.39112976800129,-9.645211908433842,0],[-77.39118966113107,-9.645167076696657,0],[-77.39119720738285,-9.645101637640478,0],[-77.3911243380324,-9.645043174745442,0],[-77.39099929873703,-9.645015795705756,0],[-77.3908993798716,-9.644882029445776,0],[-77.39081979518443,-9.644820388617683,0],[-77.39069771410941,-9.644792861374976,0],[-77.39055809270346,-9.644782478800225,0],[-77.39035342735079,-9.644738118392503,0],[-77.39015202690476,-9.644628444410642,0],[-77.38998516200189,-9.644482297471152,0],[-77.38983632835868,-9.644256385375673,0],[-77.38973226159727,-9.644146623532968,0],[-77.3895637705359,-9.64411517960988,0],[-77.38933035162944,-9.64406240689616,0],[-77.38920078035734,-9.64397411760768,0],[-77.38907210934478,-9.643846345453822,0],[-77.38894108306681,-9.643747153091116,0],[-77.38872999403183,-9.643599433704896,0],[-77.38863410488808,-9.643557331901604,0],[-77.38847060636313,-9.643567907749597,0],[-77.38830756469993,-9.643669724528772,0],[-77.38823693120729,-9.643697791676377,0],[-77.38815930059239,-9.643680267875824,0],[-77.38799813982799,-9.64369780108431,0],[-77.38793434521726,-9.643645307446592,0],[-77.38794760962129,-9.643575241697281,0],[-77.38805984922031,-9.643505022141634,0],[-77.38806262651202,-9.643417249730952,0],[-77.38799431127609,-9.643311862827257,0],[-77.38794762468244,-9.643266138138728,0],[-77.38782289524625,-9.643252063119002,0],[-77.38767595091684,-9.643196601743387,0],[-77.38755241855446,-9.643143545645598,0],[-77.38747204257503,-9.643135959872096,0],[-77.38740320683024,-9.643188861528948,0],[-77.38739937933302,-9.643192644007238,0],[-77.38733808671014,-9.643253193887533,0],[-77.3872883531621,-9.643271942424068,0],[-77.38720415586769,-9.643226622358048,0],[-77.38705121204443,-9.643230302157919,0],[-77.38692967545619,-9.643203587214506,0],[-77.38680560170236,-9.643120497680508,0],[-77.38668935333168,-9.6431277866067,0],[-77.38658086405783,-9.643093988919787,0],[-77.38652886499158,-9.643030488544943,0],[-77.38645071018982,-9.642993238938361,0],[-77.38642875954156,-9.642933698214556,0],[-77.38644384866525,-9.642851778426776,0],[-77.38650750540799,-9.64270635503462,0],[-77.38650040448863,-9.642643217284734,0],[-77.38647068518493,-9.642598766360372,0],[-77.3864108144081,-9.642584123916533,0],[-77.38633226895477,-9.642603006653118,0],[-77.38626661528644,-9.642644672795406,0],[-77.38621951055076,-9.642589711640342,0],[-77.38621945896354,-9.642537825686395,0],[-77.3863252119971,-9.64247314811998,0],[-77.38639661754259,-9.642387548567473,0],[-77.386404342829,-9.642320782791801,0],[-77.38633734112122,-9.642235953157032,0],[-77.38632646705292,-9.642150905346222,0],[-77.386311978469,-9.642073468772688,0],[-77.38629779649857,-9.641960021778905,0],[-77.38634453905401,-9.641884180865425,0],[-77.38627904828951,-9.641780585915631,0],[-77.38617053008349,-9.641726381073422,0],[-77.38604983128214,-9.64166199523324,0],[-77.38601597016643,-9.641582194572148,0],[-77.38610313440674,-9.641452325874743,0],[-77.38622168257402,-9.641378017034013,0],[-77.38622218939501,-9.641304792637179,0],[-77.38613185454169,-9.641248154339253,0],[-77.38604137078309,-9.641248744854018,0],[-77.38585837362133,-9.641270857036355,0],[-77.38567271031886,-9.641347461061612,0],[-77.38557196764991,-9.64131210439352,0],[-77.3854746759477,-9.641282245877264,0],[-77.38532772411808,-9.641258694310775,0],[-77.38514692862384,-9.641212625590638,0],[-77.38501204957899,-9.641194170392295,0],[-77.3848865851353,-9.641094924086447,0],[-77.38479268209785,-9.64099736296028,0],[-77.3847120240318,-9.640954791023265,0],[-77.38461905368636,-9.64090783080458,0],[-77.38463169285205,-9.640820760920535,0],[-77.38455148961273,-9.640729308135825,0],[-77.38452180659131,-9.640612847447837,0],[-77.38450894073037,-9.640466900941211,0],[-77.38443688460353,-9.640408406684813,0],[-77.38443264193889,-9.640404225935091,0],[-77.38434805048212,-9.640437661900593,0],[-77.38425919363571,-9.640429327838266,0],[-77.38419716215505,-9.640384005588961,0],[-77.38412287341092,-9.640251892204853,0],[-77.38409634605428,-9.640059986899741,0],[-77.38411550553755,-9.639903827346169,0],[-77.38410681200195,-9.639824257658935,0],[-77.38403581754336,-9.639771260586619,0],[-77.38402508580789,-9.639601063374176,0],[-77.38393382121652,-9.639574646287324,0],[-77.3837924109844,-9.639539988064085,0],[-77.3837199255551,-9.639447561902738,0],[-77.38370337509454,-9.639330104724024,0],[-77.38376242557324,-9.639214147383177,0],[-77.38374433826395,-9.639143278641361,0],[-77.38363830083857,-9.639053588322856,0],[-77.38349987961243,-9.639052630837359,0],[-77.38341687622118,-9.639027871847354,0],[-77.38336577861266,-9.638894699334855,0],[-77.38342190559861,-9.638832549392177,0],[-77.38349026208789,-9.638769958147522,0],[-77.38346857872293,-9.638659298945354,0],[-77.3834322411905,-9.638578657973072,0],[-77.38338089438196,-9.638504133353816,0],[-77.38327287478283,-9.638484011501669,0],[-77.38319304042241,-9.638502970101976,0],[-77.38313569565436,-9.6384553846607,0],[-77.38315894848984,-9.638377488686888,0],[-77.3831915488908,-9.638269793674208,0],[-77.3831673313912,-9.638150620763604,0],[-77.38311318990161,-9.638058595415863,0],[-77.3829752906961,-9.637934545662487,0],[-77.3828551118665,-9.63782603371865,0],[-77.38273984182959,-9.637810791823178,0],[-77.38263477342304,-9.637878636416048,0],[-77.3825698950064,-9.637897420988748,0],[-77.38247566942604,-9.637891913068621,0],[-77.38237183472954,-9.637813818500522,0],[-77.38235199951872,-9.637731138367775,0],[-77.38229756167019,-9.637614064005447,0],[-77.38214469947873,-9.637574962782436,0],[-77.38210516662892,-9.637506794002844,0],[-77.38216881227432,-9.637379832446248,0],[-77.3821339407859,-9.637286911126907,0],[-77.38218818360434,-9.637154619869053,0],[-77.38219795052882,-9.637071176625888,0],[-77.38211858519185,-9.637051671664816,0],[-77.3821086607577,-9.637051671720535,0],[-77.38202429691914,-9.63708590993795,0],[-77.38193534981119,-9.637159587259891,0],[-77.3818129547321,-9.637238578233358,0],[-77.38170880693703,-9.637218944588435,0],[-77.38160432604813,-9.637174784790917,0],[-77.38152482973784,-9.63713560902023,0],[-77.3814353548487,-9.637057323805498,0],[-77.3814601932069,-9.636925485545325,0],[-77.38150034357317,-9.636803796595375,0],[-77.38140196642749,-9.63672896374486,0],[-77.38126484176867,-9.636741223141273,0],[-77.38114568385632,-9.636790175849308,0],[-77.38108637916521,-9.63685535144453,0],[-77.38106677144678,-9.636928625061357,0],[-77.38108445647788,-9.637035538654942,0],[-77.38112097181795,-9.637150500448067,0],[-77.38111450216081,-9.637208766512652,0],[-77.38099003074564,-9.63720010528245,0],[-77.38090937967442,-9.637169596432493,0],[-77.38084880655904,-9.637105953647382,0],[-77.38078467915713,-9.636991929455839,0],[-77.38074064503547,-9.636860724742718,0],[-77.3806751442192,-9.636771380339109,0],[-77.38065382944409,-9.636601655184334,0],[-77.3806251787922,-9.636467877572523,0],[-77.3805784737157,-9.636306351433122,0],[-77.38055673774414,-9.636228198594535,0],[-77.3804555069336,-9.636136887027533,0],[-77.38038740844746,-9.636081856354423,0],[-77.38032998839098,-9.635991832269571,0],[-77.38024990409994,-9.63593447537845,0],[-77.38016444396392,-9.635852184774771,0],[-77.38004969853792,-9.635823436525554,0],[-77.37995134662353,-9.635813729107305,0],[-77.37987430235465,-9.635842547487393,0],[-77.37982874559397,-9.63588836760863,0],[-77.37986472198203,-9.63592221043141,0],[-77.3798811893763,-9.63595130349959,0],[-77.37983204646055,-9.63602924684144,0],[-77.37978854405884,-9.636075753047729,0],[-77.37974015853095,-9.636115044146463,0],[-77.37973238605649,-9.636124886098274,0],[-77.37968451489505,-9.636144584022649,0],[-77.37962902792479,-9.63616677557721,0],[-77.37955900624867,-9.636115010093876,0],[-77.37949015053626,-9.636043917323418,0],[-77.37940027431813,-9.635992678188035,0],[-77.37931701458008,-9.635990279843147,0],[-77.37921004549163,-9.635963573790205,0],[-77.37911620976527,-9.635969366850537,0],[-77.37904012107639,-9.635997108475644,0],[-77.37895316190547,-9.636002633659777,0],[-77.37886637125564,-9.635983214338935,0],[-77.37880208166195,-9.63596105428728,0],[-77.37880502719575,-9.635908462355843,0],[-77.37886112791915,-9.635844785259575,0],[-77.37894027239955,-9.635759206251777,0],[-77.37897144297415,-9.635723443806079,0],[-77.37898089019745,-9.635685471656622,0],[-77.37891847987177,-9.635630910684869,0],[-77.37885871551696,-9.635618004825895,0],[-77.37877981152896,-9.635653923236392,0],[-77.37873308525465,-9.635704046488705,0],[-77.37871060755108,-9.635764830367501,0],[-77.37866583532417,-9.635831177036092,0],[-77.37860170894795,-9.635869907548566,0],[-77.3785161191881,-9.635872803494653,0],[-77.37841978116634,-9.635883969075485,0],[-77.37836449177624,-9.635892271244613,0],[-77.37828433404077,-9.635867571272511,0],[-77.37821552268082,-9.635851159496658,0],[-77.37813858841677,-9.63580733005197,0],[-77.37803516810442,-9.635771979330784,0],[-77.37794077069731,-9.635739541386462,0],[-77.37787018143037,-9.635736235270324,0],[-77.37778353891075,-9.635754543700399,0],[-77.37770959265485,-9.63580038203502,0],[-77.37764520217051,-9.635855239901796,0],[-77.37757486338718,-9.63590378750074,0],[-77.37750438604704,-9.635857762748333,0],[-77.37738181073532,-9.63576002383129,0],[-77.37722524512513,-9.635714417517132,0],[-77.37713455079512,-9.635693060872425,0],[-77.37703322146979,-9.63567473214956,0],[-77.3769609516701,-9.63569616030453,0],[-77.37687353137729,-9.635745197129603,0],[-77.37680163350817,-9.635782001575262,0],[-77.3767408497955,-9.635668592106175,0],[-77.37666624775525,-9.63555681916153,0],[-77.37661756142366,-9.635500474871291,0],[-77.37653172216778,-9.635550805768526,0],[-77.37648408030032,-9.635617034418168,0],[-77.3764474941593,-9.635686943177706,0],[-77.37636606108317,-9.635816730594547,0],[-77.37628780212391,-9.635878514472793,0],[-77.37621492916065,-9.63588700065015,0],[-77.37620659653238,-9.635780556990737,0],[-77.37622533591517,-9.635682367892747,0],[-77.37617354923668,-9.635489958049673,0],[-77.37604215063116,-9.63537089610722,0],[-77.37578217988226,-9.635278380230368,0],[-77.37564767479043,-9.635172253099785,0],[-77.37549387336624,-9.635233141730728,0],[-77.37536350517753,-9.635233141468202,0],[-77.37528170181596,-9.635192786067098,0],[-77.37520754428554,-9.635093856970066,0],[-77.37505636783305,-9.635030277826692,0],[-77.37493175350268,-9.63494673951802,0],[-77.37484602467366,-9.634801484399878,0],[-77.37469528634236,-9.634736245565204,0],[-77.37456418436848,-9.634799266696287,0],[-77.37439996242237,-9.634924917313718,0],[-77.37419869403651,-9.634903335409055,0],[-77.3741476495807,-9.63483786619651,0],[-77.37414007834704,-9.634734034819678,0],[-77.37411380974751,-9.634599573508304,0],[-77.37401508111671,-9.634550898258114,0],[-77.3738954125148,-9.634606717316352,0],[-77.37380937628546,-9.634703570297292,0],[-77.37365866957843,-9.63478829625175,0],[-77.3735702372672,-9.63480260430248,0],[-77.37344539897823,-9.634759142551962,0],[-77.37339397559113,-9.634675961496013,0],[-77.37333559007509,-9.634571170010048,0],[-77.37325129025136,-9.634502413183881,0],[-77.37313380078722,-9.634437281062052,0],[-77.3729504834814,-9.634397802351645,0],[-77.37275280857608,-9.63429678521377,0],[-77.37256812262345,-9.634229554957123,0],[-77.37231279450513,-9.634186352280166,0],[-77.3721165515446,-9.634160349191953,0],[-77.37192735706327,-9.634120998908202,0],[-77.37172959809523,-9.634057560179127,0],[-77.37151061155575,-9.633970989420947,0],[-77.37130051361629,-9.63385972938276,0],[-77.37115217971956,-9.633786633824176,0],[-77.37104994069088,-9.633705887743597,0],[-77.3709692371258,-9.633716430211768,0],[-77.37091759039144,-9.633784422257751,0],[-77.37080513833241,-9.633808521474386,0],[-77.37068041123312,-9.633758545353569,0],[-77.37061856591993,-9.633698198851564,0],[-77.37058215974571,-9.63354271330423,0],[-77.37051195871237,-9.633452625502127,0],[-77.37038181234452,-9.633406117912989,0],[-77.37016776847966,-9.633374942968914,0],[-77.3700374031558,-9.633370409002243,0],[-77.36994017514725,-9.633300720111567,0],[-77.36990710922909,-9.63318414531435,0],[-77.36980489618713,-9.633027698970684,0],[-77.3696631405205,-9.632841053201902,0],[-77.3694765517183,-9.632622956183702,0],[-77.36931353843143,-9.632446123161968,0],[-77.36911746090252,-9.632240517007308,0],[-77.36887567142251,-9.632178569499143,0],[-77.36866088787107,-9.632126059778216,0],[-77.36856324737415,-9.632056808113482,0],[-77.36850342900028,-9.631974670226263,0],[-77.36841328405852,-9.631932317512181,0],[-77.36832174814947,-9.631973233718346,0],[-77.36825901953512,-9.63186582249594,0],[-77.36813915880192,-9.631794695249464,0],[-77.36804158977034,-9.6317225774712,0],[-77.36804449584011,-9.631632892030034,0],[-77.36802962259378,-9.631477508277523,0],[-77.36805553091774,-9.631408495696427,0],[-77.36805189420407,-9.631335790748548,0],[-77.36802607422365,-9.63128122656201,0],[-77.36799287611069,-9.631226667741288,0],[-77.36789332954832,-9.631246783294204,0],[-77.3678180154838,-9.631284777024671,0],[-77.36777962821819,-9.631324404673487,0],[-77.36773080485113,-9.631336395709674,0],[-77.36768019773692,-9.631308803474926,0],[-77.36764529716586,-9.631284681698459,0],[-77.3675600624195,-9.631267439680865,0],[-77.36748867095238,-9.631224438019892,0],[-77.36740975386309,-9.631145238509353,0],[-77.36736011590921,-9.631069251921758,0],[-77.36727305287249,-9.631064184607274,0],[-77.36720146380826,-9.631031469058499,0],[-77.36713520563875,-9.630930889399497,0],[-77.36713343451936,-9.630929154787825,0],[-77.36712807865717,-9.630922206173816,0],[-77.36708597598745,-9.630856564085816,0],[-77.36708600840403,-9.630851399889512,0],[-77.3670895210198,-9.630842772106513,0],[-77.36709868597603,-9.630761872232629,0],[-77.36710394722115,-9.630754975803134,0],[-77.36714427186868,-9.63070325507285,0],[-77.36722438574299,-9.630697757839828,0],[-77.36726096245171,-9.630704495465826,0],[-77.36731482649562,-9.630750752084928,0],[-77.36731827794223,-9.63075761938806,0],[-77.36732171849096,-9.630766206885893,0],[-77.36733728153241,-9.630797148829341,0],[-77.36735278915225,-9.630847095471225,0],[-77.36738957984548,-9.630911072220155,0],[-77.36744407590758,-9.630938817343655,0],[-77.36750900541846,-9.630982070437671,0],[-77.36754947305823,-9.63102193192674,0],[-77.36755815631398,-9.631016683096073,0],[-77.36765260889607,-9.630988681659183,0],[-77.36767873144117,-9.630934656402742,0],[-77.3677225463756,-9.630875377278885,0],[-77.36772783409985,-9.630868450344137,0],[-77.36779125177446,-9.630821786050554,0],[-77.36778081341673,-9.630754621222732,0],[-77.36776739254022,-9.630666272283475,0],[-77.36775325013792,-9.630613342655543,0],[-77.36771829661049,-9.63060412741088,0],[-77.36767876223995,-9.630622497837704,0],[-77.36763920849418,-9.63063397210313,0],[-77.36758799297142,-9.630624743894458,0],[-77.367518193596,-9.630601724362288,0],[-77.36746705635596,-9.630564963615244,0],[-77.36743919873419,-9.630523674215889,0],[-77.36744155190925,-9.63045953597717,0],[-77.36744853913156,-9.630402329951739,0],[-77.36748334903002,-9.630336033287465,0],[-77.36743700263118,-9.630281246384463,0],[-77.36738604186803,-9.630251585908848,0],[-77.36734431878502,-9.630262991878986,0],[-77.36727258512269,-9.630210543269296,0],[-77.36723093654605,-9.630194595924634,0],[-77.36717754126501,-9.630237901466817,0],[-77.36712882065818,-9.630269851633876,0],[-77.36707563750021,-9.630260757244388,0],[-77.36702476220238,-9.630279056786494,0],[-77.36697870428941,-9.630238048525829,0],[-77.36694416592961,-9.63021529527313,0],[-77.36691208023234,-9.63017208026488,0],[-77.3669468834922,-9.63012653159555,0],[-77.36697924347403,-9.630108283021746,0],[-77.36702768585656,-9.630112762177342,0],[-77.3671065065384,-9.630058190378945,0],[-77.36715964100992,-9.630069540842605,0],[-77.36721291129298,-9.630044574300634,0],[-77.3672246857535,-9.629981108390632,0],[-77.3671463475253,-9.62992901107414,0],[-77.36712164309034,-9.629887784437035,0],[-77.36708370611261,-9.629850479127867,0],[-77.36705332709192,-9.629841565626126,0],[-77.3670018474878,-9.629792418450265,0],[-77.36698384260534,-9.629741815662978,0],[-77.36697482201703,-9.629686917167646,0],[-77.36701231162782,-9.62963507254305,0],[-77.36705540072181,-9.629611028406526,0],[-77.36712468518003,-9.629599930135544,0],[-77.367132169941,-9.629599928319896,0],[-77.36723291144506,-9.629579592844767,0],[-77.36730881661802,-9.629526209952964,0],[-77.36733269611138,-9.629483980145498,0],[-77.36729908030816,-9.629438054895436,0],[-77.3672674767062,-9.62942515237283,0],[-77.36722477797902,-9.629430570384772,0],[-77.36716348681881,-9.62946537591976,0],[-77.36708327267581,-9.629467111857364,0],[-77.36699349002775,-9.629426588565456,0],[-77.36693554733894,-9.629371405806207,0],[-77.36687765493546,-9.629336491290568,0],[-77.36678241937027,-9.62932363487988,0],[-77.36671143753328,-9.629314415657461,0],[-77.36667612412845,-9.62924831586211,0],[-77.3666426226707,-9.629209776979959,0],[-77.36658656411512,-9.629209703777576,0],[-77.366508344528,-9.629138098217437,0],[-77.36650299922177,-9.62906111710092,0],[-77.36649940136014,-9.629020825523659,0],[-77.366467759631,-9.628991475718593,0],[-77.3664210667139,-9.62899137744501,0],[-77.3663543501784,-9.629006447608623,0],[-77.3662824078454,-9.629007036284722,0],[-77.36621616351478,-9.629002102090523,0],[-77.36616821125716,-9.629031692273811,0],[-77.36616815813696,-9.62904081781443,0],[-77.36614048245798,-9.629062928698177,0],[-77.36609680725088,-9.62900673282909,0],[-77.36608820748677,-9.62892862289859,0],[-77.36607036373148,-9.62887432822148,0],[-77.36603317774049,-9.628872981953263,0],[-77.36600789477595,-9.628897995288082,0],[-77.36597664605326,-9.628959677768087,0],[-77.3659617497981,-9.629003718925931,0],[-77.36590090140473,-9.629047765799335,0],[-77.36584313319095,-9.629080014514965,0],[-77.36575607222892,-9.62907411487061,0],[-77.36572056417417,-9.629125311060097,0],[-77.36567164360412,-9.629154559512564,0],[-77.36560374279763,-9.62915887968157,0],[-77.36552556024611,-9.629125209889324,0],[-77.36546948024389,-9.629046322302528,0],[-77.36540764751051,-9.629021510423696,0],[-77.36541637444967,-9.628964564460253,0],[-77.36545457658767,-9.628930933123412,0],[-77.36546506807113,-9.628871079747302,0],[-77.36543519046485,-9.628773711381587,0],[-77.36540331956682,-9.62873899807783,0],[-77.36534166782677,-9.628733327957905,0],[-77.36524308568484,-9.628710699142593,0],[-77.36514830825506,-9.628731921606434,0],[-77.36502240763431,-9.628703540227695,0],[-77.3649393249498,-9.628648977151045,0],[-77.36491331088172,-9.628597319385566,0],[-77.36492980720558,-9.628527318122478,0],[-77.36490153252959,-9.628483003297934,0],[-77.36483338927363,-9.628450411401714,0],[-77.36475842182591,-9.628434106446315,0],[-77.36470701831114,-9.628422493003976,0],[-77.36463919564106,-9.628330083421973,0],[-77.36460875746975,-9.628311609981658,0],[-77.36454082447176,-9.628311609819335,0],[-77.3644919190356,-9.62832088829856,0],[-77.36443629507258,-9.628323262647779,0],[-77.36440131948143,-9.628293311295,0],[-77.36439619944149,-9.628237873807507,0],[-77.36440279681068,-9.62818927305576,0],[-77.36446375879184,-9.628136215944275,0],[-77.36452706562415,-9.628094735752839,0],[-77.3645762293964,-9.628090128138393,0],[-77.36465698327044,-9.628045478876363,0],[-77.3646651160177,-9.628003791703449,0],[-77.36464072109989,-9.627944459085207,0],[-77.36461308559421,-9.62792522519267,0],[-77.36454811148666,-9.627939656236276,0],[-77.36447666494222,-9.62796528389575,0],[-77.36442626665627,-9.62798611105183,0],[-77.36434509994419,-9.627990906864504,0],[-77.36427859143541,-9.627949264269029,0],[-77.36421422702638,-9.6279143410629,0],[-77.36418935523318,-9.627876384340626,0],[-77.36419114008257,-9.627817817742375,0],[-77.3642001810568,-9.62777007477443,0],[-77.36421373215438,-9.627728384884385,0],[-77.36423044615928,-9.627683256889588,0],[-77.36422742997868,-9.627622892357756,0],[-77.36421970931428,-9.627549981548501,0],[-77.36416093744505,-9.627504682825263,0],[-77.3641293530166,-9.627459219154447,0],[-77.36408140029899,-9.627423504669952,0],[-77.36402990745577,-9.627442029491922,0],[-77.36400938564556,-9.627470715503232,0],[-77.36398384164139,-9.627499251088032,0],[-77.36394957261294,-9.627472205044434,0],[-77.36390672620338,-9.627419822470767,0],[-77.36388955199011,-9.627384344002321,0],[-77.36391334255958,-9.627348858213974,0],[-77.36393554761193,-9.62732347075325,0],[-77.36399548351224,-9.627286159406966,0],[-77.36404008144783,-9.62725554466754,0],[-77.36402973622859,-9.627197820975097,0],[-77.36401767027121,-9.627141781436496,0],[-77.36397812425372,-9.627106225395247,0],[-77.36391801402351,-9.627086027186552,0],[-77.36388874508269,-9.627048682774474,0],[-77.36383558250779,-9.627031903660487,0],[-77.36377734535563,-9.627013468147712,0],[-77.3637566907077,-9.62698632846462,0],[-77.3637409531781,-9.626925037653482,0],[-77.36371512980911,-9.626894488032798,0],[-77.36369121792238,-9.62689466005307,0],[-77.36367581983092,-9.626889650674908,0],[-77.36365020747934,-9.626849160479722,0],[-77.36361666663771,-9.626817838272954,0],[-77.36358108602619,-9.626763695668172,0],[-77.3635849697766,-9.626701823474164,0],[-77.36361050565432,-9.626670863628892,0],[-77.3636420154458,-9.626690343985452,0],[-77.36368148270182,-9.626702071190222,0],[-77.3637110882441,-9.626723482402301,0],[-77.36373675625151,-9.626760463295529,0],[-77.36377033578206,-9.626768277132335,0],[-77.36382172300877,-9.626764432566098,0],[-77.36387116812062,-9.62673916316053,0],[-77.36389689296598,-9.62670217699558,0],[-77.36392262661496,-9.62665738536321,0],[-77.3639246065906,-9.626622321280365,0],[-77.36387710370241,-9.626591165970348,0],[-77.36383951924256,-9.626579495089098,0],[-77.36378219100861,-9.626569785370599,0],[-77.36373083213273,-9.626552298406457,0],[-77.36370714019368,-9.626523134782424,0],[-77.3636893763483,-9.626480360976803,0],[-77.36367556316452,-9.626408422486769,0],[-77.36367556311365,-9.626371473649845,0],[-77.36366767101332,-9.626346208461358,0],[-77.36363019194779,-9.626313447943534,0],[-77.36357902473894,-9.626277038568077,0],[-77.36353192188741,-9.626242627004645,0],[-77.3635182067565,-9.62620404046268,0],[-77.36348298727282,-9.626138673899622,0],[-77.36345173886009,-9.626096572624856,0],[-77.36339914444802,-9.626074227134357,0],[-77.3633835907501,-9.626052014790066,0],[-77.36340924018246,-9.62601252237779,0],[-77.36345098669506,-9.625998363852702,0],[-77.36349607989175,-9.626009573505787,0],[-77.36353807883806,-9.626014449167974,0],[-77.36356878182461,-9.625974742726862,0],[-77.36357354317735,-9.625934991250707,0],[-77.36355892594524,-9.625904823843797,0],[-77.36352498601575,-9.625877907777971,0],[-77.36348789113141,-9.62582104200404,0],[-77.36344774386448,-9.625814848104815,0],[-77.36337570654317,-9.625811937369214,0],[-77.36332628304926,-9.625810572489723,0],[-77.36326429022093,-9.62579036256668,0],[-77.36321200572094,-9.625770176096013,0],[-77.36316616286703,-9.625764108616726,0],[-77.36311556234504,-9.625811255463033,0],[-77.36306201054562,-9.625828620504159,0],[-77.36301508434988,-9.62580380259395,0],[-77.36295904123422,-9.625819663653166,0],[-77.36292500954436,-9.625852518473158,0],[-77.3628849190305,-9.625857323838085,0],[-77.36284803553998,-9.625843488186925,0],[-77.36282351196162,-9.62581414458085,0],[-77.36280668223938,-9.625767780495895,0],[-77.36279264389292,-9.625713618602237,0],[-77.36279215446362,-9.625668517105751,0],[-77.36276896738634,-9.62564389608534,0],[-77.36271857997056,-9.625633665537501,0],[-77.36270170113194,-9.62561991372654,0],[-77.36269512710405,-9.625579605755032,0],[-77.36266436042548,-9.625545903795741,0],[-77.36262133089065,-9.625507734557651,0],[-77.36256891500976,-9.625521620440558,0],[-77.36254076507622,-9.625534323149049,0],[-77.36247343548995,-9.625515626903276,0],[-77.36241931845207,-9.625480542483578,0],[-77.36240626558919,-9.625445649792274,0],[-77.36239133883163,-9.625397883803187,0],[-77.36237081941647,-9.625350052080003,0],[-77.3623558938826,-9.625302231134832,0],[-77.36235773389971,-9.62523967168616,0],[-77.36236890704032,-9.625184399490506,0],[-77.36238570123831,-9.625140110012207,0],[-77.36243432065928,-9.625093842419181,0],[-77.36245305120886,-9.625054994907963,0],[-77.36244369892374,-9.62500326472328,0],[-77.36243433868124,-9.624975567181307,0],[-77.36249811624069,-9.624949270653687,0],[-77.3625225552182,-9.624915781549714,0],[-77.36258841584626,-9.624867221264347,0],[-77.36259598507904,-9.624813380917773,0],[-77.36256224751983,-9.624749352244175,0],[-77.36252374360858,-9.624712946995265,0],[-77.36252223205848,-9.624681120912758,0],[-77.36255310415602,-9.624641669876562,0],[-77.36255159181677,-9.624603723381508,0],[-77.36254237258174,-9.62454755790433,0],[-77.36252699053324,-9.624477721632779,0],[-77.36250389303798,-9.62442005636327,0],[-77.36247772017836,-9.624357837708546,0],[-77.36244539299359,-9.624307746686192,0],[-77.36243302818704,-9.624261534617784,0],[-77.36242777997617,-9.62421653454976,0],[-77.3624137419176,-9.624176713513585,0],[-77.36243484294732,-9.624126451297354,0],[-77.36250169071896,-9.624076098226768,0],[-77.36258263864488,-9.62401534339927,0],[-77.36268065572901,-9.623946447324226,0],[-77.36275374739958,-9.623881297118958,0],[-77.36282165197973,-9.623790440804017,0],[-77.36286227566876,-9.623719439848879,0],[-77.36285101550396,-9.623643002098795,0],[-77.36283601574937,-9.623545300828926,0],[-77.36281810670162,-9.623420852163665,0],[-77.3627957739598,-9.623359320417286,0],[-77.36274618669974,-9.623299433790788,0],[-77.36274095420976,-9.623259447855535,0],[-77.36276832524145,-9.623244697384028,0],[-77.36280367475321,-9.62323493158618,0],[-77.36285238197021,-9.623230071262478,0],[-77.36289468225276,-9.62321382782231,0],[-77.36289600568364,-9.623181348716757,0],[-77.36288674452628,-9.62315812475749,0],[-77.36285674619774,-9.623089148629044,0],[-77.36283841528414,-9.62305969776479,0],[-77.36279185447945,-9.623028623621408,0],[-77.36276034107482,-9.622994385563326,0],[-77.36274216873105,-9.622955288936375,0],[-77.36274222489199,-9.622904709725757,0],[-77.36275557160589,-9.622842524097093,0],[-77.36278556173096,-9.62277521207125,0],[-77.36280218443638,-9.622711350273185,0],[-77.36280883549837,-9.62264914882498,0],[-77.3628137850313,-9.622578884880234,0],[-77.36280877894968,-9.62254626843151,0],[-77.36278715925359,-9.622510536666598,0],[-77.36276430428845,-9.622416885649708,0],[-77.36274207107985,-9.622366677479182,0],[-77.3627243206978,-9.622338311417995,0],[-77.36265573722065,-9.622288124747747,0],[-77.36260936758073,-9.622253285125412,0],[-77.36254982588166,-9.622240194653457,0],[-77.36251015858377,-9.622196734049972,0],[-77.36246611798214,-9.622153304237914,0],[-77.36243751194046,-9.622094723990653,0],[-77.36243091977357,-9.621999317550213,0],[-77.36242213903319,-9.621936522732154,0],[-77.36238261390334,-9.621906312205214,0],[-77.3623804179034,-9.621906315138183,0],[-77.36231017794057,-9.621906408951714,0],[-77.36226616933125,-9.62193663497021,0],[-77.36220683894254,-9.621938793693314,0],[-77.36214749959046,-9.621956114491882,0],[-77.36211237825677,-9.621923639331891,0],[-77.36207507999987,-9.621880349256989,0],[-77.36205974821338,-9.621843561890303,0],[-77.36204662717294,-9.62179813026493,0],[-77.36205775804054,-9.621718166782388,0],[-77.36204722324878,-9.621623468710256,0],[-77.36203410900121,-9.621560824597879,0],[-77.361994584008,-9.621480756910152,0],[-77.36194991732314,-9.621414873405495,0],[-77.36197340218357,-9.621358166372083,0],[-77.36200729277354,-9.621293648748221,0],[-77.36200988695201,-9.621231822137409,0],[-77.36200207172354,-9.621185538261152,0],[-77.36193434384971,-9.621162583274675,0],[-77.36184557313895,-9.62115509576609,0],[-77.3618194952539,-9.621111366920706,0],[-77.36181175028132,-9.621057328600495,0],[-77.36180388769944,-9.621009594304777,0],[-77.36179950277544,-9.620980517268581,0],[-77.36183495526724,-9.62094276577046,0],[-77.36187910259444,-9.620899369131818,0],[-77.3619025726969,-9.62086907933355,0],[-77.3619142439302,-9.620765426831555,0],[-77.36194040929712,-9.620633762193773,0],[-77.3619780529715,-9.620550152794545,0],[-77.36197300133188,-9.620496341517969,0],[-77.36197871434896,-9.620395427639755,0],[-77.36192567999952,-9.62031998062906,0],[-77.36190213075696,-9.620273644226762,0],[-77.3619432140824,-9.620210147671115,0],[-77.36196268577952,-9.620146806442865,0],[-77.36190794424945,-9.620081749495194,0],[-77.3618475520339,-9.619999841143914,0],[-77.36180295511606,-9.619864607397645,0],[-77.36182622687087,-9.619791408395992,0],[-77.3618728878514,-9.61977400159735,0],[-77.3619179767454,-9.619712052963568,0],[-77.36192341303361,-9.619655153168976,0],[-77.36189453180698,-9.619571509056362,0],[-77.36183492694254,-9.619493184622206,0],[-77.36175903023783,-9.619434405018445,0],[-77.36164876930054,-9.619357787438615,0],[-77.36157650495286,-9.619297213227615,0],[-77.36154221102343,-9.619247346115129,0],[-77.3614900309609,-9.619197592271266,0],[-77.36144522439258,-9.619149737201264,0],[-77.36141304120339,-9.619096580849446,0],[-77.36141493432136,-9.619032665288238,0],[-77.36144747248701,-9.618951018510094,0],[-77.36144410494978,-9.618876707004313,0],[-77.36145475614641,-9.61879168818325,0],[-77.36144042135966,-9.618735527027146,0],[-77.36141990520012,-9.61865711432805,0],[-77.36135862745023,-9.618639010018573,0],[-77.36126267002727,-9.618604826645319,0],[-77.3612031973597,-9.618546381411951,0],[-77.36115111195633,-9.618438999786045,0],[-77.36115646785426,-9.618365595822251,0],[-77.3611782244179,-9.618285652791876,0],[-77.3611996927555,-9.618161895310774,0],[-77.36119913709304,-9.618101774302414,0],[-77.36114008266335,-9.61799368976426,0],[-77.361091857884,-9.617947887983409,0],[-77.36095674473157,-9.617811074403562,0],[-77.36085823708706,-9.617717580663568,0],[-77.36084176429708,-9.617628486171366,0],[-77.36085390463283,-9.617499169600944,0],[-77.36087409998561,-9.617297520570803,0],[-77.3608861777614,-9.617132556804142,0],[-77.36091463822684,-9.616983860342813,0],[-77.36095938759564,-9.616843300365062,0],[-77.36098777678644,-9.616706905940795,0],[-77.3609876735182,-9.616602688080851,0],[-77.3609631290107,-9.616498591164268,0],[-77.36101923046951,-9.61639589233569,0],[-77.36107635343164,-9.616323870476352,0],[-77.36110103871854,-9.616215630677434,0],[-77.36109923834884,-9.616090877580007,0],[-77.36106042487322,-9.616024283943112,0],[-77.36105432888468,-9.615977805496282,0],[-77.36108721798617,-9.61592314294089,0],[-77.36118007037592,-9.61579505831487,0],[-77.36119612430063,-9.615702409382976,0],[-77.36118313006666,-9.615568362701978,0],[-77.36112953153187,-9.615481057829713,0],[-77.36103948084954,-9.615370746639181,0],[-77.3610625209431,-9.615311020545079,0],[-77.3610946751762,-9.615223667629978,0],[-77.361066547944,-9.615113343880315,0],[-77.36096004470794,-9.614998718050897,0],[-77.36087229162723,-9.614939067835953,0],[-77.36081694608542,-9.614829556785663,0],[-77.36087217151244,-9.614702455447658,0],[-77.36098716745624,-9.614529995742854,0],[-77.36100983071131,-9.614326053458537,0],[-77.36095441682657,-9.614158950983974,0],[-77.36089276190566,-9.614055551304114,0],[-77.36081898113054,-9.614045285650446,0],[-77.36075320122525,-9.613973051982729,0],[-77.36071908083493,-9.613893254777919,0],[-77.36072168153152,-9.613818719590633,0],[-77.36073996959972,-9.613759673137677,0],[-77.36080010559968,-9.61372098383729,0],[-77.36083936124705,-9.613671872265375,0],[-77.36079219291238,-9.613525558035944,0],[-77.36072946365172,-9.613384824123603,0],[-77.36060291548601,-9.613122873606871,0],[-77.36048178929101,-9.6129410392532,0],[-77.36038670572796,-9.612770658016894,0],[-77.36036945831317,-9.612560286644117,0],[-77.36033777517636,-9.612398081673808,0],[-77.36024864253679,-9.612185952703463,0],[-77.36017533383294,-9.612041268663443,0],[-77.36016155223751,-9.611949854277071,0],[-77.36018131957928,-9.611863496610079,0],[-77.36024110927264,-9.611804058560624,0],[-77.36031134633552,-9.61174276583086,0],[-77.36036349277194,-9.611697155459888,0],[-77.36035885283532,-9.611603696674637,0],[-77.36031537779935,-9.611474596472695,0],[-77.3603046036188,-9.611354147523574,0],[-77.36029377127504,-9.61126407756757,0],[-77.36030710731023,-9.611211533522487,0],[-77.36035117035544,-9.611161873095769,0],[-77.36032503073517,-9.611097358902951,0],[-77.36026559905511,-9.611071544487706,0],[-77.3602044407411,-9.611014545660106,0],[-77.36015936683636,-9.610896818264601,0],[-77.36020514763526,-9.610686326996582,0],[-77.36018888383636,-9.610529007915844,0],[-77.36015764201343,-9.610437859691,0],[-77.36015762482536,-9.610433539931936,0],[-77.3601112149075,-9.610370668972052,0],[-77.36003622778941,-9.610314060744532,0],[-77.35995668877777,-9.61028094760449,0],[-77.35990359380487,-9.610237163315444,0],[-77.35987273009631,-9.610174174942623,0],[-77.35979678432777,-9.610174810797663,0],[-77.35972940682412,-9.610204195452672,0],[-77.35966406934618,-9.610227349052453,0],[-77.35958958656812,-9.610213264872824,0],[-77.35951812805394,-9.61014941329102,0],[-77.35947831481593,-9.609990669945452,0],[-77.35942990945473,-9.60992554127287,0],[-77.35933194656096,-9.609906398713068,0],[-77.35925004492425,-9.609918505363494,0],[-77.35919978048679,-9.609899627990439,0],[-77.35913398259537,-9.609865211469073,0],[-77.35907473825924,-9.609778262903758,0],[-77.35902813085252,-9.609703984987734,0],[-77.35899728131692,-9.60955899646757,0],[-77.35894757236196,-9.609509792245543,0],[-77.3589258518349,-9.609479052685652,0],[-77.35885147202406,-9.609491585592309,0],[-77.35880472772183,-9.609522360930486,0],[-77.35875492209252,-9.609537763374561,0],[-77.35869889734447,-9.609510115173787,0],[-77.35865219183296,-9.60946401654437,0],[-77.3585743757822,-9.60939028219161,0],[-77.35849337335738,-9.609276577281697,0],[-77.35842140356074,-9.609159630185582,0],[-77.3583899675931,-9.609036481005637,0],[-77.35835852775051,-9.608919427323174,0],[-77.35827851111475,-9.608837238219346,0],[-77.3582406547312,-9.608744294713684,0],[-77.35819454338892,-9.608652679784441,0],[-77.35819063815985,-9.608503469527927,0],[-77.35815956314542,-9.608371547861701,0],[-77.35812856060383,-9.608248398320827,0],[-77.35811453817848,-9.608115893107,0],[-77.35809625131138,-9.608026656724657,0],[-77.3580921465022,-9.608016528028106,0],[-77.3579827538149,-9.607900905096672,0],[-77.35792525774274,-9.607824155736811,0],[-77.35785440273298,-9.607697321207329,0],[-77.3578077879576,-9.60757117291334,0],[-77.35772668252966,-9.607436440450273,0],[-77.35766663727871,-9.607315812459852,0],[-77.35761626214702,-9.607100787111545,0],[-77.35761166320125,-9.607093997063858,0],[-77.35753829248628,-9.606947275459607,0],[-77.35744197015079,-9.606839015758545,0],[-77.3574061699621,-9.60678973724227,0],[-77.35741245604954,-9.606682763978545,0],[-77.35738855167955,-9.606605987303901,0],[-77.35732151076537,-9.60651866155163,0],[-77.35727612334738,-9.606416314854703,0],[-77.35725234594399,-9.606294833689352,0],[-77.3572740273072,-9.606193654064697,0],[-77.35726975741473,-9.60610299015631,0],[-77.35724609886347,-9.606022640225532,0],[-77.35716836472575,-9.605987414132125,0],[-77.3570442740828,-9.605964075548762,0],[-77.35694717205817,-9.605930197156377,0],[-77.35687889578075,-9.605919130140732,0],[-77.35684181362372,-9.605865312954842,0],[-77.35683608664229,-9.605797870995188,0],[-77.35686553456782,-9.605720940615932,0],[-77.35691423987376,-9.605650157253192,0],[-77.35695492495782,-9.6055835530334,0],[-77.35694139611385,-9.605541674335683,0],[-77.35686014650756,-9.605476683193931,0],[-77.3568076154205,-9.60543064705454,0],[-77.35675489210307,-9.605436690390265,0],[-77.35671139877806,-9.60543353808263,0],[-77.35666807888767,-9.605419778821563,0],[-77.3566250032426,-9.605398546619153,0],[-77.3565701185141,-9.60531003714736,0],[-77.35651881174954,-9.605270106693304,0],[-77.35643942558055,-9.605251400983201,0],[-77.35637436251663,-9.605201896523823,0],[-77.35633784649644,-9.60516134208598,0],[-77.35631767437563,-9.605122281953768,0],[-77.35632546439426,-9.605078626151514,0],[-77.3563658361633,-9.60501299507201,0],[-77.35642987005355,-9.604943064377153,0],[-77.35646991615705,-9.604865720895273,0],[-77.35643851585377,-9.60482152430646,0],[-77.35636391447014,-9.604737931703538,0],[-77.35631151274845,-9.604638937800612,0],[-77.35628029606694,-9.604545244234235,0],[-77.35627236394062,-9.604434463403932,0],[-77.35627082764977,-9.604321205567363,0],[-77.35623167906033,-9.604264715419193,0],[-77.35611038339891,-9.604221681365342,0],[-77.35605421493803,-9.60419596009046,0],[-77.35603032467121,-9.604154474398717,0],[-77.35602477196151,-9.604072942237108,0],[-77.35601233032382,-9.603967254370113,0],[-77.35594577028175,-9.603854907289353,0],[-77.35586881243503,-9.603795961959902,0],[-77.35578169779784,-9.603692729094687,0],[-77.35575013728446,-9.603574021142071,0],[-77.35579323878011,-9.603483011142583,0],[-77.3557558635366,-9.603409990548803,0],[-77.35564472678429,-9.603343957733204,0],[-77.35559358183399,-9.603217910049263,0],[-77.35557659106153,-9.603108699612008,0],[-77.35550586199844,-9.60302834824191,0],[-77.35546083116088,-9.60300685709293,0],[-77.35539334520054,-9.60296808266703,0],[-77.35539591718923,-9.602893520152373,0],[-77.35540311824379,-9.602790580871975,0],[-77.35535438258113,-9.60270992133846,0],[-77.35527096889022,-9.602642628950678,0],[-77.35524050346825,-9.602501008572258,0],[-77.35519722752166,-9.60238377709849,0],[-77.35519029829503,-9.602227771906035,0],[-77.35513167148908,-9.60211684683822,0],[-77.35510785913863,-9.60198429409259,0],[-77.3550172720918,-9.601730446044794,0],[-77.35493938674347,-9.601600198542638,0],[-77.35484789839012,-9.601439793762276,0],[-77.3547834767856,-9.601249295083548,0],[-77.35473941807865,-9.60107223100555,0],[-77.35459418852139,-9.601013262007358,0],[-77.35451014313023,-9.600904191933713,0],[-77.35443641885685,-9.600798685056892,0],[-77.35433623960328,-9.60075354673751,0],[-77.35420661295116,-9.600695801047078,0],[-77.35408941073763,-9.600543921122034,0],[-77.35406134944485,-9.600399996079794,0],[-77.35405436726793,-9.600164023347615,0],[-77.35400923067651,-9.60006037447079,0],[-77.35392535279509,-9.599987015372356,0],[-77.35391330865383,-9.599865751874738,0],[-77.3539162833011,-9.59970915690915,0],[-77.35388943057924,-9.599532789254724,0],[-77.3538270547561,-9.599446447506697,0],[-77.35374449213217,-9.599358508085682,0],[-77.35372184860742,-9.599294335503592,0],[-77.35372194737664,-9.599207704765725,0],[-77.35366654865534,-9.599105899845588,0],[-77.35366383033436,-9.599019146803586,0],[-77.35369994120522,-9.598971002151293,0],[-77.35375834401191,-9.598979879017827,0],[-77.35384748917228,-9.5989805108614,0],[-77.35387787340795,-9.598931026608627,0],[-77.35386054785361,-9.598837406164686,0],[-77.35382393207759,-9.598749692574195,0],[-77.35378749040576,-9.598654335478127,0],[-77.35377607564585,-9.59853245306074,0],[-77.3537647287627,-9.598392234272026,0],[-77.35376707279237,-9.598279658758564,0],[-77.35376406265145,-9.598221105924635,0],[-77.35367114131422,-9.598136519568737,0],[-77.35350262769865,-9.597990895513666,0],[-77.35346156066507,-9.597879399583862,0],[-77.35345566443226,-9.597768173589424,0],[-77.35350478393377,-9.597652596409558,0],[-77.35355361956815,-9.59753257638556,0],[-77.35365607680019,-9.59739269570691,0],[-77.35366597561075,-9.597392664355782,0],[-77.35379569558239,-9.597209164138462,0],[-77.35377772239401,-9.597037899759854,0],[-77.35367693207104,-9.596863404114519,0],[-77.3535581369618,-9.596733521445895,0],[-77.35344497620265,-9.596609214449984,0],[-77.3533813797725,-9.59650905351218,0],[-77.35331785655458,-9.596323444407103,0],[-77.35319652507056,-9.59615801786215,0],[-77.35309026398217,-9.596016905168115,0],[-77.35301341107089,-9.595773142167076,0],[-77.35298959096886,-9.595619085379655,0],[-77.35286554469019,-9.595438514649183,0],[-77.35279396779865,-9.595269863768515,0],[-77.35273714293707,-9.595010074782243,0],[-77.35268672184488,-9.59488481869826,0],[-77.35261900862335,-9.594746940364697,0],[-77.35260178082177,-9.594513238929528,0],[-77.3525880944679,-9.59433091550006,0],[-77.35250739672601,-9.594198535554787,0],[-77.35234712185725,-9.594081772855352,0],[-77.35219098873854,-9.594030624666802,0],[-77.35211925361351,-9.593841458348496,0],[-77.35209111978082,-9.593582793447387,0],[-77.35194395671888,-9.59349140252818,0],[-77.35178580108399,-9.593399797181023,0],[-77.35162858719444,-9.593298062137439,0],[-77.35159097421075,-9.593117220319659,0],[-77.35148931859418,-9.592953792047757,0],[-77.35136189958575,-9.592791904562745,0],[-77.35117312360752,-9.592664556971613,0],[-77.3511697294365,-9.5924844746823,0],[-77.35114473737028,-9.592273541771547,0],[-77.3510530474226,-9.59211837555866,0],[-77.3509368732128,-9.591940277611325,0],[-77.35074771963207,-9.591853438834494,0],[-77.35055534417712,-9.591526801745596,0],[-77.35044615755717,-9.591411627876404,0],[-77.35028876515541,-9.591223818124334,0],[-77.3501125489791,-9.591067789492115,0],[-77.34989069716318,-9.590968916982083,0],[-77.34976473571648,-9.590861876185018,0],[-77.3496148359242,-9.590801244425169,0],[-77.34945927184945,-9.590797249418227,0],[-77.34932897777762,-9.590754616673742,0],[-77.34926589971934,-9.59073409615458,0],[-77.34916524916721,-9.590630158660266,0],[-77.34905373842086,-9.590601565275799,0],[-77.34898479851124,-9.590540252318325,0],[-77.34893509963881,-9.590419708987678,0],[-77.34885153935123,-9.590303139546052,0],[-77.34877207662214,-9.59029842797724,0],[-77.34868165253289,-9.590252908865445,0],[-77.34868165862294,-9.590171501391149,0],[-77.3485504468988,-9.590148167092833,0],[-77.34852421460049,-9.590063195692201,0],[-77.34843818047963,-9.58998917540546,0],[-77.34835236077268,-9.59000374504698,0],[-77.34825180715029,-9.590003523839824,0],[-77.34813643272196,-9.58990026941606,0],[-77.34804353441714,-9.589815590448277,0],[-77.34794058519282,-9.589797208386159,0],[-77.34787110848018,-9.589760565842631,0],[-77.34785126826245,-9.58960632622895,0],[-77.34781089979062,-9.589533094668848,0],[-77.34770011997013,-9.589471019420696,0],[-77.34757487582385,-9.589398139546162,0],[-77.34749478346106,-9.589245128040293,0],[-77.34740408221961,-9.58907444086528,0],[-77.34734600051479,-9.588991191468944,0],[-77.34719643262424,-9.588912220954377,0],[-77.34705024173599,-9.588829392746106,0],[-77.3469274953569,-9.58872134816363,0],[-77.34679160896286,-9.588629067523833,0],[-77.34671667518441,-9.588540841550731,0],[-77.3466349268201,-9.588354095260657,0],[-77.34661011778196,-9.588287342030739,0],[-77.34650711096548,-9.58819963692946,0],[-77.34646838416926,-9.588126118156632,0],[-77.34648990945068,-9.587968700457253,0],[-77.34649723042139,-9.587849993854176,0],[-77.34643764421645,-9.587766976994871,0],[-77.34624571301674,-9.58769286313115,0],[-77.34615221482042,-9.587652612368972,0],[-77.34611065046454,-9.587563124264426,0],[-77.34609967356917,-9.58733066491471,0],[-77.34606487721035,-9.587237601935993,0],[-77.34600237082257,-9.587090122434704,0],[-77.34591312923014,-9.586997519708053,0],[-77.34582179471369,-9.586947029296427,0],[-77.34574697920115,-9.586883904984777,0],[-77.34572944544152,-9.586837995378502,0],[-77.3457535147222,-9.586773930097223,0],[-77.34580622721867,-9.586656256849842,0],[-77.34581511191331,-9.586594472128965,0],[-77.3458040253415,-9.58651091373922,0],[-77.34577723267243,-9.586437019096012,0],[-77.3456799487732,-9.586356189977595,0],[-77.34561787829364,-9.586321640663645,0],[-77.34554706021044,-9.586337013524235,0],[-77.34546767399631,-9.586320662124988,0],[-77.34542482942125,-9.586275405805047,0],[-77.34540889647768,-9.586221429062533,0],[-77.34542212423842,-9.586167435070948,0],[-77.345487408482,-9.586097236456837,0],[-77.34553259428206,-9.585992411423506,0],[-77.34553514481003,-9.585886095658623,0],[-77.34548505783093,-9.585789490897326,0],[-77.34541211710092,-9.585744968718341,0],[-77.34537329805318,-9.585749651332769,0],[-77.3453437706821,-9.58573188985445,0],[-77.34533295951087,-9.585644796411078,0],[-77.3453333790749,-9.585539642474433,0],[-77.34529821938091,-9.585414318828793,0],[-77.34524456396119,-9.585373580101713,0],[-77.34514362965929,-9.585338994589797,0],[-77.34508854239509,-9.585294404363307,0],[-77.34510050050916,-9.585178480864375,0],[-77.34508618307423,-9.585097308229567,0],[-77.34502353845778,-9.58503149840111,0],[-77.34495148272873,-9.584998749142954,0],[-77.3449095806363,-9.584919172778935,0],[-77.34485284614755,-9.584795251512539,0],[-77.34474424288874,-9.584669366998723,0],[-77.34465539712679,-9.58458075748214,0],[-77.34454819822892,-9.584485903865236,0],[-77.34443538765292,-9.584368512464,0],[-77.34433397654573,-9.584236343040546,0],[-77.34426609623108,-9.58417823454048,0],[-77.34426791295918,-9.584104599038984,0],[-77.34414691804285,-9.58405287110437,0],[-77.34415059244083,-9.583948568918442,0],[-77.3441954342672,-9.583809142379822,0],[-77.34425456749743,-9.58374699982876,0],[-77.34426318394618,-9.583685510691296,0],[-77.34422665893935,-9.58356850044265,0],[-77.3442122973114,-9.58344353382116,0],[-77.34421968619968,-9.583336346566913,0],[-77.34419686333024,-9.58325588811158,0],[-77.34416962315727,-9.583209944697193,0],[-77.34409647304766,-9.583108568211696,0],[-77.3439973866603,-9.583045285826143,0],[-77.34391982769841,-9.583006304127782,0],[-77.34391020030202,-9.582919685760503,0],[-77.34390480503453,-9.582825994675325,0],[-77.3439334810147,-9.582733244593722,0],[-77.34393982458036,-9.582662827673825,0],[-77.34389416072975,-9.582624021533913,0],[-77.34384644808408,-9.582614414325754,0],[-77.34378957513174,-9.582550848218858,0],[-77.34372723654728,-9.582505354383,0],[-77.3437006894836,-9.58245614321394,0],[-77.34373694722655,-9.582377871662484,0],[-77.34370171905016,-9.582279092870522,0],[-77.3436282364967,-9.582244385687147,0],[-77.34354999060106,-9.582219292284709,0],[-77.3434739712853,-9.582231840910731,0],[-77.34341472441128,-9.582237203844594,0],[-77.34336470993763,-9.582214110798033,0],[-77.34331362728419,-9.582134607002343,0],[-77.34325887588518,-9.582103119879244,0],[-77.34321501878928,-9.582069992592512,0],[-77.34317555923876,-9.581982971818483,0],[-77.3431345375292,-9.581905285126325,0],[-77.34307932178413,-9.581866187235704,0],[-77.34302014298041,-9.581891116327256,0],[-77.34296252164117,-9.581940094260352,0],[-77.34289675112704,-9.581980504000247,0],[-77.34285797133217,-9.581989749339321,0],[-77.34280963161883,-9.581966414430461,0],[-77.34277348840936,-9.58191387415461,0],[-77.34275095176727,-9.581842525391433,0],[-77.34274024907968,-9.581784969016985,0],[-77.34268948906555,-9.5817629781728,0],[-77.34262195351398,-9.581743613369667,0],[-77.34257603464889,-9.581714504950826,0],[-77.34251061712885,-9.581615806718988,0],[-77.34246988999381,-9.581561032464947,0],[-77.3424067204851,-9.58152455753838,0],[-77.34233022563706,-9.58145715047563,0],[-77.34222656915432,-9.58142891405171,0],[-77.34214903040746,-9.581414997081126,0],[-77.34208208044893,-9.581427806292055,0],[-77.34202809950254,-9.58143897762164,0],[-77.34200066921498,-9.58143270103322,0],[-77.34195770959533,-9.581409141913985,0],[-77.34193268111098,-9.581340063041404,0],[-77.3418853282352,-9.581302538405906,0],[-77.3417892027418,-9.581257840890414,0],[-77.3417268016321,-9.581220020239844,0],[-77.34169123387348,-9.581162498439651,0],[-77.34164705367145,-9.581052460062933,0],[-77.34156797396697,-9.580980263289272,0],[-77.34149599922723,-9.580923744543222,0],[-77.34138580422139,-9.58087843636094,0],[-77.34131044806105,-9.580826993500695,0],[-77.34124571795446,-9.580762787542788,0],[-77.34115991221702,-9.580722445264097,0],[-77.3411219272815,-9.580633113344748,0],[-77.3410841627933,-9.580533504384372,0],[-77.3410572283057,-9.580455480339234,0],[-77.34105425801313,-9.580333321658744,0],[-77.34105586845898,-9.580275241028612,0],[-77.34102125856211,-9.5802410641841,0],[-77.34095276598794,-9.580231366042122,0],[-77.34088509627976,-9.580225845735967,0],[-77.3407415597984,-9.580229244573259,0],[-77.34067532038608,-9.580198668044142,0],[-77.34065163639524,-9.580143951371502,0],[-77.34057397775783,-9.580078145836136,0],[-77.34047349107689,-9.580018463803231,0],[-77.34036670687564,-9.57990699805767,0],[-77.34028468408681,-9.579808927765821,0],[-77.34021096635144,-9.57974204415325,0],[-77.34018864262167,-9.579652797111613,0],[-77.34015249401574,-9.579614604995921,0],[-77.34004202541333,-9.579595760793794,0],[-77.33997422385431,-9.579576752558967,0],[-77.33983061234781,-9.57951507064432,0],[-77.33976338770782,-9.579464941114137,0],[-77.33969112157837,-9.579378320155518,0],[-77.33959307171695,-9.57929890979452,0],[-77.3394663144284,-9.579229735641738,0],[-77.3394447867223,-9.579150712168268,0],[-77.33942625099094,-9.57912930690331,0],[-77.33937379382888,-9.579112096990714,0],[-77.33928563018219,-9.579095682302857,0],[-77.33923890526677,-9.579079996419326,0],[-77.33918055252529,-9.57902473477022,0],[-77.3390947393527,-9.578984131914964,0],[-77.33904675636332,-9.578922162759325,0],[-77.33896732898766,-9.578893738707452,0],[-77.33887014877912,-9.578835212617156,0],[-77.33880670332852,-9.578781965756624,0],[-77.33876439823355,-9.578693122130812,0],[-77.33870669423226,-9.578605891977245,0],[-77.33860644183987,-9.578574085602561,0],[-77.33847952075534,-9.578560360153743,0],[-77.33842039291713,-9.578535168340396,0],[-77.33838560062459,-9.578485230486804,0],[-77.33836512144049,-9.578393373808332,0],[-77.33837047685832,-9.578314423028091,0],[-77.33840798937864,-9.578178595496398,0],[-77.33844608316065,-9.57807341076543,0],[-77.33841349057413,-9.57802128666915,0],[-77.33834942066653,-9.57796306221421,0],[-77.33830290475315,-9.577878757806639,0],[-77.33831413148123,-9.577778671547229,0],[-77.33828777471935,-9.577731372862184,0],[-77.33817595133682,-9.577678300614465,0],[-77.33815754971934,-9.577626571814182,0],[-77.33818765833196,-9.577481472606689,0],[-77.33817484423446,-9.577414989778575,0],[-77.33813859556132,-9.577352547994812,0],[-77.33814626721828,-9.577234104550834,0],[-77.3381192333434,-9.577155459832039,0],[-77.33808738680443,-9.577074931173854,0],[-77.3380839569832,-9.577006223170823,0],[-77.33816994752367,-9.5768838152765,0],[-77.33816740940688,-9.576814525415237,0],[-77.3380982372735,-9.57674584076919,0],[-77.33800649009332,-9.57669626401825,0],[-77.33794059422816,-9.576707033614525,0],[-77.33789658799066,-9.576700155947735,0],[-77.33783569734985,-9.576618813778145,0],[-77.33777928952804,-9.576590479352626,0],[-77.33771157017252,-9.576581231570964,0],[-77.33764377678375,-9.576582772124935,0],[-77.33761110266735,-9.576553541588924,0],[-77.33755119190255,-9.576423008239663,0],[-77.33751518935871,-9.57634776895847,0],[-77.33743099276263,-9.57628623776452,0],[-77.33735807255638,-9.576209362722274,0],[-77.33727575338808,-9.576109032168423,0],[-77.33722289889585,-9.576042278675304,0],[-77.33717636381145,-9.575949443225667,0],[-77.33711613282617,-9.575908200865552,0],[-77.33704202635647,-9.575899453388098,0],[-77.33700434740514,-9.575886178015885,0],[-77.33699086297068,-9.575858644664487,0],[-77.33700749311951,-9.575808816632593,0],[-77.33705041560819,-9.575750956284224,0],[-77.33708413579191,-9.575688554751439,0],[-77.33711389272935,-9.575615106242026,0],[-77.33712397481636,-9.575564985262135,0],[-77.33709238105834,-9.575493615706897,0],[-77.33704598121781,-9.575422901846972,0],[-77.33702243361348,-9.575379666649942,0],[-77.33695464100133,-9.575354459325178,0],[-77.33691433579847,-9.575273508043194,0],[-77.33685105331011,-9.575211630980311,0],[-77.33680585542791,-9.575141007240088,0],[-77.33673462086817,-9.5750844137122,0],[-77.33670241746435,-9.5750297384763,0],[-77.33672980801349,-9.574997182594593,0],[-77.33679383757392,-9.574923054793757,0],[-77.33682644174903,-9.574883513491367,0],[-77.3368333813096,-9.574782513380544,0],[-77.33681980476389,-9.574674113717727,0],[-77.33677061433586,-9.574603502813504,0],[-77.33667520222423,-9.574545889003636,0],[-77.33654069240262,-9.57451522291705,0],[-77.33647240475601,-9.574443728981977,0],[-77.33643963844031,-9.57436494669309,0],[-77.33644892755981,-9.57431281242822,0],[-77.33650953187535,-9.574249723633704,0],[-77.33653046750524,-9.574185238798343,0],[-77.33651874776413,-9.574093119024022,0],[-77.33650442247058,-9.57403717477269,0],[-77.33652759941332,-9.57395266871186,0],[-77.33647546229199,-9.573871714779342,0],[-77.33645381129871,-9.573813413872282,0],[-77.33644813792753,-9.573729664782672,0],[-77.33646178143584,-9.573656019152066,0],[-77.33650761273189,-9.573575459332218,0],[-77.33652823606704,-9.573492482332313,0],[-77.33650548320466,-9.573418026518171,0],[-77.3364660523797,-9.573357030019679,0],[-77.33646430186495,-9.573280219520754,0],[-77.33642509842709,-9.573265373052942,0],[-77.33636865641635,-9.573279511190274,0],[-77.33632182461267,-9.573248109888183,0],[-77.33628672967096,-9.573196961305175,0],[-77.3362625975198,-9.573096770657356,0],[-77.33625543750973,-9.573005651750044,0],[-77.33621891531773,-9.5729154137073,0],[-77.33619465312226,-9.57286392347861,0],[-77.33609905550655,-9.572812357280185,0],[-77.33600853546419,-9.572792958879868,0],[-77.33597427836536,-9.572771577868659,0],[-77.33598570953475,-9.572672117440804,0],[-77.33599295938716,-9.572568035461634,0],[-77.33595980041105,-9.572485766257623,0],[-77.33589692815521,-9.572448764005925,0],[-77.33584004049628,-9.5724506876512,0],[-77.33579402843414,-9.572417753773315,0],[-77.33578908663657,-9.57232212234066,0],[-77.3358031512607,-9.572217483315852,0],[-77.33576496116008,-9.572105095477774,0],[-77.33572863853209,-9.571953882948986,0],[-77.33573178755016,-9.571848890016028,0],[-77.3356400427522,-9.57170331179937,0],[-77.33550620269861,-9.571629058839045,0],[-77.33546604432806,-9.571520779429633,0],[-77.33537363974968,-9.571486903620192,0],[-77.33527092371955,-9.571469517770714,0],[-77.33519357759863,-9.571411649150035,0],[-77.3351390477147,-9.571254970795744,0],[-77.33502800164749,-9.571158646286205,0],[-77.33493445798061,-9.571024806918615,0],[-77.33485385765617,-9.570968311754392,0],[-77.33467044642245,-9.57102947019342,0],[-77.33457565454698,-9.57099213766952,0],[-77.33442295116113,-9.571024809610787,0],[-77.33435719442679,-9.57098476109526,0],[-77.33426973420032,-9.570847896847342,0],[-77.33416740615513,-9.570751067884409,0],[-77.33404397068774,-9.5706741363063,0],[-77.33395125483226,-9.570669963828607,0],[-77.33386596140602,-9.570733637327269,0],[-77.33376425116023,-9.570702910211175,0],[-77.33363478668754,-9.570687278470363,0],[-77.33349671101146,-9.570657043034565,0],[-77.33339489036946,-9.57064943215337,0],[-77.33333636104186,-9.57061764450192,0],[-77.3332133128724,-9.570638760325844,0],[-77.33316104284498,-9.570612201812738,0],[-77.33305227114386,-9.570656907328392,0],[-77.33293627656283,-9.570644367843592,0],[-77.33280716913083,-9.570571385181218,0],[-77.33266123968421,-9.570502163510186,0],[-77.33254867532018,-9.57044541328095,0],[-77.33246279876371,-9.570322424608209,0],[-77.3324015010632,-9.570285365971491,0],[-77.3322640186868,-9.57030422066665,0],[-77.33218183353239,-9.57023457239015,0],[-77.33205688740748,-9.5701911809986,0],[-77.33199349622377,-9.5701646119719,0],[-77.33190971652064,-9.570098836982531,0],[-77.33183680250328,-9.570046603209928,0],[-77.33176991436045,-9.56996881920681,0],[-77.33167925364053,-9.569935350772136,0],[-77.33157305722753,-9.569912298226596,0],[-77.33148228977241,-9.569922696761898,0],[-77.33139693530651,-9.569943364393112,0],[-77.33132481528932,-9.569958786294823,0],[-77.33126819686936,-9.569940767180764,0],[-77.33117522602896,-9.569913793830064,0],[-77.33108634587951,-9.569908526271295,0],[-77.33095906802352,-9.569904994538486,0],[-77.33083688501235,-9.569913970856579,0],[-77.33074694492007,-9.569890767116291,0],[-77.33063882674966,-9.569865803495233,0],[-77.33050904127498,-9.569765698893805,0],[-77.3303855324852,-9.56974293009587,0],[-77.33030507953683,-9.569736123660523,0],[-77.33020415355391,-9.569764033109896,0],[-77.3300068104974,-9.569852617101873,0]]},"properties":{"Length":17.900264803,"Nombre_ES":"Río Rurec","Nombre_EN":"Rurec river"}},
{"type":"Feature","geometry":{"type":"LineString","coordinates":[[-77.34511406317897,-9.64303019596859,0],[-77.34502051449016,-9.643102998727805,0],[-77.34497978252578,-9.643126565071936,0],[-77.34494617401505,-9.643107682640329,0],[-77.34490308625551,-9.64310531117073,0],[-77.34484808703121,-9.643095877625148,0],[-77.34478843933265,-9.643161790847813,0],[-77.34472395275233,-9.643244285382014,0],[-77.34467384724697,-9.643295937668242,0],[-77.34461199305869,-9.643424878757036,0],[-77.34453129004181,-9.643527601679798,0],[-77.34446024034847,-9.643592691996052,0],[-77.34431263985475,-9.643755141948656,0],[-77.34411777578549,-9.64392718126842,0],[-77.34390902243979,-9.644146462487377,0],[-77.34345882547724,-9.644588160153207,0],[-77.34307137237481,-9.644977694033392,0],[-77.34277669090194,-9.645281063986904,0],[-77.34256768873638,-9.645491164579013,0],[-77.34254860219298,-9.645460035093668,0],[-77.34251015037687,-9.645440183759572,0],[-77.34249369219417,-9.645436574441419,0],[-77.34247178086659,-9.645463657156663,0],[-77.34244802809702,-9.645501608761121,0],[-77.34240041648664,-9.645508876792528,0],[-77.34236008216061,-9.64551793133288,0],[-77.34234907906874,-9.64554325414991,0],[-77.34231240434414,-9.645552271360064,0],[-77.34228673981252,-9.645561295020878,0],[-77.34226106589648,-9.6455757638323,0],[-77.3422024747134,-9.645543164131976,0],[-77.34215480120525,-9.645572089705603,0],[-77.34213644938502,-9.645588368717197,0],[-77.34207610860173,-9.645559388414542,0],[-77.34201748968891,-9.64558286538847,0],[-77.34194954482827,-9.645640742548244,0],[-77.3419365595907,-9.645675162461846,0],[-77.34187042323035,-9.645722237034404,0],[-77.34183351373882,-9.645774820906457,0],[-77.34182954984736,-9.645818449490573,0],[-77.34181252146088,-9.645882215728186,0],[-77.34182132481406,-9.645931489604395,0],[-77.34180612152582,-9.645965134690043,0],[-77.34177950783841,-9.646016248016476,0],[-77.34175827609293,-9.646033141871081,0],[-77.34170770272515,-9.646024050245874,0],[-77.34165052545565,-9.64600830634172,0],[-77.341602806701,-9.645984641462679,0],[-77.341567216085,-9.645977997479156,0],[-77.34152666281125,-9.646011783980342,0],[-77.34151282603709,-9.646040163573687,0],[-77.34150328395143,-9.646082532542525,0],[-77.34146657979291,-9.646132153847782,0],[-77.341420309575,-9.64617801998114,0],[-77.34139602732033,-9.646204678248607,0],[-77.34135326888116,-9.646216027942547,0],[-77.34133597332124,-9.646234637248101,0],[-77.34129894874505,-9.646241309327822,0],[-77.34128769128172,-9.646269949064214,0],[-77.34127763514007,-9.646280935138044,0],[-77.34127872128876,-9.646314952737022,0],[-77.34126646133481,-9.646336864523416,0],[-77.34125198202209,-9.646373948694784,0],[-77.34124199646746,-9.646422789478617,0],[-77.34121878756581,-9.646450866614861,0],[-77.34120122056527,-9.64649819469138,0],[-77.34120012383762,-9.646500339395113,0],[-77.34118698830328,-9.646532526312198,0],[-77.34112899745229,-9.646574192753757,0],[-77.34106613075659,-9.646627358712614,0],[-77.34100923815588,-9.646662868365668,0],[-77.34097777962405,-9.646679112375809,0],[-77.34094332230814,-9.646690943973795,0],[-77.34091039136383,-9.64671595371334,0],[-77.34090294313995,-9.646736486377756,0],[-77.34086556301887,-9.646761468989,0],[-77.3408551843738,-9.64679219871716,0],[-77.34085084699262,-9.646834525900013,0],[-77.34085245193845,-9.646865100107492,0],[-77.34081961901477,-9.646897227043846,0],[-77.34081514152534,-9.646945649850062,0],[-77.34079577766347,-9.646983735147863,0],[-77.34078241700156,-9.647037792950968,0],[-77.3407809668209,-9.647077129354155,0],[-77.3407320136241,-9.647129573663017,0],[-77.3406519745692,-9.647183460798471,0],[-77.34056315153572,-9.647238745168455,0],[-77.34051473242268,-9.647280914280733,0],[-77.34046062857873,-9.647285655033555,0],[-77.34039852491145,-9.6472904049807,0],[-77.34035072238902,-9.647292010090572,0],[-77.34031558984665,-9.64734061829734,0],[-77.34026302557268,-9.647368547743016,0],[-77.3402456356638,-9.647402257872386,0],[-77.34021286891168,-9.647474908714354,0],[-77.34017780054393,-9.6475729282654,0],[-77.34014468509193,-9.647642764067161,0],[-77.34010832657815,-9.647682417864532,0],[-77.3400867830185,-9.647743411449747,0],[-77.34005998917519,-9.647774487223563,0],[-77.34000701107686,-9.647772408784506,0],[-77.33995603828353,-9.647775820305739,0],[-77.33994107637697,-9.6478030479857,0],[-77.33993388192205,-9.64786799220172,0],[-77.33990261917057,-9.647930216679413,0],[-77.33988994522745,-9.647965476363884,0],[-77.33991466199154,-9.648061790526762,0],[-77.33992210193563,-9.64820186654548,0],[-77.33992948121407,-9.64831373306158,0],[-77.33994187052502,-9.648359387049155,0],[-77.33989955989527,-9.648448998762508,0],[-77.33979911935634,-9.648513286155477,0],[-77.33980463766314,-9.648582484745857,0],[-77.33976002964403,-9.648685462193631,0],[-77.33979681779812,-9.648806867147574,0],[-77.33973883256108,-9.64896792294928,0],[-77.33971606357493,-9.649145849404956,0],[-77.33971834753108,-9.64928725779353,0],[-77.33961252280706,-9.649409335272352,0],[-77.33954168119642,-9.649498085897557,0],[-77.33951607823036,-9.649600564112298,0],[-77.33943906656556,-9.649693184925031,0],[-77.33929866232432,-9.649761569941244,0],[-77.33924077328359,-9.649830611622342,0],[-77.33923349521754,-9.650003433386159,0],[-77.33921645607238,-9.650145398263048,0],[-77.33912814496618,-9.650293517414815,0],[-77.33911006009896,-9.65043367363301,0],[-77.33910659283654,-9.650446595600359,0],[-77.33910654246704,-9.650453076028246,0],[-77.33905235838743,-9.650513024912692,0],[-77.33890971588559,-9.650549134406232,0],[-77.33879203878413,-9.650600132463154,0],[-77.33878238039327,-9.650615636124604,0],[-77.33871555777954,-9.65072899405162,0],[-77.33865566420441,-9.65097342213206,0],[-77.33857213238316,-9.65113540381622,0],[-77.33844362635998,-9.651371076745114,0],[-77.33838905323229,-9.65160035418929,0],[-77.33826233077806,-9.651791810059411,0],[-77.33815573894194,-9.651921586501123,0],[-77.33808019924021,-9.65217768104265,0],[-77.33793901271666,-9.652398465108588,0],[-77.33793901139447,-9.652403074959073,0],[-77.33784861315601,-9.652634659646445,0],[-77.33783489704761,-9.652778372219583,0],[-77.33773608277927,-9.652914871157568,0],[-77.33762864047752,-9.653168527794136,0],[-77.33750188834976,-9.65341647659617,0],[-77.33748688580732,-9.653574469172854,0],[-77.33741603059721,-9.653697779732708,0],[-77.33730473088356,-9.653878821402106,0],[-77.33722733409296,-9.653913976677172,0],[-77.33716948019118,-9.654026430404862,0],[-77.33707083454533,-9.654067112655703,0],[-77.33699555415643,-9.654202787662129,0],[-77.33688306892154,-9.654241506162634,0],[-77.33676574438616,-9.654354102807808,0],[-77.33657960914748,-9.654548117917312,0],[-77.33642543165631,-9.654723113396555,0],[-77.3362722958354,-9.654790110211325,0],[-77.33610986092192,-9.654874740136885,0],[-77.33604635671675,-9.654878304370591,0],[-77.33582095984818,-9.654942054035814,0],[-77.33565176925391,-9.655045789018132,0],[-77.33555900549447,-9.655117909424462,0],[-77.3352975744517,-9.655066194204583,0],[-77.33504250327573,-9.655099661260982,0],[-77.33477989320703,-9.655149602928253,0],[-77.33453982015729,-9.65519016103294,0],[-77.33446454608142,-9.655319149996357,0],[-77.33431687095809,-9.655320516478803,0],[-77.33423068844803,-9.655359853555167,0],[-77.33416611890485,-9.655498566172323,0],[-77.33404723333163,-9.655608506849827,0],[-77.33378812898698,-9.65575349744297,0],[-77.33366559752346,-9.655828884042789,0],[-77.3335331509141,-9.655901074444138,0],[-77.33332034005794,-9.655968944163995,0],[-77.33319628480804,-9.655957124556526,0],[-77.33311266658806,-9.655952900204518,0],[-77.33305148104051,-9.655905270042336,0],[-77.33301230116179,-9.655850748434334,0],[-77.33299912177395,-9.655735453242663,0],[-77.33297841431884,-9.655660146315137,0],[-77.33291414634779,-9.655645720121639,0],[-77.33281417975991,-9.655649083552918,0],[-77.3326750545097,-9.655712719257425,0],[-77.33250795986433,-9.655679966658587,0],[-77.33233697481911,-9.65573211415516,0],[-77.33220396037984,-9.655706735397526,0],[-77.3321789239038,-9.6557417234881,0],[-77.33218118623932,-9.655776923393667,0],[-77.33219383073397,-9.65580875260468,0],[-77.33211009021267,-9.655860935416156,0],[-77.33208047975492,-9.655927774644088,0],[-77.33200642515483,-9.656007004632242,0],[-77.3319716203576,-9.655991755105228,0],[-77.33191648417377,-9.65601460679792,0],[-77.33185928268952,-9.65609699296608,0],[-77.33183250236232,-9.65614468465627,0],[-77.33185294577093,-9.65618262530975,0],[-77.33180758666225,-9.656235592753056,0],[-77.3317502652964,-9.656239676762555,0],[-77.33170053980439,-9.65627863915592,0],[-77.33167712598758,-9.65636013356425,0],[-77.33169777496015,-9.65644806802719,0],[-77.33168757410479,-9.65650839015034,0],[-77.33165690788371,-9.656546480556633,0],[-77.33162359708423,-9.656563473589571,0],[-77.33159001299443,-9.65663331746022,0],[-77.3315347194856,-9.656677972842502,0],[-77.33148500853241,-9.656741715803664,0],[-77.33144223652698,-9.656845017034138,0],[-77.33138740888738,-9.656913738842224,0],[-77.33135498277511,-9.65703504799214,0],[-77.33131879350424,-9.657113003286339,0],[-77.33126074405256,-9.657174043673031,0],[-77.33120672709414,-9.657297160296062,0],[-77.33115011403508,-9.657367401231992,0],[-77.33107562773345,-9.657406061956934,0],[-77.33099377627536,-9.65747295576089,0],[-77.33092811094598,-9.657552357812834,0],[-77.3308809883364,-9.657635581514304,0],[-77.3308914689743,-9.657692587609667,0],[-77.3308627121656,-9.657730361107923,0],[-77.33081841379463,-9.657757729819004,0],[-77.33080291005146,-9.657808355474836,0],[-77.33076908664937,-9.657833807579927,0],[-77.33072763419389,-9.657902336511365,0],[-77.33065280296016,-9.657970680123691,0],[-77.33061184424697,-9.658016968251708,0],[-77.33058950127652,-9.658100042589718,0],[-77.3305234804848,-9.658167326230409,0],[-77.33055147411932,-9.658256362768876,0],[-77.33057322606287,-9.6583514975508,0],[-77.33048810954179,-9.6584521206258,0],[-77.33041077442012,-9.658485448596927,0],[-77.3303644046129,-9.658506937175249,0],[-77.33031188513168,-9.65852768455612,0],[-77.33024695674736,-9.658509696568833,0],[-77.33018537184601,-9.65855460773247,0],[-77.33015140779642,-9.658618543614722,0],[-77.33014224293936,-9.658669959380251,0],[-77.33013483810025,-9.65873608860315,0],[-77.33013920451623,-9.658831076383,0],[-77.33013012814794,-9.65889004396221,0],[-77.3300832200684,-9.658892995549895,0],[-77.33007114420052,-9.658963912795718,0],[-77.33004444879614,-9.659011302834111,0],[-77.3300203647611,-9.65906448923708,0],[-77.32999446237912,-9.659097549097297,0],[-77.32992166430225,-9.659109712420616,0],[-77.32989581375148,-9.659159111118257,0],[-77.32984690095151,-9.659287305457388,0],[-77.32975102180012,-9.659381773897787,0],[-77.32963750012357,-9.65945117163416,0],[-77.32957634828404,-9.659510288938256,0],[-77.32951837787945,-9.659610111539198,0],[-77.32948402793726,-9.659672687316696,0],[-77.32940334264045,-9.659666711376063,0],[-77.32936281128649,-9.659729200307602,0],[-77.3293628027381,-9.659731245598408,0],[-77.32934147274726,-9.659789047637332,0],[-77.32931812592172,-9.659859165358633,0],[-77.32928858705552,-9.659969421162177,0],[-77.32927391465755,-9.660028294089557,0],[-77.32927159899647,-9.66007863355354,0],[-77.32922065934738,-9.660124612910069,0],[-77.32921013767778,-9.660178406711108,0],[-77.32919565277815,-9.660229996023043,0],[-77.32915127545678,-9.660253769998674,0],[-77.32912293052429,-9.660311081844801,0],[-77.32912091681015,-9.660313057019106,0],[-77.32910675216905,-9.660350495129421,0],[-77.32910673996946,-9.66035442746129,0],[-77.32910251415096,-9.660423049546177,0],[-77.32908410492648,-9.660537387450633,0],[-77.3290937581005,-9.660623943098166,0],[-77.32906785956047,-9.660695099600792,0],[-77.32908588706364,-9.660752085633053,0],[-77.3291192516521,-9.660807581186514,0],[-77.3291089096551,-9.660850884057789,0],[-77.32913224784305,-9.660892015653193,0],[-77.32910832995381,-9.66092331480895,0],[-77.32909997081882,-9.660993421855173,0],[-77.32909974960803,-9.661026377613966,0],[-77.32906611001961,-9.661063392563438,0],[-77.32906414286954,-9.661063409494641,0],[-77.32904407928915,-9.661125070782044,0],[-77.32904401175344,-9.661132672890183,0],[-77.32902404352502,-9.661193854539142,0],[-77.32901199766225,-9.661264159042677,0],[-77.32901003179019,-9.661267981073152,0],[-77.32900778172491,-9.66133936152724,0],[-77.32904415822733,-9.661378162112266,0],[-77.32904637567201,-9.661413216610265,0],[-77.32901465720927,-9.661432638053812,0],[-77.32899871610425,-9.661480985390503,0],[-77.32898449025603,-9.661530567625542,0],[-77.32898654574556,-9.661582838215766,0],[-77.32898570680817,-9.661630269512726,0],[-77.3289555777275,-9.661661518473485,0],[-77.32890650910494,-9.661656103648754,0],[-77.32888077631257,-9.661681539913015,0],[-77.32886263665995,-9.66171749190406,0],[-77.32883393386726,-9.661761160597942,0],[-77.3288339174766,-9.661765607906789,0],[-77.3288200469092,-9.661814199484553,0],[-77.32882983054559,-9.661879347346611,0],[-77.32879547377361,-9.661890557044927,0],[-77.32875040467796,-9.66193538148279,0],[-77.32869135945215,-9.66197085910838,0],[-77.32863615136819,-9.661991551141218,0],[-77.32862597115512,-9.66204206061316,0],[-77.32857752868506,-9.662049728541644,0],[-77.32853674745928,-9.662112616630731,0],[-77.32850390008107,-9.66211488965567,0],[-77.32849014624448,-9.662192007074974,0],[-77.32843799864398,-9.662256033271658,0],[-77.32839749911957,-9.662337805644427,0],[-77.32835279926644,-9.662343276286414,0],[-77.32829032966345,-9.662386969425713,0],[-77.32823738344311,-9.662392041388376,0],[-77.32817582231493,-9.662409754379382,0],[-77.32817181865896,-9.662411860846886,0],[-77.32809929046837,-9.662413159465663,0],[-77.32803305472692,-9.662481077062212,0],[-77.3279688516836,-9.662496449417437,0],[-77.32787957282048,-9.662520099347217,0],[-77.32784546163654,-9.662605232678906,0],[-77.327789876446,-9.662657275479493,0],[-77.32776364990394,-9.662703024802669,0],[-77.32772193206934,-9.662779544253986,0],[-77.32769121610262,-9.662820646421014,0],[-77.32764267349744,-9.662835482403011,0],[-77.32754762294834,-9.662837342646718,0],[-77.32751905129317,-9.662825869051941,0],[-77.3274493275435,-9.662831800493711,0],[-77.32738365075777,-9.662803769779185,0],[-77.32730575880377,-9.662728480534664,0],[-77.32724918157353,-9.662748256362159,0],[-77.32714207578289,-9.66274132767731,0],[-77.3270602069979,-9.66273546524128,0],[-77.32695990440249,-9.662696915950864,0],[-77.32687874250372,-9.662657946721117,0],[-77.32680669171559,-9.662636394301435,0],[-77.32674791320893,-9.662648389555418,0],[-77.32668756364225,-9.662695743477371,0],[-77.32661557949075,-9.662752934472907,0],[-77.32656635906919,-9.662785846258009,0],[-77.3264838282908,-9.66277793020311,0],[-77.32642111878489,-9.66278058977319,0],[-77.3263622927017,-9.662833205596655,0],[-77.32628752054447,-9.66292028395881,0],[-77.32621283074658,-9.663004406336436,0],[-77.32615318718088,-9.663031841731556,0],[-77.32605527565198,-9.663146794552787,0],[-77.32599512664886,-9.6632471815277,0],[-77.32599663451673,-9.663309414835785,0],[-77.325858580068,-9.66345283337929,0],[-77.32578114818298,-9.663588129293506,0],[-77.32561379506936,-9.663775734497134,0],[-77.32554561770769,-9.663838741713718,0],[-77.32548651543063,-9.663925011291374,0],[-77.32541269277333,-9.66400819321784,0],[-77.325241984896,-9.664083695681173,0],[-77.32504662019406,-9.664194181609885,0],[-77.32256429642956,-9.665297947704229,0],[-77.3224787259292,-9.665362749098096,0],[-77.32233665817377,-9.665404947964198,0],[-77.32214538436027,-9.66554558111298,0],[-77.32196135788776,-9.665582219928082,0],[-77.32176311242621,-9.665893237080661,0],[-77.32159006628422,-9.66614808512606,0],[-77.32139643129949,-9.66643582890849,0],[-77.32128926593244,-9.666481988783783,0],[-77.32114432076429,-9.66644122046602,0],[-77.32099100646099,-9.66640487535739,0],[-77.32083042507146,-9.666377995137767,0],[-77.32066934624036,-9.666390407166356,0],[-77.32054880713785,-9.666414355174334,0],[-77.32034793570838,-9.666394881991534,0],[-77.32014985273933,-9.666320228508965,0],[-77.31996023352914,-9.666216258259874,0],[-77.31984021080245,-9.666127420139478,0],[-77.31973678632357,-9.666084852413135,0],[-77.31962010440984,-9.66598030066523,0],[-77.31956248408424,-9.665943149369978,0],[-77.31946462078294,-9.665913146467389,0],[-77.31935023523876,-9.6658874071019,0],[-77.31923769061271,-9.665910527619292,0],[-77.31915421739366,-9.665885236817982,0],[-77.3190204282638,-9.665869769914499,0],[-77.31887420103234,-9.66580802789878,0],[-77.31877677953872,-9.665740187140472,0],[-77.31867582613864,-9.665734362420475,0],[-77.31860027678533,-9.66577757084676,0],[-77.31845668480106,-9.665745539664398,0],[-77.31834175124293,-9.665692917387181,0],[-77.31822771176812,-9.665715677875871,0],[-77.31811684819418,-9.665722959184215,0],[-77.31804882223484,-9.665695561048608,0],[-77.3179776025966,-9.665655747130213,0],[-77.31792066073727,-9.665576298283524,0],[-77.31781215798541,-9.66546889997099,0]]},"properties":{"Length":4.63532678176,"Nombre_ES":"Quebrada Quilloc","Nombre_EN":"Quilloc creek"}},
{"type":"Feature","geometry":{"type":"LineString","coordinates":[[-77.41939473469682,-9.64778671232241,0],[-77.41929197522781,-9.647738297148239,0],[-77.41917769898757,-9.647757678218317,0],[-77.41909296803507,-9.647765507744438,0],[-77.41899529584452,-9.647720578898031,0],[-77.41890258042037,-9.647743608777267,0],[-77.4188329270794,-9.647710007155547,0],[-77.41873666707552,-9.647657565735226,0],[-77.4186109520046,-9.647654587884855,0],[-77.41853064828483,-9.647601958693322,0],[-77.41849348044998,-9.647533462438147,0],[-77.41846424727635,-9.647448844903852,0],[-77.41842176594108,-9.647414264953023,0],[-77.41836239946153,-9.647438136160952,0],[-77.41830666367885,-9.64749677837798,0],[-77.41824040455111,-9.647509056494403,0],[-77.41814009008877,-9.647401655212093,0],[-77.41801568138507,-9.647315761043604,0],[-77.41778427569375,-9.647371007688347,0],[-77.41768226158617,-9.647395975118625,0],[-77.41762037945551,-9.647347390571007,0],[-77.41760480875006,-9.64727297383059,0],[-77.41744428363208,-9.647236932508456,0],[-77.41733753718492,-9.647182102318633,0],[-77.41723735490021,-9.647081820906404,0],[-77.41714569038967,-9.647030411370698,0],[-77.4169989505736,-9.64696306592133,0],[-77.4168754188548,-9.646958036460083,0],[-77.41679344894213,-9.646818362521595,0],[-77.4167069276116,-9.646665436993151,0],[-77.41658627501107,-9.646597995057977,0],[-77.41643997383713,-9.646490513885025,0],[-77.41632066151472,-9.64642409732511,0],[-77.41617073267268,-9.646436857966169,0],[-77.41600197854324,-9.646308219519815,0],[-77.41587437559339,-9.646289046120362,0],[-77.41575308688223,-9.646215913212687,0],[-77.41565910135276,-9.646183670309462,0],[-77.41552791383768,-9.64622567800981,0],[-77.41545548769793,-9.64625699058592,0],[-77.41537451486052,-9.646188247168801,0],[-77.41530828144384,-9.646082572739857,0],[-77.41520165300774,-9.646034143126387,0],[-77.41509398607927,-9.64597452432957,0],[-77.41504703881594,-9.645848782527906,0],[-77.41490095930206,-9.645822130956892,0],[-77.41471222725097,-9.645795855792135,0],[-77.41461377431122,-9.645728474290172,0],[-77.41453357608118,-9.645642981577058,0],[-77.41450403422613,-9.64553569961566,0],[-77.41447834790206,-9.645397283470324,0],[-77.41438825815133,-9.645347786068854,0],[-77.41433118318925,-9.645366828994026,0],[-77.41426340577013,-9.645385958046448,0],[-77.41419424548528,-9.64541372937807,0],[-77.41410862105396,-9.645418269086056,0],[-77.41403677756759,-9.645394798266047,0],[-77.41394863803532,-9.6453084714011,0],[-77.41386153611441,-9.645279238275322,0],[-77.4137828286537,-9.64526326626694,0],[-77.41369174102574,-9.645203107285528,0],[-77.41359393811251,-9.645184441230024,0],[-77.41352258955303,-9.645181388832986,0],[-77.41349249974098,-9.645140516291288,0],[-77.41349822384593,-9.645051863636121,0],[-77.41351442278672,-9.644981310022676,0],[-77.41348201467906,-9.644926223802594,0],[-77.41343124485435,-9.644923801296914,0],[-77.41336275685526,-9.644959053879333,0],[-77.41327455804203,-9.644951724643642,0],[-77.41323407084703,-9.644901658429799,0],[-77.41321095973595,-9.644816379305732,0],[-77.41319022863492,-9.644713393383071,0],[-77.41318089734403,-9.644653774939169,0],[-77.4131110222091,-9.64458953904104,0],[-77.41302252917217,-9.644558882083917,0],[-77.41290164275775,-9.644479448286644,0],[-77.41278009103249,-9.644437919167554,0],[-77.4126895150196,-9.644364442706873,0],[-77.41271118000942,-9.644235311257738,0],[-77.4127578573221,-9.64417475155727,0],[-77.41271188142912,-9.644080343358546,0],[-77.41262504034354,-9.644020408151667,0],[-77.4125847815161,-9.643947217548543,0],[-77.41252233123546,-9.64391329720099,0],[-77.41246133198624,-9.64398240440725,0],[-77.41241059937208,-9.64401902634698,0],[-77.41237573226888,-9.644007832588052,0],[-77.41232214041274,-9.643929124234152,0],[-77.41225910961751,-9.643839778393401,0],[-77.41219108387952,-9.643746224708178,0],[-77.4121166495428,-9.64368054467742,0],[-77.41200795041766,-9.643687729098314,0],[-77.41192355734343,-9.643644443262605,0],[-77.4118821307383,-9.643536321466932,0],[-77.41189024810889,-9.643437140006,0],[-77.41193781506368,-9.643346276494603,0],[-77.41197320963795,-9.643275164991607,0],[-77.41199232187157,-9.643212467673955,0],[-77.41191986172173,-9.643131527509315,0],[-77.41177865896086,-9.64310182190287,0],[-77.41164517165586,-9.64312280489259,0],[-77.41153278197515,-9.643094713551292,0],[-77.41144983886937,-9.643016501633637,0],[-77.41137141000051,-9.64296179482169,0],[-77.4113103729517,-9.642867345470568,0],[-77.4112948841502,-9.642742917170342,0],[-77.41128252366094,-9.642654224299026,0],[-77.41119163549966,-9.642610778768423,0],[-77.41106962935196,-9.642635956999833,0],[-77.4110108874392,-9.64260814058304,0],[-77.41093999837551,-9.642550110997167,0],[-77.41088872894953,-9.642525697806045,0],[-77.41080719982952,-9.642521618417506,0],[-77.41074683350467,-9.642455854050443,0],[-77.41067869353566,-9.642400502577512,0],[-77.4105107989372,-9.642403372401102,0],[-77.41029837951434,-9.642355803621351,0],[-77.41017530496745,-9.64232249993671,0],[-77.41008840445589,-9.642309520883536,0],[-77.41000469628922,-9.642277688682665,0],[-77.4099434008903,-9.642230975722788,0],[-77.40988922692524,-9.642168490007222,0],[-77.40985336554445,-9.642068384503771,0],[-77.40975636027049,-9.642024060578223,0],[-77.40971813005665,-9.64198184154516,0],[-77.4096766686458,-9.641903783336438,0],[-77.40962036569465,-9.641822351646478,0],[-77.40961250470421,-9.641744538405405,0],[-77.40960379142574,-9.641712789958156,0],[-77.40955646946743,-9.641740550897076,0],[-77.40951212966483,-9.641780473313313,0],[-77.40946454608842,-9.641747066563793,0],[-77.40943573591827,-9.641686012642001,0],[-77.40942078251355,-9.64162277173332,0],[-77.40940876394431,-9.641569589221724,0],[-77.40938263783306,-9.641530181341716,0],[-77.4093417682915,-9.64152185718942,0],[-77.40927573872241,-9.641536445185835,0],[-77.40924386283315,-9.641548195863258,0],[-77.40921688225116,-9.641539655487893,0],[-77.40919150687462,-9.641480544794643,0],[-77.40915474188917,-9.641428372368527,0],[-77.40908481170513,-9.641413707273994,0],[-77.40903254777236,-9.641375686608281,0],[-77.40897715282854,-9.641306760800125,0],[-77.40889563592975,-9.641267518443739,0],[-77.40883095968637,-9.641234786122611,0],[-77.40877289893912,-9.641164310552325,0],[-77.40871378193938,-9.64112020210058,0],[-77.40868314357614,-9.641044950016333,0],[-77.40863702823229,-9.640984251922912,0],[-77.40854804924886,-9.640964800181571,0],[-77.4084470935816,-9.64096493081486,0],[-77.40837699332995,-9.640941756339634,0],[-77.40830983607611,-9.640875952928646,0],[-77.40830792304186,-9.640874023334693,0],[-77.4082254781653,-9.64075814961346,0],[-77.40817570719804,-9.640677270117296,0],[-77.40812665350205,-9.640627941176147,0],[-77.40802353566,-9.640616681397248,0],[-77.4079569453101,-9.640610366077084,0],[-77.407887557936,-9.64051235845308,0],[-77.40780336560724,-9.640455668033168,0],[-77.40770787882518,-9.640425894017493,0],[-77.40760418836207,-9.640355134161279,0],[-77.40758060906106,-9.640261048374061,0],[-77.40758286117706,-9.640142827726384,0],[-77.40754176759218,-9.640084513123115,0],[-77.40747562377534,-9.640071650407748,0],[-77.40741737944204,-9.639976042709117,0],[-77.40733803235327,-9.639935106865964,0],[-77.40724745838,-9.63985101136013,0],[-77.4071679748415,-9.63975502148678,0],[-77.40709456443612,-9.639645084120502,0],[-77.40705878616158,-9.639485244770137,0],[-77.40705581019381,-9.639439132277225,0],[-77.40712401314339,-9.639386595621156,0],[-77.40712679029612,-9.639306371264098,0],[-77.40706663761051,-9.639261607328544,0],[-77.40704265166461,-9.6392288432893,0],[-77.4070548450291,-9.639172326416192,0],[-77.40709420519956,-9.639071286739219,0],[-77.40714245853181,-9.639011866155727,0],[-77.40725109830402,-9.638964570679555,0],[-77.40734747568047,-9.638837703746102,0],[-77.40736849140268,-9.638741119744973,0],[-77.40742829287584,-9.638656441062361,0],[-77.40741621844639,-9.6385663620486,0]]},"properties":{"Length":2.04184575862,"Nombre_ES":"","Nombre_EN":""}},
{"type":"Feature","geometry":{"type":"LineString","coordinates":[[-77.41939473469682,-9.64778671232241,0],[-77.4194706023574,-9.647713783020471,0],[-77.41947765424926,-9.647639906669047,0],[-77.41946390829803,-9.647553533064261,0],[-77.41950714041403,-9.647511489985789,0],[-77.41955248448491,-9.647485700545333,0],[-77.41957084065916,-9.647419689366396,0],[-77.4195744868214,-9.647326570728023,0],[-77.41950564865816,-9.647226210817417,0],[-77.41947496599596,-9.647141379421303,0],[-77.41947259053535,-9.647139109440499,0],[-77.41944664359768,-9.647058773188242,0],[-77.41946089619262,-9.64697171197005,0],[-77.41948931978932,-9.64687561906253,0],[-77.41949101498324,-9.646740872617022,0],[-77.419462441851,-9.646686299903946,0],[-77.41945793875337,-9.6466093878087,0],[-77.41947230186588,-9.646556694753667,0],[-77.41953138103946,-9.646439680588806,0],[-77.41955097965788,-9.646331578682574,0],[-77.41951750215259,-9.646227852016347,0],[-77.41942911724112,-9.646203016337637,0],[-77.41935944783256,-9.646154219198918,0],[-77.41931043117846,-9.64605679705155,0],[-77.41933094124552,-9.645980594059978,0],[-77.41937000943388,-9.645900517584563,0],[-77.41938818223831,-9.645822782464263,0],[-77.41933778961334,-9.645723050777862,0],[-77.41931018238502,-9.645616005925907,0],[-77.41930978767708,-9.6455375185991,0],[-77.41936438381772,-9.64545187276007,0],[-77.41937167392244,-9.645364828209475,0],[-77.4193444340342,-9.645264176607787,0],[-77.41929718590792,-9.645071365386938,0],[-77.41928400968273,-9.644953969325124,0],[-77.41925121782334,-9.644798041491798,0],[-77.41924448432243,-9.644731339936072,0],[-77.41916994758564,-9.644613967366265,0],[-77.41911346234212,-9.644528495037436,0],[-77.41912262091112,-9.644387787511834,0],[-77.41914207102224,-9.644262898985332,0],[-77.41910749843863,-9.644168841767376,0],[-77.4189817197596,-9.64410946488581,0],[-77.41888663513447,-9.644034043896683,0],[-77.41884720275088,-9.64398229978514,0],[-77.41883007865366,-9.643845843447997,0],[-77.41879358610842,-9.64369530431595,0],[-77.41880570244662,-9.643565308756898,0],[-77.41878593233494,-9.6434579610862,0],[-77.41869491141185,-9.64340430627986,0],[-77.41865709048311,-9.64333004179123,0],[-77.41864446955765,-9.643266317543079,0],[-77.4186881035022,-9.64315004103106,0],[-77.4187231253725,-9.643046828285671,0],[-77.41873477580118,-9.642972348663315,0],[-77.41864800749002,-9.642902835208059,0],[-77.41856786278979,-9.642869692835394,0],[-77.41850127470072,-9.642832655126227,0],[-77.41842288487568,-9.642757980401097,0],[-77.41835857505198,-9.642703726612812,0],[-77.41834990617622,-9.642578167545208,0],[-77.41835831692576,-9.642481752734039,0],[-77.41832447162915,-9.642384533952063,0],[-77.41831283241682,-9.642273423429911,0],[-77.418345059243,-9.642071780873993,0],[-77.4183301421925,-9.642020381345711,0],[-77.41823640927025,-9.641974572535142,0],[-77.41815336850753,-9.641905539817978,0],[-77.41808266934122,-9.641850675891522,0],[-77.41803345676632,-9.641786823044493,0],[-77.41804297426896,-9.641661618144198,0],[-77.41810575507448,-9.64152093626625,0],[-77.41812645378745,-9.641463195321322,0],[-77.41807873597048,-9.64138497951613,0],[-77.41802002736407,-9.641368474846429,0],[-77.41796545984836,-9.641370643174138,0],[-77.41789390763158,-9.641368593714136,0],[-77.41783738692801,-9.641347619583781,0],[-77.41782311765009,-9.64123426430652,0],[-77.41783575295135,-9.641168653190485,0],[-77.41776820218236,-9.641084188931895,0],[-77.41774008788566,-9.641022361784172,0],[-77.41774535404197,-9.640939745289277,0],[-77.41775028225776,-9.64087756336349,0],[-77.41773675950091,-9.640827390048909,0],[-77.41767653767346,-9.640820348767075,0],[-77.4176267827574,-9.640795738225226,0],[-77.41758902237876,-9.640784623221851,0],[-77.4175324333592,-9.640806042002051,0],[-77.41749455191297,-9.640784651013211,0],[-77.4174449483564,-9.640775477106365,0],[-77.41742310593,-9.640710430615455,0],[-77.41744165561573,-9.64065661535194,0],[-77.41748345532058,-9.640607587369809,0],[-77.41752951690042,-9.640535682332466,0],[-77.41752198865134,-9.640471180027891,0],[-77.41748698912504,-9.640441370040035,0],[-77.41739896283991,-9.640450600293335,0],[-77.41733394027368,-9.640397930593474,0],[-77.41728770175365,-9.640343210183758,0],[-77.41726949211056,-9.64025943675836,0],[-77.41727435942214,-9.640192177094706,0],[-77.41726999275134,-9.640143260013708,0],[-77.41721291765664,-9.640107355648889,0],[-77.41712963295042,-9.640062041345832,0],[-77.4170810457542,-9.640001458045042,0],[-77.41710451093482,-9.639914192296791,0],[-77.41713868743548,-9.63984879542853,0],[-77.41715251886731,-9.639781354491577,0],[-77.41714600621161,-9.639701990958386,0],[-77.41707584902673,-9.63964877492274,0],[-77.41703890767589,-9.639584732201131,0],[-77.4170061097842,-9.639486150164023,0],[-77.41697178280621,-9.63946574925525,0],[-77.41692793071596,-9.63946570743273,0],[-77.41688021164917,-9.639474973056942,0],[-77.41683816222357,-9.639495526205776,0],[-77.41680387393555,-9.639476799382518,0],[-77.41675581449299,-9.63942177302674,0],[-77.41674581074275,-9.639358921853617,0],[-77.41674591167575,-9.639304367268037,0],[-77.41668391981851,-9.639261700249255,0],[-77.41664526976854,-9.639206422622241,0],[-77.41660662907245,-9.639143588637728,0],[-77.41655770986642,-9.639100593086336,0],[-77.41650288375321,-9.639071241133424,0],[-77.41645867314999,-9.639033644213159,0],[-77.41643766728421,-9.638970097700744,0],[-77.4164743748809,-9.638883099443486,0],[-77.41648015088643,-9.638825064839246,0],[-77.41643298930549,-9.638746050580291,0],[-77.41638040902065,-9.638669397740763,0],[-77.41631631224668,-9.638605573290121,0],[-77.41627657682285,-9.638581013903371,0],[-77.41622727030294,-9.638539269298825,0],[-77.41622727485134,-9.6385353527449,0],[-77.41622383626058,-9.63844853089727,0],[-77.41622256834847,-9.638378403187248,0],[-77.4161863851267,-9.63831694144701,0],[-77.4161305681629,-9.638272087495341,0],[-77.41608320263953,-9.63825177672435,0],[-77.41605835527412,-9.638188781699727,0],[-77.41605411954113,-9.638134215943877,0],[-77.4159784165132,-9.638077809840631,0],[-77.4158802756136,-9.638029430063465,0],[-77.41587824664659,-9.638025414965675,0],[-77.41586626553058,-9.637969367346,0],[-77.41587276157944,-9.637903704749581,0],[-77.41587307525838,-9.637846266583544,0],[-77.41585925219302,-9.637775224174002,0],[-77.41586427411042,-9.637712392133611,0],[-77.41582298719824,-9.637673248539027,0],[-77.41576358368512,-9.637664647417106,0],[-77.4157007072566,-9.637685850837487,0],[-77.41564531978852,-9.63766156771131,0],[-77.41562239937231,-9.637576413173715,0],[-77.41560488581078,-9.637472391954647,0],[-77.41555471242876,-9.637361734565443,0],[-77.41550816679751,-9.637339821101715,0],[-77.41546434089405,-9.637369938768856,0],[-77.41542055285817,-9.637386042944033,0],[-77.41538508006246,-9.63734808059716,0],[-77.41536889976965,-9.637264336330164,0],[-77.41533942680469,-9.637186231671283,0],[-77.4152665242399,-9.637105908999107,0],[-77.41516122446032,-9.6370258640756,0],[-77.41508353381829,-9.636950309767593,0],[-77.41501822425406,-9.636850031848846,0],[-77.41499436538002,-9.636778682190588,0],[-77.41495541696507,-9.636687727398552,0],[-77.41488181925918,-9.636682102057554,0],[-77.41481685593385,-9.63664836044649,0],[-77.41476215512485,-9.636565699188703,0],[-77.41468766540702,-9.636468450695508,0],[-77.4147028108581,-9.63641834466279,0],[-77.41475050689102,-9.636342009668782,0],[-77.41474229320488,-9.636265544614727,0],[-77.41470215704022,-9.636160348945861,0],[-77.41464786845421,-9.636041669902522,0],[-77.41458936684359,-9.635957778919945,0],[-77.41457227804031,-9.635859704193487,0],[-77.41449664797508,-9.635718554399372,0],[-77.41442045937735,-9.635605867223484,0],[-77.41434507862749,-9.63551668950418,0],[-77.41432371888182,-9.635456919939761,0],[-77.4143747180722,-9.635378393443803,0],[-77.41436250649743,-9.63532207334797,0],[-77.41432519359999,-9.635250401946461,0],[-77.4143226215186,-9.635166331100896,0],[-77.4143673153801,-9.63509787116255,0],[-77.41440259128028,-9.635020360980748,0],[-77.41438768006074,-9.634949959798034,0],[-77.414407272783,-9.63486092558689,0]]},"properties":{"Length":1.79919025566,"Nombre_ES":"","Nombre_EN":""}},
{"type":"Feature","geometry":{"type":"LineString","coordinates":[[-77.45307811424308,-9.668264583188513,0],[-77.45310893814906,-9.668163200194403,0],[-77.4531454858896,-9.668090231352934,0],[-77.45318467248798,-9.667997823161611,0],[-77.45325057097311,-9.667883018578307,0],[-77.45325404118756,-9.667791431940952,0],[-77.45324320934489,-9.667687225469326,0],[-77.45323765044868,-9.66756551751355,0],[-77.45323562438955,-9.66747742037103,0],[-77.45322327396319,-9.667416605537886,0],[-77.4531373710503,-9.66735379383683,0],[-77.453033150501,-9.667283801708598,0],[-77.45295134246238,-9.667186406974578,0],[-77.45288398351101,-9.667090713426193,0],[-77.45282288464205,-9.66700654255468,0],[-77.45276973914318,-9.666919260501757,0],[-77.4526386874698,-9.666886785331645,0],[-77.45256161704698,-9.666854941181395,0],[-77.45246138963091,-9.666820859976097,0],[-77.45241131762046,-9.66675047158756,0],[-77.45242937119906,-9.666634153852458,0],[-77.45244139921621,-9.666474577918578,0],[-77.45235697562904,-9.666344811651244,0],[-77.45223153485058,-9.666282283616463,0],[-77.45215837561778,-9.66619989617037,0],[-77.4521012389034,-9.666106640638779,0],[-77.4521394343467,-9.665975947426439,0],[-77.45224132971907,-9.665869090278282,0],[-77.45233291052807,-9.665726997421022,0],[-77.45233787891743,-9.665613705581606,0],[-77.45232667606304,-9.665502813423318,0],[-77.45228641474861,-9.665388078977607,0],[-77.45220633819541,-9.665311713343447,0],[-77.45206281261804,-9.6652661819282,0],[-77.45194699938087,-9.665236410598114,0],[-77.45176794782952,-9.66523541408752,0],[-77.45169030807487,-9.665194945850818,0],[-77.45161667381826,-9.665073390301048,0],[-77.4515702766423,-9.66492087063802,0],[-77.45159123241848,-9.664824727659076,0],[-77.45162129243155,-9.664717601663572,0],[-77.45157793149644,-9.664589202369456,0],[-77.45146036846995,-9.664564063643576,0],[-77.4513480783868,-9.664521146424812,0],[-77.45128785163153,-9.664416112691088,0],[-77.451184652546,-9.664359059272396,0],[-77.45106931749231,-9.664220233303295,0],[-77.4509308525364,-9.664146524250937,0],[-77.45085099145074,-9.66411567255451,0],[-77.45076901389227,-9.664004396667435,0],[-77.45067515064753,-9.663911372401163,0],[-77.45056954854658,-9.663806266915293,0],[-77.4505034360121,-9.663757627028998,0],[-77.450451442573,-9.663644382473095,0],[-77.45037115336726,-9.663634942750187,0],[-77.45030685091965,-9.663593647464849,0],[-77.4502268614797,-9.663489309165659,0],[-77.45019173127247,-9.663413680644501,0],[-77.45002681631587,-9.663385962713239,0],[-77.44995477742172,-9.663342630777684,0],[-77.44988848337647,-9.663220923586477,0],[-77.44981730266448,-9.663215743497865,0],[-77.44971078857505,-9.663185095039367,0],[-77.44961878836016,-9.66310584446946,0],[-77.44955369241735,-9.663015641863092,0],[-77.44945851092413,-9.662926609992237,0],[-77.44937812739988,-9.662864771859576,0],[-77.44923069384325,-9.662809599148849,0],[-77.44914519290538,-9.662767584165307,0],[-77.44902579718236,-9.662700335731461,0],[-77.44894019244025,-9.662650214508304,0],[-77.44884568570625,-9.662606478353101,0],[-77.44876694876189,-9.662601013561902,0],[-77.4486609121494,-9.662649085828825,0],[-77.44857677550317,-9.662633817230876,0],[-77.44852218508915,-9.662616655453228,0],[-77.44848888065593,-9.662532099325222,0],[-77.44848895755528,-9.662529115499208,0],[-77.44846592378828,-9.662396648637609,0],[-77.44846310534456,-9.662262589086499,0],[-77.44843278570173,-9.662155617453072,0],[-77.44840396752497,-9.662087497531973,0],[-77.4483415299308,-9.662044374338516,0],[-77.44827934079868,-9.662010577466424,0],[-77.44822646456971,-9.661925036520483,0],[-77.44818313138009,-9.661852086574333,0],[-77.44818568450626,-9.66171382729317,0],[-77.44810035724906,-9.661586223375503,0],[-77.44809431513451,-9.66157451812277,0],[-77.44798040014055,-9.661482338167685,0],[-77.44792404301307,-9.661356859301527,0],[-77.44787256334489,-9.661252349738467,0],[-77.44782519472768,-9.661084173695325,0],[-77.44771868405213,-9.660908591214753,0],[-77.4476713787941,-9.660773478502616,0],[-77.4475977921269,-9.660697728033263,0],[-77.4474866524894,-9.660627823503093,0],[-77.44741180713424,-9.660495605653342,0],[-77.44733122099403,-9.66037693900998,0],[-77.44731018087141,-9.660256803479953,0],[-77.44726277344196,-9.660104842678189,0],[-77.44713433879629,-9.659933250489821,0],[-77.44703491492695,-9.659870934575567,0],[-77.44692120693985,-9.65986780023391,0],[-77.44679572801161,-9.659776527963542,0],[-77.44667860105933,-9.659679961099458,0],[-77.44657529273096,-9.6594608286842,0],[-77.44645605020418,-9.659323014435348,0],[-77.4462533782564,-9.659196390045006,0],[-77.44611728388524,-9.659159461410384,0],[-77.4459981730121,-9.65913854467977,0],[-77.44594497603492,-9.659098009644964,0],[-77.44589598763353,-9.659009131256944,0],[-77.44568261338925,-9.658880739852147,0],[-77.44552597448971,-9.658769370233163,0],[-77.44538227655335,-9.65878972721388,0],[-77.44527557452788,-9.658821870052117,0],[-77.44520014210788,-9.658790347625049,0],[-77.44511023074394,-9.658647341989415,0],[-77.44504864511131,-9.658498246115442,0],[-77.4449739580451,-9.658375472119243,0],[-77.44485373109704,-9.658354270847846,0],[-77.44473657500599,-9.658402874144846,0],[-77.44463770850898,-9.658441512612761,0],[-77.44450066545369,-9.65843908534071,0],[-77.44427716793145,-9.658384197011184,0],[-77.44412321134658,-9.65836135764588,0],[-77.44398884235817,-9.658458997821281,0],[-77.4438547914645,-9.658359199077218,0],[-77.44367579358102,-9.658245432083508,0],[-77.44345302572188,-9.658255809558318,0],[-77.4433587872615,-9.658163426014713,0],[-77.44315408188795,-9.65811292774362,0],[-77.44298932080277,-9.658047653857011,0],[-77.44285874040295,-9.657968467400321,0],[-77.44271269212012,-9.657926334666797,0],[-77.44254767299971,-9.65794433206714,0],[-77.44236848148007,-9.65796967752743,0],[-77.44219486934472,-9.657986971170255,0],[-77.44196801889309,-9.657948246064523,0],[-77.44184813134653,-9.657888989351314,0],[-77.44174962983838,-9.657884527615586,0],[-77.44163389539561,-9.657906821259878,0],[-77.44150544279766,-9.657863836219374,0],[-77.44134249205185,-9.657781945836465,0],[-77.44123270581073,-9.657704661133534,0],[-77.44119449013986,-9.657625424636645,0],[-77.44109321789169,-9.657583715186359,0],[-77.44100396995798,-9.657570985365332,0],[-77.44090039335079,-9.657590363360054,0],[-77.44071916565596,-9.657661710356017,0],[-77.44059238582896,-9.657702239089247,0],[-77.44048983940152,-9.657707391966975,0],[-77.44036602285611,-9.657709218325824,0],[-77.44027453000508,-9.657662524097459,0],[-77.44014673622507,-9.657549660399468,0],[-77.44006563687346,-9.657508192113143,0],[-77.43994876716724,-9.657557916275032,0],[-77.4395884822439,-9.657636527912816,0],[-77.4393563452887,-9.65765694167149,0],[-77.43910953554968,-9.657685374015491,0],[-77.43890312721193,-9.65769329544652,0],[-77.43866794437808,-9.657668353790804,0],[-77.4384239907218,-9.657737235032013,0],[-77.43830179972014,-9.657901627811006,0],[-77.43817127627402,-9.657933423610134,0],[-77.43799541423111,-9.657888428059335,0],[-77.43783724227414,-9.657948410268256,0],[-77.43764624056053,-9.65805521796405,0],[-77.43738824489907,-9.658086247893468,0],[-77.43717536045772,-9.658089314211963,0],[-77.43704488862264,-9.658173617758242,0],[-77.43689129258765,-9.658241450494376,0],[-77.43673290554877,-9.658252099690431,0],[-77.4365093433187,-9.658365223945946,0],[-77.43628062586981,-9.658456506487148,0],[-77.43608836737802,-9.65857884778772,0],[-77.43597302291123,-9.658678819610891,0],[-77.43568096509713,-9.65868368750523,0],[-77.4353275107907,-9.658660060233382,0],[-77.43521468409648,-9.658673131979562,0],[-77.43501318949356,-9.658783477892944,0],[-77.4348988820451,-9.658782215358215,0],[-77.43470112508756,-9.65873883104317,0],[-77.43459004539993,-9.65869295286046,0],[-77.43447986680849,-9.658585215932606,0],[-77.43433758398226,-9.658548808932522,0],[-77.43403841923198,-9.658600632716919,0],[-77.43387170444142,-9.658535439380156,0],[-77.4338251227415,-9.658466318747495,0],[-77.43372427680737,-9.658469543090423,0],[-77.43361595544386,-9.658505350811803,0],[-77.43351802010095,-9.658475415409114,0],[-77.43335985392132,-9.658382520573305,0],[-77.43325906635225,-9.65836573111126,0],[-77.43308114632372,-9.658278377908074,0],[-77.4330037784416,-9.65818988350375,0],[-77.43291895196397,-9.658076283620892,0],[-77.4328314199507,-9.657906581009891,0],[-77.43276237875305,-9.657804639891912,0],[-77.43269462568816,-9.657724749393685,0],[-77.43268994914573,-9.657542627729773,0],[-77.43266779297879,-9.657419296233789,0],[-77.43264311882183,-9.657330340020804,0],[-77.43254681082306,-9.657302484861479,0],[-77.4324739071539,-9.657303394506817,0],[-77.43234845866053,-9.657194806742849,0],[-77.43214827701641,-9.657027789762761,0],[-77.43202166626257,-9.656966384592518,0],[-77.43193110985368,-9.656934209949274,0],[-77.43177167546845,-9.656982354943562,0],[-77.43167776952778,-9.656979079566051,0],[-77.43157760332093,-9.656969384365418,0],[-77.43154547309629,-9.65695973549261,0],[-77.43149277460478,-9.656866968947657,0],[-77.43145774702086,-9.656736956398657,0],[-77.43134888369225,-9.65662702325573,0],[-77.4312447944708,-9.656567537548062,0],[-77.43103559095675,-9.656595531758672,0],[-77.43098361897475,-9.656614299070496,0],[-77.43091822849968,-9.656573668025318,0],[-77.43079900544116,-9.656605554885946,0],[-77.43071635347492,-9.656568461137399,0],[-77.43062407444364,-9.656562761212367,0],[-77.43055482860231,-9.656587912522381,0],[-77.43049702676593,-9.656525781439642,0],[-77.43045350406008,-9.656411144139536,0],[-77.43032618762798,-9.656285444575147,0],[-77.43022169846517,-9.656249607950256,0],[-77.43009056941679,-9.65627675533843,0],[-77.4300023247735,-9.656255424098184,0],[-77.4298918940658,-9.656245505611846,0],[-77.42976707070248,-9.656231498630127,0],[-77.42966195357275,-9.65625849942879,0],[-77.42955762879642,-9.656281457958622,0],[-77.42951673892257,-9.656177133342782,0],[-77.42942804456489,-9.656038805477445,0],[-77.42939461354959,-9.655909711695006,0],[-77.42936841278257,-9.655821399694847,0],[-77.42928707693966,-9.655692198243072,0],[-77.42921744245137,-9.6555816787262,0],[-77.42913383886781,-9.655533786151446,0],[-77.42903597771769,-9.655533590851922,0],[-77.42895273950208,-9.655566218878988,0],[-77.42888147574946,-9.655529637494476,0],[-77.42883660649589,-9.655435314434051,0],[-77.42879945672271,-9.655301860104304,0],[-77.428728941152,-9.65520503517691,0],[-77.42867286010728,-9.655180401166607,0],[-77.42863322273746,-9.655101480201928,0],[-77.42859656088437,-9.65499722255029,0],[-77.42853242432858,-9.654929553233563,0],[-77.42842796641747,-9.654859799983804,0],[-77.42836005764735,-9.65479037040643,0],[-77.42829626403783,-9.654652209247114,0],[-77.42826445852737,-9.65453618171715,0],[-77.42815685553474,-9.654428841535417,0],[-77.42807610261552,-9.654352245155462,0],[-77.42800690994373,-9.65429625099616,0],[-77.42789387251439,-9.654299217734936,0],[-77.42772551847193,-9.654248764942983,0],[-77.42765282269133,-9.654185484785426,0],[-77.42750823607209,-9.654081851251822,0],[-77.42737397783836,-9.653978767279902,0],[-77.42722336096614,-9.653886602705414,0],[-77.4270901952168,-9.653803594924518,0],[-77.42699327053325,-9.653723590178767,0],[-77.42694324224917,-9.653629618410177,0],[-77.42679356574784,-9.653614729250307,0],[-77.42664989019556,-9.653607882087092,0],[-77.4265776940067,-9.65355031690211,0],[-77.42648713450457,-9.65353521981573,0],[-77.4264160972006,-9.653433902839048,0],[-77.42633215888898,-9.653291600629663,0],[-77.42626755679198,-9.653250970617512,0],[-77.42613924297792,-9.65320695954634,0],[-77.42603633679146,-9.653211477331718,0],[-77.42596201604755,-9.653250183054453,0],[-77.42586971245245,-9.65325771730331,0],[-77.42576938400555,-9.653273304311222,0],[-77.42569665376173,-9.653229981546755,0],[-77.42560795597723,-9.653112591581435,0],[-77.42560180412143,-9.653103581579918,0],[-77.4255150352021,-9.652950224775664,0],[-77.4254295250912,-9.652847520981739,0],[-77.42535564075958,-9.652760252933623,0],[-77.42530057639259,-9.652673703062296,0],[-77.42517778350934,-9.652621011764396,0],[-77.42503156698847,-9.652672382751202,0],[-77.42492041625222,-9.652681680031536,0],[-77.42487044235688,-9.652622777692347,0],[-77.42481190471855,-9.652546359762699,0],[-77.42479787851694,-9.652454327926522,0],[-77.42476107765981,-9.652394966207297,0],[-77.42470458970705,-9.652309453424612,0],[-77.42464003148852,-9.652230293532865,0],[-77.42454071772845,-9.652173721841908,0],[-77.42452992388432,-9.652162476285095,0],[-77.42443258574711,-9.652102452178871,0],[-77.42436557805117,-9.652019802897287,0],[-77.42434569213329,-9.651785024002795,0],[-77.42436780899136,-9.65164992356175,0],[-77.42437510832137,-9.651529399674642,0],[-77.42431619212769,-9.651445812495481,0],[-77.42424988565011,-9.651416891980492,0],[-77.42413136149058,-9.651468535768853,0],[-77.4240220046066,-9.651380338350474,0],[-77.42392556362394,-9.651314456864291,0],[-77.42384825332802,-9.651285284999119,0],[-77.42372974826388,-9.651103828814264,0],[-77.42360183341097,-9.650987272625015,0],[-77.42352015039032,-9.650739988905961,0],[-77.42346193641929,-9.65059700225644,0],[-77.42341087171872,-9.65047220633609,0],[-77.42326230560438,-9.650282712640774,0],[-77.42318258674909,-9.650158491983158,0],[-77.42306827376191,-9.650061095887937,0],[-77.42306069686697,-9.649911274674459,0],[-77.42286891974301,-9.649770286488163,0],[-77.42272007570067,-9.64966584459931,0],[-77.42266154499046,-9.649553759342297,0],[-77.4225722322097,-9.649507435811751,0],[-77.42239343483183,-9.649243220315524,0],[-77.42230892145722,-9.649216764827065,0],[-77.42223059343416,-9.649266309101826,0],[-77.42217643343832,-9.649323795391853,0],[-77.4221344048511,-9.64933158444065,0],[-77.4220473527086,-9.649263245692778,0],[-77.42196152040503,-9.64923730903422,0],[-77.42188759002438,-9.64921528117096,0],[-77.42182589774212,-9.649102568964482,0],[-77.42181867921514,-9.649087575226238,0],[-77.421787880104,-9.648996693271023,0],[-77.42168764963019,-9.64891485546947,0],[-77.42156935481468,-9.648797991384408,0],[-77.42141988058029,-9.648720439494866,0],[-77.42127838188381,-9.648601742147148,0],[-77.42111137791224,-9.648528755197715,0],[-77.42077473361114,-9.648479266092936,0],[-77.42062915068492,-9.648454647179095,0],[-77.42044653975734,-9.64844910665479,0],[-77.42026459071191,-9.648397470759113,0],[-77.42014180320848,-9.648291589566291,0],[-77.41999429205111,-9.648134591952038,0],[-77.41998011461531,-9.648125326648318,0],[-77.41976746057934,-9.64802792586479,0],[-77.41965880942323,-9.647981838629129,0],[-77.41955328803171,-9.64801869340111,0],[-77.41946758540116,-9.647981978937617,0],[-77.41945862435526,-9.647968222354669,0],[-77.41941394341411,-9.647885799706915,0],[-77.41939473469682,-9.64778671232241,0]]},"properties":{"Length":5.19440053596,"Nombre_ES":"Río Puyhuan","Nombre_EN":"Puyhuan river"}},
{"type":"Feature","geometry":{"type":"LineString","coordinates":[[-77.33004182271459,-9.637189882990107,0],[-77.33007614338125,-9.637147813298798,0],[-77.3300862736772,-9.637119544925582,0],[-77.33007749710282,-9.637072324195373,0],[-77.33007824891938,-9.637017881319652,0],[-77.33009341075751,-9.636967984058803,0],[-77.33009384533858,-9.63693704084148,0],[-77.33006291234777,-9.636901375275418,0],[-77.33005326932731,-9.63685404903822,0],[-77.33001673355373,-9.636829692232372,0],[-77.32996186053002,-9.636786017206248,0],[-77.32995522118928,-9.636750286659373,0],[-77.3299685025141,-9.636737189620808,0],[-77.33001006505333,-9.63671411519887,0],[-77.33003329604745,-9.63666515337198,0],[-77.33004654764771,-9.636640683494814,0],[-77.33004654762728,-9.636596698510868,0],[-77.33006822408427,-9.636564716441013,0],[-77.33017009875995,-9.63652228446445,0],[-77.33020623592968,-9.636490649328989,0],[-77.33019677717124,-9.636436653126648,0],[-77.33018599227375,-9.636384031075009,0],[-77.3301899784497,-9.636354925940124,0],[-77.33021110190498,-9.636306775945963,0],[-77.33023873455083,-9.636269887268796,0],[-77.330274437955,-9.636234663307594,0],[-77.3302564350883,-9.636181850814769,0],[-77.3302254580531,-9.63612748950344,0],[-77.33022865123846,-9.636098757879164,0],[-77.33027564700924,-9.636068511531459,0],[-77.3303482624227,-9.635958766485118,0],[-77.33039815684285,-9.635892193711703,0],[-77.33041606917607,-9.63584701972852,0],[-77.33039430242434,-9.635797103751374,0],[-77.3303509291346,-9.635751523186313,0],[-77.33029316655535,-9.635700281557105,0],[-77.33025851259173,-9.635654801671686,0],[-77.33025562304975,-9.63561935656894,0],[-77.33026855048647,-9.635552979122487,0],[-77.3302799986403,-9.63550377025002,0],[-77.33031434332943,-9.635473026699554,0],[-77.33036002757147,-9.635446613740635,0],[-77.33041692848856,-9.635404927155415,0],[-77.33045078206491,-9.635363445952299,0],[-77.33051305034563,-9.635342997694336,0],[-77.33054779974081,-9.635295700740508,0],[-77.33057311166513,-9.6352777891395,0],[-77.33057675031732,-9.635279581877912,0],[-77.33063783720495,-9.63521709404923,0],[-77.33065553524229,-9.635177955755243,0],[-77.33065130245761,-9.63510873913268,0],[-77.33062194760868,-9.635041460277852,0],[-77.33061619379197,-9.634974286964708,0],[-77.33063403104492,-9.634908806564919,0],[-77.33063403111612,-9.634905254824092,0],[-77.33067720892423,-9.634837851245651,0],[-77.33067720892866,-9.634836075605161,0],[-77.33073840436293,-9.634811267312376,0],[-77.33076334333428,-9.634631593032541,0],[-77.33077458186857,-9.634536392321671,0],[-77.33078132525979,-9.634481039992057,0],[-77.33075884783442,-9.634416829047645,0],[-77.33074614734622,-9.634350459380112,0],[-77.33074931394339,-9.634302640372098,0],[-77.330758865801,-9.63426878596792,0],[-77.33078176485367,-9.63424015270449,0],[-77.33081466398376,-9.634200872337722,0],[-77.33089831800733,-9.634157741707025,0],[-77.33094278463105,-9.634116022685749,0],[-77.33099751059642,-9.634033455102156,0],[-77.33099965808759,-9.63400672602181,0],[-77.33099799722463,-9.633960744282541,0],[-77.33095835246827,-9.633888109245298,0],[-77.33091639278358,-9.633829075360753,0],[-77.33088680043707,-9.633744820031616,0],[-77.3308704482462,-9.633632595180277,0],[-77.3308664711493,-9.633562976821565,0],[-77.33084144376843,-9.633504678883272,0],[-77.3308131279367,-9.633484723826408,0],[-77.33082303283398,-9.63342882525585,0],[-77.33085634856933,-9.633391294273395,0],[-77.3309067868226,-9.633353974317153,0],[-77.33100167043973,-9.633336250680507,0],[-77.33113689276584,-9.633300850455772,0],[-77.33124783681569,-9.633278644586905,0],[-77.33129929353694,-9.63323962733333,0],[-77.33132309631377,-9.633167219688193,0],[-77.33137594018781,-9.633116462037417,0],[-77.33141211314397,-9.633106305598224,0],[-77.3314584491396,-9.633039119887586,0],[-77.33148642087475,-9.63299015071631,0],[-77.33151809639942,-9.632928371714181,0],[-77.33153956879256,-9.6328853908437,0],[-77.33159631190453,-9.632837270387444,0],[-77.33162307492638,-9.632777093064753,0],[-77.33162903562481,-9.632702191895705,0],[-77.33163979685546,-9.632654625222875,0],[-77.33165822476893,-9.632605495827748,0],[-77.33173791195789,-9.632572439328559,0],[-77.33178320734065,-9.63253855262608,0],[-77.33179011691574,-9.632483221400069,0],[-77.33180944226348,-9.632409600704296,0],[-77.33184744922393,-9.632319852490527,0],[-77.33185934955588,-9.632298094709588,0],[-77.33185094927447,-9.632228537621254,0],[-77.33185089208527,-9.632225175113426,0],[-77.33189391920128,-9.632136608245746,0],[-77.33191236574551,-9.63205883229543,0],[-77.33202931413719,-9.631943954945324,0],[-77.33205668680034,-9.631870765535286,0],[-77.33206649170312,-9.631771652918468,0],[-77.33208604512332,-9.631729463571894,0],[-77.332082806881,-9.631642757863336,0],[-77.3320803383088,-9.631601798482107,0],[-77.33203464741577,-9.63156197421267,0],[-77.33199068164735,-9.63151511753024,0],[-77.3319594903162,-9.631442575122467,0],[-77.33193038700418,-9.631373997336508,0],[-77.33194131032762,-9.631265308114125,0],[-77.33198489266123,-9.631161943669824,0],[-77.33198487056546,-9.631159923980176,0],[-77.33202344638029,-9.631089495391185,0],[-77.33203818741217,-9.63102447810834,0],[-77.33215960533482,-9.630979053342124,0],[-77.3321778984174,-9.630889763637764,0],[-77.33214696298332,-9.630755303177502,0],[-77.33211595383422,-9.630686733209028,0],[-77.33205462363885,-9.630700244583716,0],[-77.33203533179638,-9.630666853913219,0],[-77.33202265581386,-9.630552091311248,0],[-77.33200157427171,-9.630505039464516,0],[-77.33204724533874,-9.63046382500704,0],[-77.33208766687198,-9.630414685492363,0],[-77.33205179743874,-9.630349164226581,0],[-77.33206663554668,-9.630267447632956,0],[-77.3320180350698,-9.630195202029032,0],[-77.33196545489191,-9.630173387913858,0],[-77.33191428998234,-9.63014357468749,0],[-77.33190908730658,-9.630069101660105,0],[-77.33195636996028,-9.63002769532001,0],[-77.33202682350336,-9.629958540850563,0],[-77.33203994454908,-9.629935564411477,0],[-77.33204140712796,-9.629906096631442,0],[-77.33203610119,-9.629853902783845,0],[-77.33203412364712,-9.629816659281643,0],[-77.33204032936833,-9.62975694423829,0],[-77.33201523527269,-9.629679793470888,0],[-77.33201495376761,-9.629627179649063,0],[-77.33205775613727,-9.629580928218289,0],[-77.33201761922722,-9.629537095455504,0],[-77.33202574371612,-9.629478776721314,0],[-77.33203830458014,-9.629429586746896,0],[-77.3320852695444,-9.62937230370495,0],[-77.33212666456701,-9.629353058516523,0],[-77.33210947670833,-9.629317376922891,0],[-77.33204642439158,-9.629266982591638,0],[-77.33199797461975,-9.62918951797114,0],[-77.33192857288849,-9.62914875304509,0],[-77.33186947102836,-9.629116529577939,0],[-77.33183534796267,-9.629092968707113,0],[-77.33181917140539,-9.62905114445401,0],[-77.33183055900152,-9.629023835637444,0],[-77.33185944286832,-9.629030954256889,0],[-77.33187787140484,-9.62900089037823,0],[-77.331887410829,-9.628948309593534,0],[-77.33191847287289,-9.628908786882185,0],[-77.33192509326815,-9.628865279068982,0],[-77.33191743822313,-9.628823440573946,0],[-77.33188718663202,-9.62879718981081,0],[-77.33187247944407,-9.62876017909125,0],[-77.33185230629348,-9.628726168395298,0],[-77.33183232432197,-9.628696443796239,0],[-77.33182077221443,-9.628657595473594,0],[-77.33180942056899,-9.628632317891409,0],[-77.33184627099665,-9.62857053062722,0],[-77.33189138291651,-9.62853919434084,0],[-77.3319634965884,-9.628478282472633,0],[-77.3319983085741,-9.628420651775548,0],[-77.33202365552806,-9.628339615546496,0],[-77.33204483524182,-9.628294666486319,0],[-77.33209025745788,-9.628260310070088,0],[-77.33211914190711,-9.62830022433223,0],[-77.33213905361883,-9.628316176427468,0],[-77.33217030632098,-9.628295073485441,0],[-77.33220769532365,-9.628264906594744,0],[-77.33222991738738,-9.628230212865358,0],[-77.33224754643084,-9.628184946682588,0],[-77.33228759767452,-9.628190001822063,0],[-77.332334203686,-9.628189768098048,0],[-77.33238236040528,-9.62814967129326,0],[-77.33246558858953,-9.628108343701355,0],[-77.33259949348341,-9.628061691646616,0],[-77.33275803540248,-9.628021114574928,0],[-77.33279909674766,-9.62802608988025,0],[-77.3328024500765,-9.628039316696912,0],[-77.33285135592466,-9.628047870563037,0],[-77.33287302545172,-9.628073045621022,0],[-77.33288800706278,-9.628125493265959,0],[-77.33292427297614,-9.628132955226427,0],[-77.33296647600862,-9.628126042952855,0],[-77.33300783792055,-9.628098591469776,0],[-77.33305199709338,-9.628112643015703,0],[-77.3331260966951,-9.628122633048761,0],[-77.3331669247393,-9.628151834512607,0],[-77.33320095398672,-9.62816201346912,0],[-77.33322302861558,-9.62812240599458,0],[-77.33324111450719,-9.628065093108802,0],[-77.33329567868527,-9.628007174846013,0],[-77.33335842349668,-9.627949341307767,0],[-77.33341819127648,-9.627919141923863,0],[-77.33354908842536,-9.627910063894928,0],[-77.33361173560681,-9.627912366412907,0],[-77.33365893538748,-9.6279154836972,0],[-77.33369318299067,-9.627860496584573,0],[-77.33372564796987,-9.6278193648879,0],[-77.33382422863656,-9.627626017121052,0],[-77.33389762632918,-9.62760111956596,0],[-77.33396700690867,-9.627562468865303,0],[-77.33396104758228,-9.62748649100567,0],[-77.33397454285773,-9.62740787556586,0],[-77.33398649811235,-9.627341553565381,0],[-77.33402076231621,-9.627287198415756,0],[-77.33407903394338,-9.627255366280341,0],[-77.33411703779763,-9.627208542914916,0],[-77.33419549041632,-9.627168570645699,0],[-77.33425552667987,-9.627186633209908,0],[-77.33432174674694,-9.627197843130062,0],[-77.33437927234738,-9.627169066325013,0],[-77.33442878877186,-9.627110316832049,0],[-77.33445679080414,-9.627018943418665,0],[-77.33447960874234,-9.626948147902924,0],[-77.33447904254841,-9.626881241804925,0],[-77.33454025326333,-9.626864030913637,0],[-77.33455460530679,-9.626819412233743,0],[-77.3345250357092,-9.626769120909076,0],[-77.33452504463891,-9.62673559828979,0],[-77.33453236603478,-9.626711563386358,0],[-77.33458341005618,-9.62664649529998,0],[-77.33456400977575,-9.626618022969943,0],[-77.33456338997736,-9.626591522288635,0],[-77.33459700966509,-9.626544129772345,0],[-77.33462791163693,-9.626514862785923,0],[-77.33465883361914,-9.62650335749441,0],[-77.33467978265304,-9.626473662567308,0],[-77.33470954445302,-9.626454500109315,0],[-77.33474610642253,-9.626461155518694,0],[-77.3347717856005,-9.626434323911816,0],[-77.33478891499841,-9.626396871775027,0],[-77.33480725342768,-9.626339584491843,0],[-77.33484626214367,-9.626334981763478,0],[-77.33491770544549,-9.626320502738155,0],[-77.3349376911894,-9.626294298307952,0],[-77.33495613185005,-9.626224218571616,0],[-77.33497275289179,-9.626130528507149,0],[-77.3349750074069,-9.626065854921785,0],[-77.33498622447487,-9.625933773123394,0],[-77.33503353737756,-9.625822924096251,0],[-77.33507536292538,-9.625732218261795,0],[-77.33511421489574,-9.625658842497408,0],[-77.3351322501082,-9.625555940034156,0],[-77.33517246833416,-9.625444440804976,0],[-77.33518766693035,-9.625326248891122,0],[-77.33522455103035,-9.625231787456116,0],[-77.33526227129792,-9.625173664820919,0],[-77.33530580781691,-9.6251372860597,0],[-77.33536778186688,-9.625044417870257,0],[-77.33541089649978,-9.62502491334975,0],[-77.33545300555527,-9.624981625676769,0],[-77.33548065806542,-9.624938177229712,0],[-77.33550943659466,-9.62489064189151,0],[-77.33552237960058,-9.624841401862337,0],[-77.33552047206788,-9.624784526710853,0],[-77.33553364565282,-9.624766711170679,0],[-77.33555959135073,-9.624744912191499,0],[-77.33556857478789,-9.624720853008643,0],[-77.33556595568359,-9.624680597247801,0],[-77.33555562409101,-9.624654963658537,0],[-77.33554002510564,-9.624625416674498,0],[-77.33553871561779,-9.624620208156012,0],[-77.33552031943121,-9.624579863617496,0],[-77.33549637023471,-9.624541751631812,0],[-77.33548563170191,-9.624508597812191,0],[-77.33549233606269,-9.624476865944953,0],[-77.33552020971811,-9.62444184758067,0],[-77.33555012931188,-9.624423242174139,0],[-77.33557823965232,-9.624411324340654,0],[-77.3356046394369,-9.624394418118595,0],[-77.33562937901794,-9.624373928389144,0],[-77.33562555742749,-9.624320653661425,0],[-77.33562554632938,-9.624316867280335,0],[-77.33561930311775,-9.62428612376963,0],[-77.33561929954375,-9.624284860868366,0],[-77.33561179860361,-9.624252662392564,0],[-77.33560931021852,-9.62424865077932,0],[-77.33560300309524,-9.624210107063183,0],[-77.33562020715262,-9.624170347766544,0],[-77.33564212719887,-9.624144073680284,0],[-77.33566474853207,-9.624082422850298,0],[-77.33567325662311,-9.624048653065838,0],[-77.33568031698792,-9.624024810136868,0],[-77.33570274910124,-9.623994010853455,0],[-77.33574682437093,-9.623974536360457,0],[-77.33578857731216,-9.623936535195996,0],[-77.33580581117764,-9.623900271027441,0],[-77.33580719431048,-9.623849013285936,0],[-77.33579005563209,-9.62380633601165,0],[-77.33578872751012,-9.623804915257864,0],[-77.33575653873062,-9.623763615861504,0],[-77.3357551826295,-9.623763536555462,0],[-77.33572837042713,-9.623729968837521,0],[-77.33573935009268,-9.623690178240917,0],[-77.33575850909438,-9.623660312636888,0],[-77.33579712692031,-9.623637839324019,0],[-77.33584238648876,-9.623632529744196,0],[-77.33588374712731,-9.623610611063144,0],[-77.3359092751581,-9.623567026434944,0],[-77.3359069232838,-9.623528325174737,0],[-77.33588307703249,-9.623488464745959,0],[-77.33585147954709,-9.623455067703043,0],[-77.33583416742438,-9.62342721619578,0],[-77.3358353912087,-9.623391027908221,0],[-77.33586002665699,-9.62335096037878,0],[-77.335921116356,-9.6233358403816,0],[-77.33593890938941,-9.623310176391042,0],[-77.33594863948088,-9.623277897376639,0],[-77.33592319524573,-9.623227450651909,0],[-77.33587067847552,-9.623187981112551,0],[-77.33582721908391,-9.623150814443175,0],[-77.33581747446286,-9.623095685660555,0],[-77.33582580485906,-9.623014890315485,0],[-77.33582595908435,-9.622981364718918,0],[-77.33582609530914,-9.622950682975528,0],[-77.33581608120765,-9.622917432354233,0],[-77.33581047193368,-9.622873279984136,0],[-77.33581169415812,-9.622832947196544,0],[-77.33581640105925,-9.622803831918601,0],[-77.3358362875755,-9.622770223184215,0],[-77.335859666986,-9.622739080852314,0],[-77.33588090535739,-9.622695893830713,0],[-77.33587476624879,-9.622639411670043,0],[-77.33587433863167,-9.622600757317032,0],[-77.33588158729528,-9.622568540264304,0],[-77.33588880892538,-9.622540540243154,0],[-77.33591431640124,-9.622521433640467,0],[-77.33593049484946,-9.622475315609675,0],[-77.33591340937372,-9.622419245974182,0],[-77.33588583275439,-9.622381929871239,0],[-77.33587447130205,-9.622351687134795,0],[-77.33587348114388,-9.6222986606089,0],[-77.33588389643272,-9.622248230705921,0],[-77.33589634380861,-9.622181563868793,0],[-77.33588293331057,-9.622133844534494,0],[-77.33585371901148,-9.622095780667223,0],[-77.33584155394037,-9.622047965982587,0],[-77.33583205598151,-9.622005370084096,0],[-77.3358320951489,-9.621955441612553,0],[-77.33582790204393,-9.621897156448378,0],[-77.33584156051376,-9.621838865289735,0],[-77.33585108070616,-9.621797403053616,0],[-77.33587542349079,-9.621770082822533,0],[-77.33591553162425,-9.621741926375204,0],[-77.33596567061103,-9.621688608888542,0],[-77.33596840576647,-9.621647971421957,0],[-77.33596058656717,-9.621602906656621,0],[-77.33591020078234,-9.621561295737257,0],[-77.33589676040994,-9.621507308704816,0],[-77.3359047178591,-9.621438085752395,0],[-77.33591140153372,-9.62134468333236,0],[-77.33591145360772,-9.621289737094006,0],[-77.33591009791652,-9.621242022432435,0],[-77.3359561189102,-9.621162382131933,0],[-77.33599027965585,-9.621115054757569,0],[-77.33599332332308,-9.621050402311553,0],[-77.33594227302463,-9.620992988728625,0],[-77.33588604391421,-9.620924253300602,0],[-77.33587736137135,-9.62087258693513,0],[-77.33586882404096,-9.620812780778577,0],[-77.33588646975971,-9.620784213133396,0],[-77.33593612415353,-9.62076528304949,0],[-77.33597985470921,-9.620743910663212,0],[-77.3360049225102,-9.620707951090072,0],[-77.33599611277707,-9.620631453315118,0],[-77.33599897335112,-9.620579122924612,0],[-77.33600834938126,-9.620527008873742,0],[-77.33597160857508,-9.620474352922189,0],[-77.33593566019272,-9.620461958893637,0],[-77.33592503307545,-9.62041923787029,0],[-77.33593681570112,-9.620384304091061,0],[-77.33599830494397,-9.620342363139855,0],[-77.33604737923322,-9.620295988715716,0],[-77.33605428800205,-9.620238363407887,0],[-77.33605443725449,-9.62018240484981,0],[-77.33606463379564,-9.620134945551312,0],[-77.33608325374152,-9.620080835830747,0],[-77.33609516265972,-9.620030105801758,0],[-77.33608035006999,-9.619968568785428,0],[-77.33605359027176,-9.619926885434705,0],[-77.33601798739124,-9.619895158773295,0],[-77.3359782218878,-9.619843669924894,0],[-77.33598446994081,-9.619789048992414,0],[-77.33603065817012,-9.619766966479249,0],[-77.33607492368596,-9.619767293479084,0],[-77.3361491654564,-9.619743791261678,0],[-77.33616628243118,-9.619702571709801,0],[-77.33615603653567,-9.619644443604901,0],[-77.33615376530487,-9.619584958576397,0],[-77.33614994460012,-9.619529102208585,0],[-77.33614936455197,-9.619478377853268,0],[-77.33615657491322,-9.619421778238005,0],[-77.3362068124931,-9.619363337332603,0],[-77.33619992939545,-9.619300002994589,0],[-77.33616684545179,-9.619242570979322,0],[-77.33612926568127,-9.61916447366031,0],[-77.33609480398566,-9.619064094156682,0],[-77.3360649670893,-9.619008480310772,0],[-77.33606831036366,-9.618906458779474,0],[-77.33608158710308,-9.618850698343573,0],[-77.33606770924119,-9.618776201698127,0],[-77.33603677551528,-9.618699812878281,0],[-77.3359852418587,-9.618654199794651,0],[-77.33592810689487,-9.61863612277484,0],[-77.33588088281503,-9.618612717116525,0],[-77.33587023960136,-9.618561544645374,0],[-77.33587882765787,-9.618493291059218,0],[-77.3359047571804,-9.61841018029044,0],[-77.33590456467304,-9.618350957752194,0],[-77.33585703219663,-9.618275427536904,0],[-77.33582815494402,-9.618218532484683,0],[-77.33580224209872,-9.618184223509338,0],[-77.33581885796319,-9.618142591437001,0],[-77.33588500566495,-9.618126133864312,0],[-77.33594998607217,-9.618083206635228,0],[-77.33596892365298,-9.618022741429987,0],[-77.33595770677226,-9.617968995887107,0],[-77.33593906586422,-9.61789675993793,0],[-77.33589831301555,-9.617843520076892,0],[-77.33583879575966,-9.617829736188543,0],[-77.33580126369326,-9.617809767665737,0],[-77.33578808744906,-9.61777423201827,0],[-77.33581077630114,-9.617713794387912,0],[-77.33582401523469,-9.61764418226772,0],[-77.33583160216902,-9.617578403206236,0],[-77.33582794650998,-9.617491822407562,0],[-77.33584305265516,-9.617418645478129,0],[-77.33581693024873,-9.617371886814693,0],[-77.33580833140559,-9.617328922200612,0],[-77.33580318068925,-9.617289200210662,0],[-77.33580844339915,-9.617247329188896,0],[-77.33582064591049,-9.617196594227893,0],[-77.33582934232409,-9.617165117885,0],[-77.33581544328607,-9.617114911149185,0],[-77.3358014562963,-9.617057574769634,0],[-77.33581170070256,-9.616982532425618,0],[-77.33583404362051,-9.616940733781902,0],[-77.33586311474862,-9.616899182788668,0],[-77.33589548243935,-9.616883748190597,0],[-77.3359055319807,-9.616845976217705,0],[-77.33591719221039,-9.616801493620036,0],[-77.33591872676125,-9.616755275281749,0],[-77.33590006607925,-9.616734381204967,0],[-77.33589816552427,-9.616667533825721,0],[-77.33591487320507,-9.616609916886462,0],[-77.33591638401793,-9.616557109340443,0],[-77.33593132309397,-9.616513521787478,0],[-77.33595898923802,-9.616452831685505,0],[-77.33597096934771,-9.616419368874935,0],[-77.33594791928112,-9.616405804559346,0],[-77.3359337339473,-9.616382611714286,0],[-77.33591441807847,-9.61632996690843,0],[-77.33588013690556,-9.616285454789926,0],[-77.33583992839526,-9.61625484712285,0],[-77.33581350293721,-9.616228729566963,0],[-77.33581456828459,-9.616181240797385,0],[-77.33581610063304,-9.616181248100352,0],[-77.33584307369348,-9.61614203996382,0],[-77.33587140797121,-9.616119846753616,0],[-77.33589305709089,-9.616075612365925,0],[-77.33592955090407,-9.61605428429111,0],[-77.3359388891497,-9.616013735474205,0],[-77.33593800033944,-9.615974742082473,0],[-77.33592264414047,-9.615936957103521,0],[-77.33590435593274,-9.615894933230036,0],[-77.33585251555188,-9.615867548299878,0],[-77.33584072815441,-9.615807528845709,0],[-77.3358507067007,-9.615780198544265,0],[-77.33586096881496,-9.6157324832867,0],[-77.33584690069942,-9.615696303719487,0],[-77.33583159424546,-9.61565883929441,0],[-77.33583033170393,-9.615630508493108,0],[-77.33583719788746,-9.615589154815694,0],[-77.33585220255736,-9.615558488743313,0],[-77.33586588661807,-9.61552099082282,0],[-77.33585535318062,-9.615475387263224,0],[-77.33577929010323,-9.61545004081953,0],[-77.33575074257158,-9.615426075014916,0],[-77.33572675226348,-9.615381978775574,0],[-77.335709891536,-9.61533087428538,0],[-77.33570504829267,-9.61528837651312,0],[-77.33569300896828,-9.61520072690301,0],[-77.33568826840232,-9.615116938924459,0],[-77.33566574058213,-9.615067593695619,0],[-77.3355903225293,-9.6150085186387,0],[-77.33554460277105,-9.614959761375237,0],[-77.33551086751741,-9.614912421121199,0],[-77.33548942785393,-9.614874905891918,0],[-77.33549561275792,-9.614778700890401,0],[-77.33551247204967,-9.614699213538229,0],[-77.33552114639888,-9.614653332418495,0],[-77.33555890428791,-9.614620885969062,0],[-77.33558197265509,-9.61459751941592,0],[-77.33560203991262,-9.614570011903709,0],[-77.33562910614096,-9.614529739338352,0],[-77.33563329499157,-9.614486962332474,0],[-77.33563457761525,-9.614418675064258,0],[-77.33567833129977,-9.614384931024052,0],[-77.33572450101835,-9.614364195876927,0],[-77.33576311817593,-9.614321245818006,0],[-77.33576980201639,-9.614285082305287,0],[-77.33575985187048,-9.614244527330424,0],[-77.33572900115439,-9.614189564621338,0],[-77.33573016049164,-9.614149273226909,0],[-77.33573821556561,-9.614103748773548,0],[-77.33576532300529,-9.614031611644526,0],[-77.33581878208253,-9.613940562455051,0],[-77.33583032277392,-9.613889211903565,0],[-77.33579664617939,-9.613824314298208,0],[-77.3358239440925,-9.613783030310787,0],[-77.33584721915905,-9.613743884214895,0],[-77.33583692146013,-9.613657828310364,0],[-77.33581482568681,-9.613558227317604,0],[-77.3358261322478,-9.613500215599982,0],[-77.33586251864429,-9.613437258630862,0],[-77.33591962726331,-9.613367758572274,0],[-77.33597187185858,-9.613253313387307,0],[-77.33596909535713,-9.613153339878595,0],[-77.33593940960282,-9.613105969035429,0],[-77.33592124397998,-9.613042511353068,0],[-77.33591735309813,-9.612957716370815,0],[-77.33589623783534,-9.612896161055966,0],[-77.33585764861058,-9.612841349573898,0],[-77.33582187814322,-9.612773411669568,0],[-77.33582837272499,-9.61272655434028,0],[-77.33583520908388,-9.612694931570136,0],[-77.33577247738627,-9.61263254516857,0],[-77.33568568398694,-9.612573169271085,0],[-77.33564699651748,-9.61251937326343,0],[-77.33563647193589,-9.612471030933246,0],[-77.3356078894779,-9.612394954052172,0],[-77.33558721760369,-9.61234199578861,0],[-77.33560318363807,-9.612305449787844,0],[-77.33564902893667,-9.612245074151119,0],[-77.3356624507222,-9.612172851615675,0],[-77.33565363088539,-9.612098830031705,0],[-77.33559518048925,-9.612035545847364,0],[-77.3355525566185,-9.611962262864239,0],[-77.33553202425551,-9.611879527858699,0],[-77.33550112761098,-9.611775128273596,0],[-77.33550506264315,-9.611729370042259,0],[-77.33549593814357,-9.611657976332053,0],[-77.3355015852711,-9.611592025604102,0],[-77.33546511355904,-9.611530589175695,0],[-77.33545340602494,-9.611487004544184,0],[-77.33550100658816,-9.61142639190987,0],[-77.33550897602566,-9.611376737461004,0],[-77.3355079874595,-9.611318707440365,0],[-77.33550077085656,-9.61127804650935,0],[-77.33546337249228,-9.611254774755727,0],[-77.33544856857338,-9.611235775391131,0],[-77.33545639455669,-9.611194411816133,0],[-77.3354403362167,-9.611166204305258,0],[-77.33542925489282,-9.611146300254298,0],[-77.33541316485541,-9.611105518836766,0],[-77.33536855364208,-9.611063847771092,0],[-77.33531711391034,-9.611023599340058,0],[-77.33528730995981,-9.610975656265303,0],[-77.33528790843386,-9.610832460611903,0],[-77.33528665750922,-9.610779886049414,0],[-77.33524145092107,-9.610708126994446,0],[-77.3351895916007,-9.610615502389768,0],[-77.33512201575229,-9.610534536656209,0],[-77.33509097882614,-9.610443525624984,0],[-77.33506888963656,-9.610372107010996,0],[-77.33499402362733,-9.610325558765638,0],[-77.33492329908923,-9.610230925446869,0],[-77.33489119613485,-9.610112065298626,0],[-77.33490605713874,-9.610044328764308,0],[-77.33486781681786,-9.609979941678713,0],[-77.33482112692325,-9.60991316815587,0],[-77.33474866776287,-9.609763163901702,0],[-77.33471400373014,-9.609701774625586,0],[-77.33468049916367,-9.60964061698314,0],[-77.33472909307862,-9.609527576849736,0],[-77.33468481888113,-9.609423269246397,0],[-77.33462657564225,-9.609259799227344,0],[-77.33463546046099,-9.609186445105056,0],[-77.33460309488024,-9.609135276671251,0],[-77.33455337550562,-9.609109806807819,0],[-77.33454312828779,-9.609072630644242,0],[-77.33457400408875,-9.609012275116424,0],[-77.33456538365763,-9.608958146095313,0],[-77.33451603472862,-9.608915746740982,0],[-77.33446043977963,-9.608822447037273,0],[-77.33439709108072,-9.608756192094097,0],[-77.33432424523177,-9.608693288943062,0],[-77.33426406319761,-9.608662444484384,0],[-77.33424098131324,-9.60862874182183,0],[-77.33424720613979,-9.608592248947364,0],[-77.33423982676639,-9.608548027351446,0],[-77.33422287387447,-9.608488831168957,0],[-77.3341840749032,-9.608452343700094,0],[-77.33414225689056,-9.608423950096213,0],[-77.3340961886197,-9.6083486458069,0],[-77.3340531568906,-9.60827671887135,0],[-77.33404194003741,-9.608210532887664,0],[-77.33403867671328,-9.608157466434609,0],[-77.33398298245136,-9.60804827890843,0],[-77.33395686721867,-9.608001932853812,0],[-77.33392857633967,-9.60796812992946,0],[-77.33392604163116,-9.607968147722127,0],[-77.33391059191254,-9.60793449782425,0],[-77.33388756247285,-9.607867544818177,0],[-77.3338797772435,-9.607779020952668,0],[-77.33385228349461,-9.607724759029745,0],[-77.33380524210773,-9.60766414394686,0],[-77.33377324927851,-9.607629066163666,0],[-77.33372918822371,-9.607570558807142,0],[-77.33370856782226,-9.607520119132234,0],[-77.33370894582012,-9.60746343096047,0],[-77.33369836766933,-9.607401371765814,0],[-77.33368813755251,-9.607345235727424,0],[-77.33362282409374,-9.607285826034392,0],[-77.33360213283646,-9.60719189368145,0],[-77.33353824348438,-9.607107956180396,0],[-77.333495912935,-9.607010424648594,0],[-77.33345666389786,-9.606925809862242,0],[-77.3333772002443,-9.606852015093438,0],[-77.33330622671325,-9.606754688790124,0],[-77.33323907555051,-9.606672773377655,0],[-77.33317753824804,-9.606620811346485,0],[-77.33313734435964,-9.60655836582676,0],[-77.33316372091983,-9.6064279796796,0],[-77.33314459300412,-9.606337866082885,0],[-77.33311430184654,-9.606215155463781,0],[-77.33312439014784,-9.606133103576363,0],[-77.33309135560323,-9.606032211620212,0],[-77.33302551596664,-9.605941472170327,0],[-77.33295814060386,-9.605877688921808,0],[-77.33294468167351,-9.605805976483088,0],[-77.33296016708431,-9.605728425068147,0],[-77.3329380126157,-9.605617495295139,0],[-77.3329511248287,-9.605539008051554,0],[-77.33290530674054,-9.6054837227104,0],[-77.33291202645363,-9.605397519433971,0],[-77.3329000225273,-9.605294584619228,0],[-77.33285786564204,-9.605241475855644,0],[-77.33281822441657,-9.605207038243815,0],[-77.33279860547852,-9.605104847392008,0],[-77.33274017278984,-9.60500394451973,0],[-77.33267746950146,-9.604940401417375,0],[-77.33260179103739,-9.604909129458216,0],[-77.3325655353809,-9.604869052273068,0],[-77.33254136278708,-9.604776376572302,0],[-77.33253115379898,-9.604689831222652,0],[-77.33247893392695,-9.60461812313857,0],[-77.33239615829703,-9.604574922766174,0],[-77.33233158534445,-9.604518649750654,0],[-77.33228934990525,-9.604469140453881,0],[-77.3322327313614,-9.604460853058747,0],[-77.33221833087494,-9.604425395137964,0],[-77.33220850835784,-9.604390621151305,0],[-77.3322186741557,-9.604338423025771,0],[-77.33217252080101,-9.604269988619485,0],[-77.33213081810868,-9.60419176187869,0],[-77.33205641838482,-9.604140612917938,0],[-77.33199310219132,-9.604118265879725,0],[-77.33193888185883,-9.604045974828678,0],[-77.33190915217106,-9.603996281205603,0],[-77.33189805204702,-9.6039173013182,0],[-77.33188546658329,-9.60385743975253,0],[-77.33192300693777,-9.603790836379037,0],[-77.33193158790611,-9.603748992052468,0],[-77.33188065029171,-9.603683712504424,0],[-77.33185729912312,-9.60364738578648,0],[-77.33186218648761,-9.603556098330245,0],[-77.3318375426116,-9.603470342951885,0],[-77.33178105832366,-9.603404578193768,0],[-77.33173339619063,-9.60332644453653,0],[-77.3316812375816,-9.603268523428948,0],[-77.33166117494521,-9.603180182949213,0],[-77.33163848291038,-9.603087837894392,0],[-77.33161912081547,-9.602986014853242,0],[-77.331562446826,-9.60291310092575,0],[-77.33155278739895,-9.602909568877505,0],[-77.33155282460037,-9.602908090422838,0],[-77.33148555569343,-9.602856524336158,0],[-77.33143746649463,-9.602787811027698,0],[-77.33138585572924,-9.602751750960214,0],[-77.33132354178201,-9.602704620415688,0],[-77.33126419161223,-9.602682524220958,0],[-77.33121976673125,-9.602682788993063,0],[-77.33117529807396,-9.602663108239671,0],[-77.33114356507078,-9.602601455619299,0],[-77.33109218495485,-9.602574668387506,0],[-77.3310431343138,-9.602562597572728,0],[-77.33101194278785,-9.602514103606255,0],[-77.33098102955725,-9.602463548752425,0],[-77.33090579884538,-9.60241559330347,0],[-77.33084421127757,-9.602401051262344,0],[-77.33076819203794,-9.602357672380082,0],[-77.33071175650734,-9.602321489163225,0],[-77.33065100828628,-9.60225370990303,0],[-77.33051306210317,-9.60223699760137,0],[-77.33047757136818,-9.602230662030479,0],[-77.33043126539815,-9.602178731943626,0],[-77.33039087087957,-9.60217044875704,0],[-77.33035046242823,-9.602114995611066,0],[-77.33032736576193,-9.602070292241942,0],[-77.33028123945455,-9.602007849670661,0],[-77.33020399826118,-9.601949584691951,0],[-77.3300764621479,-9.601870720120809,0],[-77.32998066501345,-9.601784857794271,0],[-77.32993654710263,-9.601765520139443,0],[-77.32985422593458,-9.601647844512522,0],[-77.32974580123388,-9.601636837203586,0],[-77.3296646456286,-9.60161437392656,0],[-77.32959086338703,-9.601598720292634,0],[-77.32947904045056,-9.601459872501334,0],[-77.3294046064023,-9.601367812030116,0],[-77.32931039335449,-9.601301432527256,0],[-77.32927070008157,-9.601239358802571,0],[-77.32916655030272,-9.601195980125688,0],[-77.32904519565159,-9.60115821164108,0],[-77.32892652900627,-9.601084822091252,0],[-77.32877680569669,-9.600958541431769,0],[-77.32872643269663,-9.6008870687891,0],[-77.32864889814853,-9.600769602533186,0],[-77.32850600376452,-9.600589809111597,0],[-77.32835932151865,-9.600435901098724,0],[-77.32830964468592,-9.600352190305758,0],[-77.32821489967193,-9.600170004054883,0],[-77.32820597087067,-9.600093363686693,0],[-77.3282028868972,-9.599967270837267,0],[-77.32819115837046,-9.599890401708238,0],[-77.32814011882225,-9.599850442092187,0],[-77.32810502680384,-9.599784845664406,0],[-77.32811175577682,-9.59970696879141,0],[-77.3280254944686,-9.59967341035036,0],[-77.32792694569231,-9.599619737859719,0],[-77.32784273282849,-9.599536808177778,0],[-77.32781528028423,-9.599457356088806,0],[-77.32776332648655,-9.599369488492476,0],[-77.32766286944677,-9.599320471501686,0],[-77.32759246715433,-9.599336677332195,0],[-77.32754436030821,-9.599337707138687,0],[-77.32748508288842,-9.599307798942656,0],[-77.32743151598308,-9.599249517824838,0],[-77.32737641232232,-9.59918018245026,0],[-77.32733862599557,-9.599078290520326,0],[-77.32728684168774,-9.599022348488253,0],[-77.32721420166119,-9.598959868146094,0],[-77.3271118060174,-9.598937168190115,0],[-77.3269975700924,-9.598882535335704,0],[-77.32692450699501,-9.598824596438018,0],[-77.32686693879228,-9.598760641607994,0],[-77.32684080005927,-9.598695013703551,0],[-77.32671434007632,-9.59867933325245,0],[-77.32666376698955,-9.598640523125033,0],[-77.32661941841211,-9.598509260284732,0],[-77.32654831058872,-9.59845487503436,0],[-77.3264323035723,-9.598411558734101,0],[-77.32636758579334,-9.598402547724692,0],[-77.32622700444279,-9.598274118153602,0],[-77.32610572745725,-9.598170383160218,0],[-77.32608584714697,-9.598135177908054,0],[-77.3260753028808,-9.598088986734812,0],[-77.32609017644889,-9.598036486568384,0],[-77.32608397340348,-9.597979951742852,0],[-77.32605883786745,-9.59792372276678,0]]},"properties":{"Length":5.60325314689,"Nombre_ES":"Quebrada Pumahuacanca","Nombre_EN":"Pumahuacanca creek"}},
{"type":"Feature","geometry":{"type":"LineString","coordinates":[[-77.33745593646272,-9.643267172219621,0],[-77.33743921680878,-9.643304023450648,0],[-77.33743184026189,-9.643337845623567,0],[-77.33741396272033,-9.643356971557248,0],[-77.33740506594013,-9.643384936864305,0],[-77.3373946732177,-9.64341438941673,0],[-77.33739021376049,-9.643437965897839,0],[-77.33739621610464,-9.643451229427953,0],[-77.33740522249086,-9.643471866261308,0],[-77.33742322353491,-9.643498408455539,0],[-77.33741279062069,-9.643538229238938,0],[-77.33738736474565,-9.643566249183625,0],[-77.33735445597188,-9.64359574260607,0],[-77.33728563961692,-9.643623752264345,0],[-77.33723475625625,-9.643631074355309,0],[-77.33719138478185,-9.643645785573026,0],[-77.33714653295932,-9.643653122682554,0],[-77.3371016930321,-9.643679630382547,0],[-77.33706881568975,-9.643697296509298,0],[-77.33704788645895,-9.643731201264716,0],[-77.3370284628075,-9.643759180749656,0],[-77.33701204213517,-9.643772395286668,0],[-77.33697324933713,-9.64377228585719,0],[-77.33684671721704,-9.643765943213992,0],[-77.33678891927333,-9.643761216809837,0],[-77.33670304228922,-9.64377405315066,0],[-77.33663261714636,-9.643825745236747,0],[-77.33655185181922,-9.64385780521398,0],[-77.33649644947941,-9.643850332147242,0],[-77.33642514051094,-9.643841390612513,0],[-77.33641446348769,-9.643893797390627,0],[-77.33639948111528,-9.643943330562305,0],[-77.33634109427874,-9.643971979398472,0],[-77.33630321345673,-9.643996306886914,0],[-77.33626002897057,-9.643999137419884,0],[-77.33623027947323,-9.643976277952621,0],[-77.33619179718643,-9.643976332392551,0],[-77.3361708037873,-9.64399127162589,0],[-77.33615151602642,-9.644018964562086,0],[-77.33611511445821,-9.644025722730674,0],[-77.33607617650654,-9.644062515366318,0],[-77.3360385306635,-9.64405497836504,0],[-77.3359993440305,-9.644002747135024,0],[-77.33598242085587,-9.643972033297098,0],[-77.3359319838993,-9.643910068864162,0],[-77.33588515249909,-9.643872536176156,0],[-77.33583878810053,-9.643881442976058,0],[-77.33583765719708,-9.643889751446144,0],[-77.33579632018633,-9.643942843182444,0],[-77.33574810900078,-9.64395328016318,0],[-77.33572064590909,-9.643947021752195,0],[-77.33570288810787,-9.643958710121517,0],[-77.33564316452235,-9.643915206775421,0],[-77.33561377751596,-9.64392209924012,0],[-77.33558806819507,-9.643945277748458,0],[-77.3355658258639,-9.643989387073347,0],[-77.33554918225869,-9.644026092424758,0],[-77.33550640560387,-9.644028035384629,0],[-77.33549159144633,-9.644020396342338,0],[-77.33545960941603,-9.64398115020614,0],[-77.33544915596626,-9.643953871515942,0],[-77.33541322787852,-9.643931731066148,0],[-77.33535743858242,-9.643929593380737,0],[-77.3353053104137,-9.6439273982254,0],[-77.33526018450972,-9.643938488499913,0],[-77.33521883674446,-9.643979352471256,0],[-77.33517911828224,-9.643989688592193,0],[-77.33513205051688,-9.643970918917333,0],[-77.33510725675406,-9.643936168413497,0],[-77.33509265511042,-9.643892544073445,0],[-77.33505936033902,-9.643864383903795,0],[-77.33501477540167,-9.643834511525574,0],[-77.33494800950716,-9.643823305814866,0],[-77.33491575277989,-9.643835148869057,0],[-77.3348734208466,-9.643845730415284,0],[-77.3348433552589,-9.64387924269202,0],[-77.33480272305259,-9.643898927710106,0],[-77.3347841623938,-9.643894885601123,0],[-77.33478690026428,-9.643864370745032,0],[-77.33475885528314,-9.643841027468305,0],[-77.33470953157831,-9.643830772604014,0],[-77.33468443529257,-9.643827599458026,0],[-77.3346357917178,-9.643823840771656,0],[-77.33456913291802,-9.643820794933632,0],[-77.33444887585752,-9.643784852684838,0],[-77.3343715948442,-9.643773398394611,0],[-77.334275534468,-9.64376072602025,0],[-77.33420127690005,-9.643763700100813,0],[-77.33416221818227,-9.643781577659427,0],[-77.33413446135795,-9.643838174553332,0],[-77.33410865594819,-9.643897029449176,0],[-77.3340490537298,-9.643911361997807,0],[-77.33401236609515,-9.643908230740266,0],[-77.3339546787945,-9.643894550036725,0],[-77.33391620560793,-9.643895680316726,0],[-77.33386098537562,-9.643932993506445,0],[-77.3338135034634,-9.64394733715853,0],[-77.33376528894384,-9.64390386064766,0],[-77.33372475437699,-9.643897371831722,0],[-77.33367847719126,-9.643924618081138,0],[-77.33362620246353,-9.643933875570948,0],[-77.33358783892511,-9.64390728483094,0],[-77.33355831996364,-9.64384826041671,0],[-77.3335112006202,-9.643819988500681,0],[-77.33345273798301,-9.64381357651158,0],[-77.33337156359234,-9.643861727184774,0],[-77.33331529546246,-9.64381338706522,0],[-77.33325141182962,-9.643760693371116,0],[-77.33318419376687,-9.64372823864758,0],[-77.3331216345742,-9.64374870751974,0],[-77.33305474419947,-9.643721455443314,0],[-77.33298847623637,-9.643666832669362,0],[-77.33292284943,-9.643650446070374,0],[-77.33278256154209,-9.643666488492052,0],[-77.33267716612546,-9.643696379135582,0],[-77.3326141443127,-9.643699802696034,0],[-77.33254214519401,-9.643724669404781,0],[-77.33237940466456,-9.643693646053286,0],[-77.3322983509619,-9.64365496420903,0],[-77.3321780245623,-9.643650142607365,0],[-77.3320646946504,-9.643535122104952,0],[-77.3319917513129,-9.643450325235548,0],[-77.33193874824671,-9.643378140045781,0],[-77.33179116979485,-9.643419162149197,0],[-77.33172686651852,-9.643350055992498,0],[-77.3316481863684,-9.643344842825474,0],[-77.33153450682406,-9.643320091641801,0],[-77.33137314188484,-9.643333523463035,0],[-77.33122087012836,-9.64332251792482,0],[-77.33115549745806,-9.643372618642617,0],[-77.33109733266129,-9.643335320186576,0],[-77.33100187285966,-9.643328116248039,0],[-77.33096457081174,-9.64337479617984,0],[-77.33092063931667,-9.64343129336536,0],[-77.33083630533635,-9.643417276319779,0],[-77.33074220730411,-9.643436661617203,0],[-77.33062124311627,-9.64347945825383,0],[-77.33053693710097,-9.643516010763854,0],[-77.33043924883519,-9.643502603657765,0],[-77.33038206036784,-9.643482567514727,0],[-77.33029791923087,-9.643532357273122,0],[-77.33025778745956,-9.643505615692217,0],[-77.33005836753416,-9.6435822778671,0],[-77.32986590773886,-9.643603111969034,0],[-77.329762321159,-9.64368096664376,0],[-77.3296488831601,-9.643829056517887,0],[-77.32957801833844,-9.643799519466727,0],[-77.3295368828316,-9.643820535286844,0],[-77.32953230311826,-9.643894621495368,0],[-77.329498445128,-9.643962971184937,0],[-77.32944785413892,-9.643919703770294,0],[-77.32932819242409,-9.643953265965449,0],[-77.32919715553332,-9.64396437717945,0],[-77.32907121217438,-9.64396150635507,0],[-77.32894085734856,-9.643909399880688,0],[-77.32884866893949,-9.643911410045712,0],[-77.32878775849966,-9.64387118689244,0],[-77.32870897634292,-9.643767763954543,0],[-77.32867585418397,-9.643609041723892,0],[-77.32860487709796,-9.643472137918806,0],[-77.32851120985195,-9.64344437381138,0],[-77.32839429785338,-9.643534815020551,0],[-77.32831078426977,-9.643532549296246,0],[-77.3282315472484,-9.643466117074187,0],[-77.32819579846795,-9.643456018884681,0],[-77.32818212972774,-9.643417324361446,0],[-77.32814469429066,-9.643403871051325,0],[-77.32811403909587,-9.64335848752371,0],[-77.32811403437061,-9.643353446968778,0],[-77.32812759416764,-9.643314816211415,0],[-77.32812755207449,-9.643274531412546,0],[-77.32806637647357,-9.643249366423651,0],[-77.32803237266388,-9.643192297475585,0],[-77.3279679046278,-9.643152076535797,0],[-77.32790690244094,-9.643116925866932,0],[-77.32786970951273,-9.64307012020232,0],[-77.32782741296961,-9.643053421036928,0],[-77.32776978076384,-9.643078469080498,0],[-77.32770721337509,-9.643098488797817,0],[-77.32766167231976,-9.643080110806965,0],[-77.32761113739711,-9.64305341389687,0],[-77.32757419260169,-9.642976760333207,0],[-77.32754561152406,-9.64293514054516,0],[-77.32749144834828,-9.642958444030716,0],[-77.32746276984177,-9.642946791098584,0],[-77.32740716597186,-9.642913509020806,0],[-77.3273209465112,-9.642925155452735,0],[-77.32725530698954,-9.642981808234062,0],[-77.3272067934609,-9.643033432934548,0],[-77.32715332751535,-9.64302845304419,0],[-77.32714998823431,-9.643030116690289,0],[-77.3271299581102,-9.642983570428266,0],[-77.32708020678548,-9.642880646694408,0],[-77.32707431466619,-9.642811101575441,0],[-77.32705480918366,-9.642802992943613,0],[-77.32702019672742,-9.642809486902294,0],[-77.32696256479008,-9.642811103170713,0],[-77.32689360954188,-9.64275440598677,0],[-77.32681838876798,-9.642736727367115,0],[-77.32673004938007,-9.642783600982014,0],[-77.32662202239163,-9.64282880954406,0],[-77.32656063499448,-9.64280619567356,0],[-77.32650182108185,-9.64276603519092,0],[-77.32650728317871,-9.642708345213409,0],[-77.32651867279208,-9.642689101858654,0],[-77.32647784185133,-9.642641456725194,0],[-77.32641664313945,-9.642599021724546,0],[-77.32637998945786,-9.642545761341289,0],[-77.32627742259795,-9.642531311507543,0],[-77.32627586657756,-9.642531329056508,0],[-77.32619649035568,-9.642589943936775,0],[-77.32613268169294,-9.642546791448266,0],[-77.3260387499356,-9.642560543748443,0],[-77.3259339664455,-9.642520185220059,0],[-77.32583920720529,-9.642433608328993,0],[-77.32576624421374,-9.642358148852189,0],[-77.32567750860527,-9.642349748128716,0],[-77.32561391831247,-9.642298774425251,0],[-77.32550295788057,-9.642295510332367,0],[-77.32543453757722,-9.642272034834978,0],[-77.32535991984807,-9.642191849583075,0],[-77.3252260608382,-9.642274174406033,0],[-77.32517844289177,-9.642292691626947,0],[-77.3250808126239,-9.642279324992975,0],[-77.32499832194749,-9.642249245845829,0],[-77.32488115621801,-9.642176994361623,0],[-77.32480144900359,-9.642185534618635,0],[-77.3247584577477,-9.642144944317018,0],[-77.32473729249391,-9.642053737539028,0],[-77.32467760004626,-9.642022128371812,0],[-77.3245837672672,-9.642013724417856,0],[-77.32444835677013,-9.641961384133248,0],[-77.32436608996437,-9.641940572218104,0],[-77.32423844766512,-9.641890827094887,0],[-77.32416262139492,-9.641893002380277,0],[-77.32407493897045,-9.641940844476729,0],[-77.32401982276778,-9.641951282145266,0],[-77.32395932996431,-9.641932606949748,0],[-77.32386502338723,-9.64193271370453,0],[-77.32375239028293,-9.642003631554878,0],[-77.32369988506018,-9.642059819103165,0],[-77.32369884731207,-9.64212439700357,0],[-77.32362695915536,-9.642180979586838,0],[-77.32356799613578,-9.642228838370746,0],[-77.32351824109926,-9.64221929033958,0],[-77.32337027510144,-9.642182040660614,0],[-77.32324803681495,-9.642166166645636,0],[-77.32317210949623,-9.642216098172556,0],[-77.32303951438737,-9.642199843697671,0],[-77.32292025203293,-9.642204401276759,0],[-77.3228226798696,-9.642141855704956,0],[-77.32271132861266,-9.642135107072914,0],[-77.32261251560139,-9.64209947159241,0],[-77.32246913740518,-9.642141726300855,0],[-77.32233255672732,-9.642128440516409,0],[-77.32217818050609,-9.642220286409483,0],[-77.32209380390613,-9.642292261432782,0],[-77.32202409278673,-9.642262632815424,0],[-77.32185978991907,-9.642295546955802,0],[-77.32176809893694,-9.642257730408089,0],[-77.32166952480733,-9.642159320727513,0],[-77.32157277374586,-9.642144398549641,0],[-77.32133342393968,-9.64206466631194,0],[-77.32117556191984,-9.642044912749446,0],[-77.32111908044416,-9.642001345242413,0],[-77.32100690620221,-9.641968896655431,0],[-77.3209377124949,-9.641926021294518,0],[-77.32088207539188,-9.641964802807497,0],[-77.3207943292991,-9.641953290732534,0],[-77.32075463839062,-9.642012837691299,0],[-77.32067684449737,-9.642016732206375,0],[-77.32053130762347,-9.641967798650695,0],[-77.32028449095081,-9.64187538971104,0],[-77.32006699516742,-9.641821649535629,0],[-77.31977983012325,-9.641768576434103,0],[-77.31971491648666,-9.641793082379175,0],[-77.31969866439559,-9.64187960299501,0],[-77.31967285290716,-9.641923638729798,0],[-77.31963410604433,-9.641881418003148,0],[-77.31960838108157,-9.641829755850576,0],[-77.31949642600767,-9.641760754665725,0],[-77.31935701150685,-9.641685661177856,0],[-77.31915920915714,-9.641680145113192,0],[-77.31905735697157,-9.641778646626802,0],[-77.31894183958912,-9.641831962054079,0],[-77.31881694397205,-9.641899046552469,0],[-77.31869290297432,-9.641890613268174,0],[-77.3186431353189,-9.641981624787311,0],[-77.31857472673256,-9.64201775012351,0],[-77.31846852122942,-9.641970496439106,0],[-77.31839527877759,-9.641921449089917,0],[-77.31825697290795,-9.641884680931087,0],[-77.31809139910133,-9.641868817574773,0],[-77.31782814957668,-9.641930494599746,0],[-77.31763873249997,-9.641958011544121,0],[-77.31763417932964,-9.641957862641247,0],[-77.31742634527001,-9.641979642036052,0],[-77.31724918251152,-9.64214892842191,0],[-77.3172072155917,-9.642317269055814,0],[-77.31720246442839,-9.642543682566584,0],[-77.31713591187766,-9.642768809305943,0],[-77.31707596671276,-9.64307535747363,0],[-77.31696771196167,-9.643143812745466,0],[-77.31683077199497,-9.643224982147602,0],[-77.31673380000676,-9.643336332696808,0],[-77.31671285719693,-9.643501802509881,0],[-77.31667623400268,-9.643682035781527,0],[-77.3166372480731,-9.643817204889821,0],[-77.31660479068016,-9.643993660796365,0],[-77.31647173047901,-9.644058415797266,0],[-77.31634698437104,-9.64401603292523,0],[-77.31619898624247,-9.644023363426472,0],[-77.3161950963676,-9.644023347832754,0],[-77.31604363939897,-9.64407638477301,0],[-77.3159737362083,-9.644183569559328,0],[-77.31586916816805,-9.644209889666184,0],[-77.31579180594237,-9.644182772914906,0],[-77.315640749168,-9.644236074352762,0],[-77.3155399129284,-9.644411956364246,0],[-77.31543287825669,-9.644414334522804,0],[-77.31510916461414,-9.64447537192121,0],[-77.31496473801361,-9.644512022262935,0],[-77.31482148972984,-9.644573428037784,0],[-77.31475022276044,-9.644536220995546,0],[-77.3146423741057,-9.64447769425558,0],[-77.31438078626104,-9.644478164009838,0],[-77.31428724274085,-9.644462302354148,0],[-77.31420603006403,-9.644527264129973,0],[-77.3141670978201,-9.644493987519066,0],[-77.31411956894983,-9.644374501682403,0],[-77.31414671912654,-9.644229615388914,0],[-77.31416779117943,-9.644126386307464,0],[-77.3140458384385,-9.644138000375296,0],[-77.31397766360635,-9.64418190765598,0],[-77.31386291650968,-9.644108381546278,0],[-77.31375080671667,-9.644169660187753,0],[-77.31363693616065,-9.644230534358655,0],[-77.31347376885816,-9.644180629747488,0],[-77.31321453112075,-9.644049901148776,0],[-77.31299059142604,-9.643968934981277,0],[-77.31289210813043,-9.643873544881988,0],[-77.31285438367958,-9.6437370659504,0],[-77.31277527119573,-9.643625750279115,0],[-77.31267561694726,-9.643473731272348,0],[-77.31251404436938,-9.64337533425396,0],[-77.31220322343088,-9.64340803246374,0],[-77.31205815027224,-9.643477501241668,0],[-77.31190567287263,-9.64344857978823,0],[-77.31163796577442,-9.643493029671367,0],[-77.31134171866448,-9.643544406608175,0],[-77.31108301622271,-9.643606838582057,0],[-77.31073587373149,-9.64349951255277,0],[-77.31048896800027,-9.643422396797844,0],[-77.31043250103812,-9.643368226956456,0],[-77.31035948152639,-9.643356258493489,0],[-77.31030349240405,-9.643241137518395,0],[-77.3102549092191,-9.64316892302416,0],[-77.31018946639107,-9.643149754538184,0],[-77.31011469906507,-9.643104378068747,0],[-77.31004103146722,-9.643064156953644,0],[-77.30996390941205,-9.643005679309512,0],[-77.3098869362844,-9.642992170284707,0],[-77.30985089351628,-9.643043705885473,0],[-77.30980607209266,-9.64307192227129,0],[-77.30972308882681,-9.643065173924567,0],[-77.30965328425242,-9.643097913685914,0],[-77.30959789439207,-9.643116574135103,0],[-77.30953935634925,-9.643045039018977,0],[-77.30943879721917,-9.642986169674284,0],[-77.30935175440986,-9.642961599435983,0],[-77.30922165098286,-9.642980105181987,0],[-77.30912539784543,-9.64300752219442,0],[-77.30909551752922,-9.643096190099909,0],[-77.3090435395956,-9.643171713719601,0],[-77.30891514558893,-9.64320280532664,0],[-77.30882509002444,-9.643294189253234,0],[-77.30885886027956,-9.643399377861575,0],[-77.30886419483669,-9.643494868145885,0],[-77.3088384455146,-9.643510971488487,0],[-77.30877734626647,-9.643498981951044,0],[-77.30872897143588,-9.643586616247637,0],[-77.30866726923249,-9.64369653252404,0],[-77.30860216955736,-9.643665838721283,0],[-77.30852658026669,-9.64370614326554,0],[-77.30843888947277,-9.643795220790643,0],[-77.30837514567911,-9.643870285274131,0],[-77.30836430942384,-9.643893256639352,0],[-77.30832470940727,-9.643863152798184,0],[-77.30828704138126,-9.643871957930703,0],[-77.30823690812466,-9.643917845324797,0],[-77.3082333265086,-9.643917840540993,0],[-77.30819401338223,-9.643972059680198,0],[-77.30819044666747,-9.643972052037357,0],[-77.3081465276416,-9.644087321781928,0],[-77.30807812664969,-9.64414193906487,0],[-77.30801007081396,-9.644161812071834,0],[-77.3079517720098,-9.64421000689898,0],[-77.30785618412449,-9.644225017321723,0],[-77.3077952825518,-9.644219738692081,0],[-77.30770702139668,-9.644238126170675,0],[-77.30764114740515,-9.644272061029906,0],[-77.30762021813362,-9.64429264021532,0],[-77.30761831052442,-9.644292635997363,0],[-77.3075229954947,-9.644292425620428,0],[-77.30748335964732,-9.644329596348829,0],[-77.30743605100612,-9.644389365180421,0],[-77.30736650363994,-9.64441283027891,0],[-77.30726566005224,-9.644461702932691,0],[-77.30716911915685,-9.644538435824725,0],[-77.307094886505,-9.644560802759715,0],[-77.30704503075734,-9.644566833748444,0],[-77.30692658286935,-9.644616722718654,0],[-77.30688585418217,-9.644601564916929,0],[-77.30683887416761,-9.644502225553428,0],[-77.30678159943955,-9.644472631874057,0],[-77.30672667906127,-9.644476627446886,0],[-77.30665085576956,-9.64453474999632,0],[-77.30660880334405,-9.644603281551598,0],[-77.30655116254371,-9.644676688066042,0],[-77.30647183804834,-9.644740416365536,0],[-77.30640655913939,-9.644759712788673,0],[-77.30635777847142,-9.644777254245174,0],[-77.30628964793067,-9.644818301496105,0],[-77.30623399438007,-9.64483906628859,0],[-77.30618850618968,-9.644884298989352,0],[-77.30618123135822,-9.644968394852027,0],[-77.30614637171068,-9.645040601730885,0],[-77.3061150490123,-9.645104639902074,0],[-77.30604238902349,-9.645142906475897,0],[-77.30592336758005,-9.645150418399663,0],[-77.30582015238572,-9.645193624425442,0],[-77.3057970015372,-9.64524961643785,0],[-77.30574033468969,-9.645297888422418,0],[-77.30573776102723,-9.645300428112266,0],[-77.30567448791159,-9.645345325804312,0],[-77.30558739894472,-9.645355206184998,0],[-77.30551392384999,-9.64537738835407,0],[-77.30546681727617,-9.645411843667318,0],[-77.30543533915277,-9.645448595806702,0],[-77.30537929307764,-9.645453562042611,0],[-77.3053075584977,-9.645451182186159,0],[-77.30525339052895,-9.64543381327913,0],[-77.30517336986233,-9.64540642162591,0],[-77.30511018599505,-9.645366665285927,0],[-77.30507470863557,-9.645326839297034,0],[-77.30506597848084,-9.645230824814053,0],[-77.30502276771593,-9.645154759699343,0],[-77.30496183151752,-9.645101540139066,0],[-77.30487057468046,-9.645033219260872,0],[-77.3047643318625,-9.644987777760594,0],[-77.30468859071031,-9.644939878926742,0],[-77.30461855237462,-9.644891531849247,0],[-77.30455940406259,-9.64480929604883,0],[-77.30452986608965,-9.644753697487968,0],[-77.30446819113541,-9.644750855290596,0],[-77.30438524789241,-9.64476640127849,0],[-77.3043291799147,-9.644797808873756,0],[-77.30425457215105,-9.644815926440714,0],[-77.30419075828611,-9.644786746211107,0],[-77.30414298005826,-9.644741920117147,0],[-77.30409262340915,-9.644723394034523,0],[-77.30403441289074,-9.64478090616155,0],[-77.30397894559614,-9.644793796410573,0],[-77.30391040293112,-9.644764742667727,0],[-77.30384988964775,-9.644727931466035,0],[-77.30378948922645,-9.644709471773576,0],[-77.30371611012691,-9.64467797112349,0],[-77.30367686847566,-9.644641384269365,0],[-77.3036613654758,-9.644591820190524,0],[-77.30363025015747,-9.644555322611065,0],[-77.30347877319268,-9.644578684960816,0],[-77.30339572751765,-9.644622763800454,0],[-77.30332348380784,-9.644666720963366,0],[-77.30329261972732,-9.644684778356122,0],[-77.30324588734449,-9.644638094487028,0],[-77.30318372648293,-9.644560391139827,0],[-77.3031171255577,-9.644552609380769,0],[-77.30305375268044,-9.644586131985816,0],[-77.30301371109695,-9.64464018739131,0],[-77.30298840509988,-9.644645279204312,0],[-77.30293406079443,-9.644595341388735,0],[-77.30286839226763,-9.644582187310675,0],[-77.30280945268633,-9.644579840728587,0],[-77.30277033963654,-9.644603312090569,0],[-77.30274218212507,-9.644626771503656,0],[-77.30270752219172,-9.644635170813066,0],[-77.30266846184406,-9.644611442496482,0],[-77.30262716173657,-9.644568478254703,0],[-77.30259891027178,-9.644538416608015,0],[-77.30255339296195,-9.64450404781234,0],[-77.30251465288582,-9.644516835572084,0],[-77.30250832392527,-9.644533933332642,0],[-77.30252807245495,-9.644578841936358,0],[-77.30250025435048,-9.6446343154529,0],[-77.30238380464613,-9.64466183407005,0],[-77.30230223408321,-9.644697832399729,0],[-77.30225347146104,-9.644759226958117,0],[-77.30219378524369,-9.644797176158383,0],[-77.30210178814495,-9.644818081169046,0],[-77.30198660456628,-9.644849420489649,0],[-77.30193968119515,-9.644857720397681,0],[-77.30186835166714,-9.644819625349863,0],[-77.30180560891122,-9.64480758661993,0],[-77.30175894302438,-9.64481411030033,0],[-77.30170238179272,-9.644840327122177,0],[-77.30164720223699,-9.644812424359921,0],[-77.30160187861533,-9.644764766617913,0],[-77.30156984499062,-9.644715387225485,0],[-77.30150459002007,-9.644697261518292,0],[-77.30141637258777,-9.644697261966165,0],[-77.30138347709338,-9.644736750922958,0],[-77.30134883880109,-9.64476138758381,0],[-77.30133364155364,-9.644735091445076,0],[-77.30133122574041,-9.644659387212005,0],[-77.3013094492422,-9.644614917460345,0],[-77.30126648116618,-9.644606745523168,0],[-77.30118197164977,-9.644603531610239,0],[-77.3010968768278,-9.644608637529998,0],[-77.30103000499206,-9.644574582853357,0],[-77.3009757902712,-9.644556096005044,0],[-77.30092195924496,-9.6445382458005,0],[-77.30089704317044,-9.644506322107059,0],[-77.30089210423891,-9.644432262334718,0],[-77.30087290504959,-9.644372728529218,0],[-77.30083753379357,-9.64435886883777,0],[-77.300802076985,-9.644369463061155,0],[-77.30075262861297,-9.644374869741549,0],[-77.30068181190086,-9.644408186388633,0],[-77.30064092563912,-9.64443791957127,0],[-77.30060220742786,-9.644439710595364,0],[-77.30056327731918,-9.644380713819462,0],[-77.30051571336577,-9.64439641033313,0],[-77.30045452162629,-9.644415642976268,0],[-77.30041585388126,-9.644441740064336,0],[-77.30038453599833,-9.64445393570947,0],[-77.30035423193935,-9.644438411400808,0],[-77.30031559006038,-9.644466153152376,0],[-77.30028286714217,-9.644512993232828,0],[-77.30028127419992,-9.644551318907068,0],[-77.30026264043872,-9.644586241307644,0],[-77.3002136297841,-9.644608821157034,0],[-77.30014971457393,-9.644627749144066,0],[-77.30010358875141,-9.644669180360872,0],[-77.30002218907991,-9.644747217089215,0],[-77.29996262903676,-9.644793232593907,0],[-77.29991068837896,-9.644831911496288,0],[-77.29982926801416,-9.644809651594036,0],[-77.29978991693669,-9.644765870333249,0],[-77.29973592618695,-9.644770584105588,0],[-77.29966244483303,-9.644792167627157,0],[-77.29958668037732,-9.644818527305958,0],[-77.29954031770254,-9.64484252152412,0],[-77.29943817811059,-9.644822864328116,0],[-77.29938482881617,-9.644810647092354,0],[-77.29930486855754,-9.644841660019953,0],[-77.29923722016535,-9.644851023337907,0],[-77.29919382920703,-9.644850857560169,0],[-77.29911931868884,-9.644831390564246,0],[-77.29906553300009,-9.644817116224928,0],[-77.2989674411594,-9.644822124039703,0],[-77.29884026259515,-9.64485346832508,0],[-77.29871499689636,-9.644853705791832,0],[-77.29859184794334,-9.6448347129925,0],[-77.29845666015034,-9.644834871801079,0],[-77.29840623336891,-9.644827505641553,0],[-77.29833895319953,-9.644765762769023,0],[-77.29825567951127,-9.644742947535432,0],[-77.29814278790352,-9.644777081506941,0],[-77.29806016445558,-9.644820178840368,0],[-77.29797106912557,-9.644854023350987,0],[-77.29781860333837,-9.64480176679495,0],[-77.29771678451581,-9.64480391661772,0],[-77.29766513436228,-9.644821849190693,0],[-77.29762692177238,-9.644887002605266,0],[-77.29758669224763,-9.64494974328031,0],[-77.29756437645625,-9.644976557952354,0],[-77.29750678776658,-9.644955950287391,0],[-77.29745169142012,-9.64490188765444,0],[-77.29739882311851,-9.644915026659557,0],[-77.29735042231614,-9.644923705587566,0],[-77.29732624211705,-9.645001540574038,0],[-77.29730859641352,-9.64505486614062,0],[-77.29724966631642,-9.645069842900766,0],[-77.29720617535365,-9.645076046679739,0],[-77.29714560286081,-9.645070943855863,0],[-77.29709211470094,-9.645059520012637,0],[-77.29706605484385,-9.645035544383276,0],[-77.29701607145708,-9.645043061310387,0],[-77.296986161877,-9.645086204637966,0],[-77.29697023502119,-9.645149109539128,0],[-77.29693247807613,-9.645174267197444,0],[-77.29691073126214,-9.645215153238919,0],[-77.29688112201168,-9.64523620887671,0],[-77.29684566614766,-9.645243422576568,0],[-77.29681423358493,-9.64524678067625,0],[-77.296794721974,-9.645293225700533,0],[-77.29675572511556,-9.645315726916488,0],[-77.29671963965214,-9.64537594495773,0],[-77.29665169961072,-9.645431371025305,0],[-77.29657208466723,-9.645470486504117,0],[-77.29646972071679,-9.645474628869474,0],[-77.29637402039093,-9.645463712049322,0],[-77.29622066858782,-9.645413063711082,0],[-77.29611972619988,-9.645297335864258,0],[-77.29601807301974,-9.645229255334925,0],[-77.29591959032471,-9.645196840558558,0],[-77.29583576483228,-9.645138882804321,0],[-77.29576984739938,-9.64510214474979,0],[-77.29559568630376,-9.645080011190009,0],[-77.29535028525484,-9.645047353115839,0],[-77.29521820701424,-9.645003113904536,0],[-77.29511796451429,-9.644977745109776,0],[-77.29499864967963,-9.645007074812172,0],[-77.29489080417174,-9.645044090734041,0],[-77.29472688667786,-9.645056804180758,0],[-77.29459878487569,-9.645052059069846,0],[-77.29450064202773,-9.6449556758562,0],[-77.29441619612635,-9.64492483893708,0],[-77.29431289706925,-9.645016332119646,0],[-77.29428034497006,-9.645125383578167,0],[-77.29419628479965,-9.645176970178525,0],[-77.29407507377375,-9.645137399474457,0],[-77.2939119277228,-9.645337105595443,0],[-77.29378433630488,-9.645408229340902,0],[-77.29369829021617,-9.645453016357338,0],[-77.29356883611518,-9.645473433829626,0],[-77.29329475701081,-9.645373974515575,0],[-77.29314592373609,-9.64530382907607,0],[-77.29295335792087,-9.645346727163536,0],[-77.29278755924115,-9.645449124449534,0],[-77.29269348566014,-9.64550199584175,0],[-77.29249750431414,-9.645486957858944,0],[-77.29236816911758,-9.645576590617184,0]]},"properties":{"Length":6.16475852332,"Nombre_ES":"Quebrada Araranca","Nombre_EN":"Araranca creek"}},
{"type":"Feature","geometry":{"type":"LineString","coordinates":[[-77.3455571712436,-9.642883325236165,0],[-77.3455249565829,-9.642805811412423,0],[-77.34543279122934,-9.642796235124058,0],[-77.3453552842171,-9.642792001932813,0],[-77.34525536699644,-9.642849774173895,0],[-77.34521549476665,-9.642852170335976,0],[-77.34522584622583,-9.642560029334616,0],[-77.34518510568572,-9.64254578774291,0],[-77.34504424656508,-9.64262902051509,0],[-77.34495983762507,-9.642647340430509,0],[-77.34486512866842,-9.642586682922428,0],[-77.34476517498699,-9.642472824993117,0],[-77.34470249364115,-9.642135302440836,0]]},"properties":{"Length":0,"Nombre_ES":null,"Nombre_EN":null}}
]}
